Rbr;Tekst;Odgovor;Tezina
1;Koji je stripovski junak rođen u Valletti 10. srpnja 1887. kao sin britanskog mornara iz Cornwalla i ciganske vještice iz Andaluzije, a prvi se put pojavio u Baladi o slanome moru?;CORTO MALTESE;2
2;Ime kojega bi se vojskovođe i jednoga od najvećih antičkih stratega s njegova materinskog jezika moglo prevesti kao "dar Baalov" ili milost Baalova"?;HANIBAL Barka;2
3;Koja se najkraća i najjednostavnija riječ u Morseovu kodu sastavljena od triju kratkih, triju dugih i još triju kratkih signala koristi kao međunarodni signal za pomoć?;SOS;1
4;Po kojem je češkom studentu nazvan asteroid broja 1834, koji je u hamburškom opservatoriju 1969. godine otkrio astronom Luboš Kohoutek?;Jan PALACH;4
5;Biznismen i pisac Dimitrios Vikelas upamćen je kao prvi predsjednik koje međunarodne sportske organizacije, na čijem je čelu bio od 1894. do 1896. godine?;MEĐUNARODNI OLIMPIJSKI ODBOR;4
6;Koja je najveća živuća vrsta glodavaca, čije ime na gvaranskom jeziku znači vlasnik trava"?;KAPIBARA/VODENPRASE;3
7;Koja je sovjetska videoigrica na Zapad lansirana 1986. godine pod marketinškim sloganom "From Russia with Love"?;TETRIS;2
8;Koje je čuveno natjecanje ljepote, jedno od četiriju najznačajnijih te vrste u svijetu, 1951. godine pokrenuo Britanac Eric Morley?;Izbor za MISS SVIJETA;2
9;Na kojem se polju u Lici 1493. godine dogodila bitka u kojoj je osmanska vojska pod vodstvom bosanskog sandžak-bega Hadum Jakub-paše porazila hrvatsku feudalnu vojsku pod zapovjedništvom bana Emerika Derenčina?;KRBAVSKO polje;3
10;Na kojem je TV kanalu, koji je s emitiranjem počeo prvog kolovoza 1981. godine, nakon uvodnog priloga prvi prikazani spot bio onaj za pjesmu Video Killed the Radio Star dvojca The Buggles?;MTV;1
11;Vaganova, Cecchetti, Bournonville i Balanchine međunarodno su priznate metode treniranja i podučavanja koje forme izvedbene umjetnosti?;BALET;4
12;U značenju "sveto" ili "zabranjeno" na tonganskom jeziku, koji no označava zabranjen predmet, radnju ili riječ koji proizlaze iz se četveroslovni pojam javlja u gotovo svim kulturama i originalnepovredivosti i posvećenosti nekih osoba, životinja ili mjesta?;TABU;2
13;Koja je pop-pjevačica početkom 2019. pjesmama 7 Rings, Break Up With Your Girlfriend, I'm Bored i Thank U, Next u istom tjednu zasjela na prva tri mjesta ljestvice Billboard Hot 100, čime je ušla u povijest kao prva s tim uspjehom još od Beatlesa 1964.?;Ariana GRANDE;2
14;U koje se naselje – dvadesetak kilometara udaljeno od središta Los Angelesa nakon ulične tučnjave iz Philadelphije preselio William Smith, u televizijskoj seriji originalno emitiranoj na NBC-ju od 1990. do 1996. godine?;BEL AIR;1
15;Na preporuku Matice ilirske, ep kojega je baroknog književnika dopunio Ivan Mažuranić napisavši 14. i 15. pjevanje?;Ivan GUNDULIĆ;3
16;Koji je kviz, po mnogima najpopularniji u Hrvatskoj i zemljama bivše Jugoslavije, počinjao pjesmom Child of Vision britanske grupe Supertramp?;KVISKOTEKA;3
17;Tko je nekoliko mjeseci prije smrti 2013. godine napisao pismo ruskom svećeniku u kojemu je stajalo: "Stalno me muči isto neodgovoreno pitanje ako je moja puška oduzela ljudske živote, jesam li onda ja... kršćanin i pravoslavac, odgovoran za te smrti?";Mihail KALAŠNJIKOV;4
18;Kako se zvala rimska svečanost i državni blagdan u čast ocu vrhovnog rimskog boga tijekom prosinca, kada su se nakon završetka svih poljodjelskih poslova priređivale gozbe, pijanke i medusobna darivanja?;SATURNALIJE;4
19;Koji je oko 800 kilometara dug hodočasnički put Vijeće Europe 1987. godine proglasilo prvom europskom kulturnom rutom?;Put SVETOG JAKOVA / CAMINO de Santiago;4
20;Kako se zove jedno od najdojmljivijih zviježđa, čijih sedam najsjajnijih zvijezda predstavlja ramena i koljena mitskog diva, a još tri zvijezde njegov pojas? Zbog svog specifičnog položaja zviježde je vidljivo sa svih strana svijeta.;ORION/LOVAC;4
21;Kako nazivamo najmanju smještajnu jedinicu površine 20 40 m2, koja se sastoji od jedne prostorije s više funkcija, a ime joj dolazi od francuske riječi za "momka" ili "dečka"? Nekada se taj smještaj odnosio isključivo na momački stan, malu stambenu jedinicu predviđenu isključivo za muškarce jer nije imala kuhinju.;GARSONIJERA (fr. garçon mladić, momak);3
22;Kako bi "kompletirao" slavnu hrvatsku petorku, tko se u rujnu 2021. godine u Springfieldu priključio Mirku Novoselu, Kreši Ćosiću, Draženu Petroviću i Dinu Radi?;Toni KUKOČ;4
23;Prosječna joj duljina zauzima gotovo 27 posto visine ljudskog tijela i s pomoću nje dosta je pouzdano ustanoviti visinu ljudi bez obzira na etničku pripadnost, pa je korisna u antropologiji zbog određivanja visine iz nepotpunih kostura. Kako se zova ta najdulja i najčvršća kost u ljudskom tijelu?;BEDRENA/NATKOLJENIČNA/FEMUR;1
24;Kako se zove amaterska sportska utrka tradicionalnih autohtonih plovila u dolini Neretve, koja se od 1998. godine održava druge subote u kolovozu, na relaciji dugoj 22 500 metara?;MARATON LAÐA;3
25;Koju je mladu ekološku aktivisticu časopis Time proglasio osobom 2019. godine, čime je postala najmlađa osoba koja se ikad našla na toj poziciji?;Greta THUNBERG;2
26;Koji je trovolumenski, izduženi, najčešće luksuzni automobil s nepokretnim krovom nazvan po dugačkim kaputima pastira iz bivše francuske administrativne regije čije je središte bio grad Limoges?;LIMUZINA (regija Limousin);2
27;Spot s amsterdamskog rock-festivala, u kojem su na engleski prepjevali jedan od svojih najvećih hitova, kojeg je benda 1988. godine postao prvi videospot nekog izvođača s područja bivše Jugoslavije prikazan na MTV-u?;PSIHOMODO POP;3
28;Temeljena na istoimenom bestseleru Anthonyja Bourdaina, kako se zove humoristična serija koja otkriva tajne poslovanja restorana uz zabavnu priču o darovitom kuharu (Bradley Cooper) s problemom ovisnosti, ali odlučnom vratiti se na gastronomski vrh?;DOSJE KUHINJA / KITCHEN CONFIDENTIAL;3
29;Neki smatraju da je to aluzija na besmislene, prve dječje riječi, dok jedna priča kaže da su 1916. godine njemački pjesnici Richard Huelsenbeck i Hugo Ball jedne večeri u francusko-njemački riječnik zabili nož čija je oštrica ostala na kojoj četveroslovnoj riječi u značenju"drveni konjić" i tako nadjenula ime novom umjetničkom pravcu?;DADA(izam);3
30;Uz koji se poluotok vezuje jedinstveni sustav glazbene notacije jeong-gan-bo, prvi istočnoazijski glazbeni sustav koji je notnim zapisom prikazao ritam, dinamiku i mjeru, nastao u vrijeme Se-jonga Velikog?;KOREJSKI;4
31;Kako se zove dio pisanog teksta u nekoj kazališnoj drami u kojem se nalaze kratki opisi scena, likova te općenito upute glumcima i redateljima, uvijek pisan u kurzivu?;DIDASKALIJE;2
32;Koje je godišnje doba u naslovu Botticellijeva djela, personificirano likom Venere u pratnji triju muza, Merkura te Zefira, Klorise i Flore?;PROLJEĆE;2
33;Kako se prezivaju poznata literarna braća Dmitrij, Ivan i Aljoša u remek-djelu iz 1880. godine, ujedno i posljednjem autorovu romanu?;KARAMAZOV;2
34;Koji je Kurosawin film iz 1950. godine, nastao po kultnoj kratkoj priči, posebno zainteresirao zapadnu publiku za japansku kinematografiju te u japanskom filmu obnovio žanr jidai-geki, tradicionalnu povijesnu dramu?;RAŠOMON;3
35;Kći moćnog velikaša i hrvatskog bana Hermana II. Celjskog, a udana za cara a Žigmunda Luksemburškog, kako se zvala kraljica Hrvatske, Ugarske i Češke te carica Svetog Rimskog Carstva?;BARBARA Celjska;4
36;Uzrokovana devalvacijom meksičkog pesosa krajem 1994. godine, ekonomska kriza u Meksiku imala je snažne implikacije na ekonomije Brazila, Argentine i cijelog juga Latinske Amerike, što je kolokvijalno poznato kao efekt kojeg alkoholnog pića?;TEKILA;4
37;Kako se zove najstariji aktivni svjetionik na Jadranu te ujedno najsjeverniji u Hrvatskoj, izgrađen 1818. godine na istoimenom rtu?;SAVUDRIJA;5
38;Da bi burbon-viski bio burbon, mora biti proizveden u SAD-u i mora biti proizveden od smjese koja sadrži najmanje 51 % koje biljke iz porodice trava?;KUKURUZ;4
39;Dobivši krajem siječnja 2020. godine zadatak da osmisle ilustraciju koja će privući pozornost javnosti, Alissa Eckert i Dan Higgins su u obliku srebrnkaste kugle sa zagasitocrvenim bodljikama ("pipcima") napravili uvećani prikaz čega?;KORONAVIRUS (SARS-CoV-2);2
40;Koji je bivši australski plivač peterostruki zlatni olimpijac i s pet medalja najuspješniji na Olimpijskim igrama u Sidneyju nosio nadimak"Thorpedo"?;Ian THORPE;3
41;Podrijetlom iz Andaluzije, kako se zove hladna juha s povrćem, najčešće na bazi rajčica?;GAZPACHO;3
42;Znanstvenog imena Macrocystis pyrifera, divovski kelp, koji može narasti i više od 30 metara, a u danu čak i do 60 cm, najveći je svjetski primjerak koje vrste organizama?;ALGE;2
43;Nazvane po škotskom fizičaru, pod kojim su nazivom poznate četiri temeljne jednadžbe elektromagnetizma koje povezuju električna i magnetska polja sa strujama i električnim nabojima koji stvaraju ta polja?;MAXWELLOVE jednadžbe;1
44;Koji grad, najnapučeniji na južnoj hemisferi, često nazivaju "New Yorkom Južne Amerike"?;SÃO PAULO;4
45;Za ime kojeg je Appleova proizvoda, predstavljena 2001. godine, Vinnie Chieco inspiraciju pronašao u jednoj frazi iz filma 2001: Odiseja u svemiru?;iPOD;3
46;Po kojoj se velikoj rijeci zvao savez šesnaest njemačkih država, utemeljen 1806. godine kao francuski protektorat, na čijem se čelu nalazio nadbiskup Mainza Karl T. A. M. von Dalberg?;RAJNA;4
47;Koji poznati dnevni sportski list, pokrenut 1896. godine, na naslovnici ima moto"Tutto il rosa della vita" i, simbolično, tiska se na ružičastom papiru?;La GAZZETTA DELLO SPORT;5
48;Jacquesa Offenbacha, Karla Millockera i Johanna Straussa mlađeg ponajprije vezujemo uz koji glazbeno-scenski oblik?;OPERETA;3
49;Kojoj popularnoj TV seriji uvodna pjesma svake epizode z počinje stihovima Our whole universe was in a /Then nearly fourteen billion years ago expansion started, wait/The Earth began to cool, the autotrophs began to  rock-benda Barenaked Ladies?;TEORIJA VELIKOG PRASKA / BIG BANG THEORY;1
50;Iskazavši minijaturnu umjetnost u bogatstvu invencije, dekoracijama i figuralnim prikazima te majstorskom crtežu, koji je hrvatski slikar iz 16. stoljeća prozvan"Michelangelom minijature"?;Juraj Julije KLOVIĆ;4
51;S koje su planine u Južnoj Dakoti Gutzon Borglum i nekoliko stotina radnika od 1927. do 1941. godine"uklonili" više od 400 tisuća tona granita kako bi isklesali monumentalno djelo sastavljeno od četiriju glava?;Mount RUSHMORE;2
52;Na sceni poznata pod svojim osobnim imenom, koje je nacionalnosti nagradivana kantautorica Anouk Teeuwe koja je 2013. Eurosongu?;NIZOZEMSKA;5
53;Iako je ostavio više od milijun riječi u tekstu, poznato je samo četrnaest riječi kojega pisca napisanih vlastitom rukom njegovo ime i prezime potpisano šest puta i riječi"od mene (by me)" na oporuci iz 1616. godine?;William SHAKESPEARE;2
54;Na UNESCO-ovu popisu kulturne baštine od 1987. godine, na sjeveru koje se države nalazi selo Hollókő, jedno od najznamenitijih srednjovjekovnih mjesta, živi primjer ruralnog života prije agrarne revolucije u 20. stoljeću?;MAĐARSKA;4
55;Vjenčanje koje je, tada dvadesetogodišnje kraljice, 1840. godine pokrenulo trend bijelih vjenčanica?;VIKTORIJA;3
56;Koji je hrvatski grad – u vrijeme talijanske vladavine poznat kao Abbazia 1931. godine ugostio lokalnu autoutrku, nazvanu Preluk po dubokoj uvali u blizini, a 1939. natjecanje je, uz svesrdnu podršku Benita Mussolinija, dobilo međunarodni karakter i u kalendaru automotoutrka bilo organizirano sve do 1977.?;OPATIJA;3
57;Koji se latinski naziv skraćenog oblika a. a. koristi za oznaku na spisima koji bi se, obično nakon rješenja, trebali pohraniti u arhivu? U drugom kontekstu znači odložiti ili napustiti nešto kao dovršeno ili nevažno.;AD ACTA;2
58;Pružajući psihoanalitički uvid u religiju, tko je u svom djelu Budućnost jedne iluzije (Die Zukunft einer Illusion) iz 1927. godine napisao da su vjerska uvjerenja "rođena iz čovjekove potrebe da svoju bespomoćnost učini prihvatljivom", a da je sama religija "ispunjenje najstarijih i najjačih žudnji ljudskoga roda"?;Sigmund FREUD;3
59;U kojem je sportu, koji je čak sedam puta bio demonstracijski a ljetnim olimpijskim igrama, od 1992. godine po broju medalja najuspješnija reprezentacija Kube?;BEJZBOL;5
60;Koju povijesnu osobu u glavnoj ulozi tumači Gerard Depardieu u filmu Ridleyja Scotta 1492.: Osvajanje raja?;Kristof KOLUMBO;3
61;U kojoj se Bellinijevoj operi radnja događa u Galiji 100. godine poslije Krista, u vrijeme kada druidi svećenički stalež Kelta pripremaju ustanak protiv Rimljana, a velika je druidska svećenica prekršila svećenički zavjet čistoće i zaljubila se u Poliona, rimskog prokonzula u Galiji?;NORMA;5
62;Uz Roberta i Soniju Delaunay slikar František Kupka bio je rani i najznačajniji predstavnik kojega umjetničkog pravca oblika analitičkog kubizma?;ORFIZAM;5
63;Kako se zove čehoslovačka animirana serija o dvojici nespretnih, ali maštovitih majstora, nastala sredinom sedamdesetih godina 20. stoljeća?;A JE TO/PAT I MAT;1
64;Koji je kultni redatelj u svojoj autobiografiji Moj posljednji uzdah, nakon što je njegov film Diskretni šarm buržoazije osvojio Oscara za najbolji film izvan engleskoga govornog područja, šaleći se kako mu je i bio namijenjen, napisao:"Amerikanci imaju nedostataka, ali su ljudi od riječi."?;Luis BUÑUEL Portolés;4
65;Utemeljeno 1992. godine u provinciji Gauteng, naselje Kleinfontein trenutačno ima oko 1300 stanovnika, isključivo bijelaca koji njeguju svoj jezik i manjinsku kulturu, a funkcionira kao svojevrsna enklava na sjeveroistoku koje države?;Republika JUŽNA AFRIKA;3
66;Kojim nazivom francuskog podrijetla zovemo osobu koja kod igara na sreću pomaže bankaru u kockarnici koji dijeleći karte, kupeći novac i manipulirajući žetonima ili namještenika upravlja igrom?;KRUPJE;2
67;U kojoj je atletskoj skakačkoj disciplini danas zabranjena tehnika"volzing" koju je osamdesetih godina popularizirao David Volz?;SKOK S MOTKOM;3
68;Koji se proces u kemiji definira kao difuzija kojom se izjednačuju koncentracije dviju otopina različitih koncentracija, međusobno odijeljenih polupropusnom membranom, tj. takvom koja propušta otapalo, ali zaustavlja otopljenu tvar?;OSMOZA;1
69;Megalodon je izumrla vrsta i predak koje današnje životinje, predatora iz porodice Lamnidae, čije ime znači "veliki zub"?;VELIKA BIJELA PSINA;2
70;Nazvan po britanskom premijeru iz 19. stoljeća, Stanley je glavni grad kojeg arhipelaga u južnom Atlantiku? Zračnu luku koja opslužuje Stanley otvorile su 1972. godine argentinske zračne snage.;FALKLANDSKO / MALVINSKO otočje;3
71;U kojem se stoljeću odvila Bitka kod Toursa (preciznije izmedu Toursa i Poitiersa), jedna od najvažnijih europskih bitaka, u kojoj su Franci porazili vojsku omejidskog zapovjednika Abdula Rahmana i tako spriječili arapsko prodiranje u srce Europe?;OSMO (732.);4
72;Poznato i kao tran, ulje koje se životinje gotovo do kraja 19. stoljeća koristilo u javnoj rasvjeti, kada je zamijenjeno kerozinom, čime je naftna industrija postala ključna za spas njihove populacije od eksploatacije i okrutne smrti?;KIT;3
73;U akcijsko-pustolovnoj videoigri Brütal Legend lik Kill Master mistik je koji živi na vrhu Thunderhorna, a svirajući bas-gitaru, ima moć iscjeljivanja. Pjevač kojega je benda posudio glas te ujedno bio inspiracija za njegov lik?;MOTÖRHEAD (Ian Kilmister);3
74;Većina radnje kojega je bildungsromana njemačkog nobelovca smještena u brdima nedaleko od Davosa, točnije u sanatoriju Berghof?;ČAROBNA GORA (Thomas Mann);4
75;Kojega je legendarnog kantautora Bob Johnston vidio kao "Mesiju s usnom harmonikom" te "jedinog proroka nakon Isusa"?;Bob DYLAN;3
76;S kojom afričkom državom svoje latinizirano prezime dijeli humanist i diplomat Toma, kojega je papa Leon X. kao svojega legata 1519. godine postavio na mjesto skradinskoga biskupa, odakle je obavljao niz uspješnih diplomatskih misija, među kojima se osobito ističe ona na dvoru Karla V. Habsburgovca u Bruxellesu?;NIGER;5
77;Na ikonskoj fotografiji Alberta Korde iz ožujka 1960. godine, originalnog naziva Guerrillero Heroico, nalazi se poprsje koje osobe?;Ernesto "CHE" GUEVARA;3
78;S kojom spiralnom galaksijom ime dijeli emisija koja više od dvadeset godina utorkom navečer u našem radijskom prostoru educira javnost i podiže svijest o svemiru i našemu mjestu u njemu?;ANDROMEDA;3
79;Nakon Mahéova krimića Angoroj, horor Leslieja Stevensa Incubus (Inkubo) iz 1966. godine drugi je film u potpunosti realiziran na kojem jeziku?;ESPERANTO;4
80;Nazvana prema lokalnom mitološkom biću, Tonton Macoute bila je posebna operativna i izrazito okrutna jedinica unutar paravojnih snaga, koju je nakon spriječenog državnog udara 1959. godine osnovao tadašnji predsjednik i diktator koje karipske države?;HAITI;4
81;Koji se dio pribora za crtanje, uz pšenicu i čekić, kao simbol intelektualaca nalazio u grbu Demokratske Republike Njemačke (Istočna Njemačka)?;ŠESTAR;3
82;Bivša južnoafrička plivačica Charlene Lynette Wittstock u srpnju 2011. godine postala je princeza udavši se za kojega monarha?;ALBERT II. Grimaldi / ALBERT OD MONAKA;4
83;Nastala kao stopljenica kontinenta i jedne filmske nagrade, kako se zove godišnja nagrada za najboljeg europskog košarkaša, koju su od 1979. godine najviše puta osvajali Arvydas Sabonis i Dirk Nowitzky?;EUROSCAR;5
84;Kada je ustanovljeno da za neke kvadratne jednadžbe (npr. x2 + 1 = 0) ne postoji rješenje u skupu realnih brojeva, uvedena je imaginarna jedinica i kojoj je osnovno svojstvo da njezin kvadrat (2) iznosi koji cijeli broj?;-1/MINUS 1;1
85;Budući da je recept stvoren dok se istraživalo grupe lopova i pljačkaša grobova u 14. stoljeću koji su se natrljali uljem da izbjegnu doticaj s kugom tijekom pljačke tijela mrtvih i umirućih, kako se zove mješavina eteričnih ulja limuna, klinčića, cukaliptusa, ružmarina i kore cimeta?;LOPOVSKO ulje;3
86;U pet kategorija jačine, Saffir-Simpsonova ljestvica koristi se za mjerenje i učinak koje prirodne pojave?;URAGAN/CIKLON;4
87;Jedan od pet temeljnih umaka francuske kuhinje, koji se smedi umak spravlja od zaprške brašna i masnoće s dodanim temeljcem (najčešće od govedih kostiju) i komadićima povrća te naposljetku pastom od rajčice?;ESPAGNOLE / ŠPANJOLSKI umak;4
88;Poema od 158 strofa Dionisiosa Solomosa Hymnos is tin Eleftherian uglazbljena je 1865. godine i od tada je službena himna Grčke. Koja još država od 1966. godine koristi tu tekstom najdužu himnu na svijetu kao svoju nacionalnu?;CIPAR;3
89;Liječnik i ministar u socijalističkim vladama Bernard Kouchner bio je, nakon posljedica odvajanja Biafre 1971. godine, jedan od osnivača koje međunarodne humanitarne organizacije za hitnu medicinsku pomoć ugroženim ljudskim skupinama širom svijeta?;LIJEČNICI BEZ GRANICA;4
90;Prema riječima Susan Orlean u njegovoj biografiji, koji je pas bio u igri" pri prvoj dodjeli Oscara za najboljega glumca prije negoli je Akademija odlučila da on ipak pripadne ljudskom biću -Emilu Janningsu? Traži se ime psa.;RIN TIN TIN;3
91;S obzirom na to da je još u djetinjstvu naučio Kur'an pod kojim je imenom poznatiji perzijski pjesnik iz 14. stoljeća Muhamed Šemsudin, čije je najvažnije djelo Divan, zbirka sastavljena od petstotinjak gazela profinjene izražajnosti?;HAFIZ;5
92;Koji je trodnevni glazbeni festival, održan 1967. godine uz nastupe Janis Joplin, Otisa Reddinga i Ravija Shankara, bio vrhunac kalifornijskog ljeta ljubavi?;MONTEREY Pop Festival;5
93;Za kojeg Isusova apostola i kasnijeg sveca u spisu Passio (Muka) piše da je umro mučeničkom smrću u Patrasu i da je razapet na križ u obliku slova X?;ANDRIJA;3
94;Muzej posvećen životu i djelu Paula Gauguina smješten je u mjestu Papeari koje se nalazi u južnom dijelu kojega otoka, najvećeg u otočju Društveni otoci (Îles de la Société) dijelu Francuske Polinezije?;TAHITI;4
95;Za crtani film Rabbit of Seville iz 1950. godine kompozitor Carl Stalling glazbu je temeljio na ulomcima iz operne uvertire kojega skladatelja (1792. 1868.)? Cijeli je glazbeni tijek ubrzan čime dobiva parodirani karakter i time u potpunosti odgovara tijeku radnje, nizu šala i zavrzlama koje Zekoslav Mrkva prireduje lovcu Elmeru.;Gioacchino ROSSINI (Seviljski brijač);3
96;S kojim alkaloidom iz skupine ksantina ime dijeli Googleov nadograđeni sustav za indeksiranje mrežne stranice, arhitektura nove generacije" u njihovu pretraživačkom stroju, dovršen sredinom 2010. godine?;KOFEIN (Caffeine);3
97;Objavljen u ožujku 2000. godine, album No Strings Attached kojega je boy banda s 2,4 milijuna prodanih primjeraka u prvom tjednu postao do tada najbrže prodavan američki album u povijesti?;NSYNC;2
98;Prema latinskom za"čudo", kako se zove vrsta srednjovjekovne sakralne drame u kojoj se prikazuju čudesni događaji iz života svetaca i mučenika?;MIRAKUL;3
99;Potaknuti sloganom "Pišite nam, ma gdje god bili, o čemu god", građani koje su komunističke države anonimno pisali pisma koja je više od dvadeset godina sve do 1975. BBC čitao u svojoj radijskoj emisiji Pisma bez potpisa?;ISTOČNA NJEMAČKA (DDR);3
100;Nazvana po staroj kineskoj državi uništenoj u 11. stoljeću pr. Kr., kako se zvala kineska dinastija koja je, uz mali prekid za vrijeme carice Wu Zetian, vladala Kinom od 618. do 907.?;TANG;5
101;Smješten izmedu Lopara, Krka, Prvića i Golog otoka, kako se zove drugi najzeleniji otok na Jadranu, na kojem je od 1948. do 1988. godine bio kazneno-popravni dom za žene?;SVETI GRGUR;4
102;Kako se zvao "NLO" religijski kult sa sjedištem u kalifornijskom San Diegu, koji su 1974. godine osnovali Marshall Applewhite i Bonnie Nettles? Pripremivši se za dosezanje razine "više od ljudske", svi pripadnici kulta 1997. godine počinili su samoubojstvo uzimanjem antiepileptičkog lijeka fenobarbitala u kombinaciji s votkom.;NEBESKA VRATA/ HEAVEN'S GATE;3
103;Za koju je nogometnu reprezentaciju nastupao trojac poznat kao Gre-No-Li (prema prezimenima), zvijezde talijanskog Milana pedesetih godina 20. stoljeća?;ŠVEDSKA (Gren, Nordahl, Liedholm);4
104;Nazvan po atičkom junaku koji je ubio Minotaura i njegovu e paradoks prema kojem vrijedi pitanje, ako su objektu zamijenjeni svi njegovi dijelovi, je li to još uvijek isti objekt", referirajući se upravo na brod čiji su gotovo svi truli dijelovi zamijenjeni novima kako bi se brom stanju?;TEZEJEV paradoks (paradoks Tezejeva broda);2
105;S ciljem zaštite stanovništva i stoke od zmija otrovnica ponajviše poskoka na otok Mljet državnom je intervencijom Austro-Ugarske Monarhije 1910. godine unesena zvijer iz koje prodice znanstvenog imena Herpestidae?;MUNGOS (indijski mali mungos);2
106;U kojoj je mačevalačkoj disciplini površina pogotka isključivo trup, a mora se pogoditi samo vrhom oružja?;FLORET;4
107;Slamnati šešir mokorotlo stožastog je oblika s čvorom na vrhu, a vjeruje se da mu je dizajn inspiriran oblikom brda Qiloane. U kojoj je državi taj šešir nacionalni simbol pa se njegov obris javljuje i na nacionalnoj zastavi?;LESOTO;4
108;Koja je krupna pasmina pasa nazvana po najstarijem gradu u njemačkoj saveznoj državi Baden-Württemberg? U 19. stoljeću najviše je uzgajana kao radni pas te kao tjerač stoke, no danas se više koristi za potragu i spašavanje.;ROTVAJLER/ ROTTWEILER;4
109;Povezujući udaljenost od 50 kilometara između Folkestonea i Coquellesa, "Eurotunnel" je dužinom treći željeznički tunel na svijetu, a većim je dijelom izgrađen ispod kojega morskog prolaza, najužeg dijela La Manchea?;DOVERSKA VRATA / PAS DE CALAIS;5
110;Kako se naziva politički dokument potpisan 3. listopada 1905. u Rijeci, u kojem hrvatski zastupnici podržavaju Mađarsku u borbi protiv Austrije, a uvjet za buduću suradnju jest ujedinjenje Hrvatske i Dalmacije te uvođenje ustavnih sloboda u Hrvatsku?;RIJEČKA REZOLUCIJA;4
111;Koji je starogrčki pjesnik"božanskog imena autor Argonautike, jedinog helenističkog epa sačuvanog do modernog doba?;APOLON(IJE) Rođanin;5
112;Među ostalim glazbeni direktor simfonijskog orkestra "Simon Bolivár", brojnim nagradama ovjenčan Gustavo Dudamel jedan je od najuglednijih dirigenata iz koje države?;VENEZUELA;5
113;U kojem je stoljeću nastao Njujorški misal, važan hrvatskoglagoljički misal pisan ili u okolici Zadra ili na ličko-krbavskom području, koji se danas čuva u njujorškoj knjižnici The Pierpont Morgan Library?;15. stoljeće (1400. 1410.);4
114;U kojem se gradu nalazi Malakološki muzej franjevačkog samostana, koji je 1963. godine utemeljio fra Jure Radić, najvažnije mjesto u Hrvatskoj s postavom morskih puževa i školjkaša Jadrana i cijeloga svijeta?;MAKARSKA;3
115;Kako se kod Židova zove obredni rog u koji se puše na blagdane Roš hašanu i Jom kipur, kako bi se grešnike pozvalo na pokoru?;ŠOFAR;4
116;Nazvan po naslovnom liku romana iz 1851. godine, kako se zove instrumental Led Zeppelina s njihova drugog studijskog albuma, u kojem je John Bonham izveo jednu od najdojmljivijih bubnjarskih solodionica?;MOBY DICK;4
117;Budući da se našla između dva bloka pa tako nije surađivala niti S jednim, Jugoslavija se tijekom pedesetih i šezdesetih godina okrenula uvozu filmova iz koje latinoameričke države? Alternativa se pokazala više nego uspješnom jer su filmovi bili jeftiniji i većina ih je progovarala o tamošnjoj revoluciji.;MEKSIKO;4
118;Nazvan prema vrsti bobičastog voća, koji je naslovni nadimak hrabrog i nesebičnog poručnika američke konjice Mikea S. Donovana, u hvaljenom vestern-stripu Jean-Michela Charliera i crtača Jeana"Moebiusa" Girauda?;BLUEBERRY;3
119;Kako se zove školjka poput klina zašiljene ljušture, endem Mediterana i nekad vrlo rasprostranjena na području cijelog Jadrana, gdje živi u obalnom pojasu na području pjeskovito-muljevitog dna? U Hrvatskoj je zaštićena Zakonom o zaštiti prirode, a vađenje i posjedovanje strogo je zabranjeno.;PERISKA/LOSTURA;2
120;Mimicin, antibiotik iz skupine antraciklina namijenjen uništavanju gram-pozitivnih bakterija, imenovan je u čast krojačice iz koje Puccinijeve opere praizvedene u veljači 1896.?;La BOHÈME;3
121;Prema nizozemskoj riječi korištenoj u srednjovjekovnim narodnim pričama za smedeg medvjeda, tadašnji menadžer Art Ross dao je nadimak "Bruins" momčadi NHL-a iz kojega grada?;BOSTON;2
122;Proučavajući pravilnosti u bogatstvu i prihodima, koji je talijanski ekonomist i sociolog u svom švicarskom laboratoriju 1897. godine došao do zaključka da 20 posto stanovništva u pravilu posjeduje 80 posto bogatstva?;Vilfredo PARETO;5
123;Što je to u ožujku 1966., samo sedam dana nakon krađe, u južkles dok je šetao sa svojim vlasnikom Davidom Corbettom i na nom dijelu Londona u grmlju pronašao četverogodišnji pas Pictaj način tri i pol mjeseca prije početka -"spasio stvar"?;TROFEJ JULESA RIMETA (SVJETSKOG NOGOMETNOG PRVENSTVA);5
124;Umijeće izradbe drvenih tradicijskih dječjih igračaka s područja koje je hrvatske geografsko-povijesne regije 2009. godine upisano na UNESCO-ov reprezentativni popis nematerijalne kulturne baštine čovječanstva?;Hrvatsko ZAGORJE;4
125;Osnovana tijekom zlatnog doba trgovine opijumom kako bi omogućila Britanskom Carstvu pristup na kinesko tržište, pod kojim je četveroslovnim akronimom poznata "najkineskija" od svih zapadnih banaka i "najeuropskija" među svim kineskim bankama?;HSBC;5
126;Kako se, prema životinjama koje se u vodi kreću vlastitom snagom, zvao projekt u sklopu kojega su se 1960. godine na dno Marijanske brazde spustili Don Walsh i Jacques Piccard?;NEKTON;5
127;Formalno utemeljenje koje je međunarodne organizacije proizašlo iz osmogodišnje Urugvajske runde pregovora, koja je uspješno okončana konferencijom i potpisivanjem sporazuma u marokanskom Marakešu u travnju 1994. godine?;WTO / SVJETSKA TRGOVINSKA ORGANIZACIJA;4
128;Smatran jednim od najvećih jazz-glazbenika u povijesti, koji je legendarni predvodnik jazz fusiona iza sebe ostavio nezaboravne standarde Spain, 500 Miles High, Armando's Rhumba, Windows? Za svoj je rad osvojio nevjerojatna 23 Grammyja, od kojih posljednji 2020. točno godinu prije smrti za album Antidote.;Armando Anthony "Chick" COREA;5
129;Za kojega se starogrčkog filozofa, autora spjevova O prirodi i Očišćenja, referirajući se na njegovu teoriju o četiri elementa, vezuje izjava: "Sve će se vratiti elementima što nas grade - naša tijela zemlji, naša krv vodi, naša toplina vatri, a naš dah zraku."?;EMPEDOKLO;5
130;Predstavljajući borbu između Turaka i Maura, na kojem se našem otoku od 15. stoljeća svake godine izvodi borbeni ples moreška?;KORČULA;3
131;Žičano glazbalo kantela, vrsta citre koja se svira prebiranjem prstiju obiju ruku i stvara zvuk nalik na zvono, tradicionalni je instrument vezan uz koju europsku državu?;FINSKA;5
132;Francuski kipar i slikar André Derain zajedno s Henrijem Matisseom smatra se osnivačem kojega umjetničkog pravca?;FOVIZAM;5
133;Smatran jednim od najboljih ostvarenja Davida Lyncha, koji je neo-noir triler iz 2001. godine proslavio Naomi Watts, a ujedno bio i posljednje filmsko pojavljivanje čuvene Ann Miller u ulozi Coco Lenoix?;MULHOLLAND DRIVE/ BULEVAR ZLOČINA;2
134;Poznati po brzom djelovanju (spremni za pokret minutu nakon što dobiju poziv) i visokoj mobilnosti, Minutemen su kao oružane snage djelovali tijekom kojega osmogodišnjeg rata/sukoba?;AMERIČKI RAT ZA NEOVISNOST / AMERIČKI REVOLUCIONARNI RAT;4
135;Peñón de Vélez de la Gomera ime je stjenovitog otočića koji je nakon velike  pješčane oluje i nanosa velikih količina pijeska 1934. godine praktički pretvoren u poluotok. Nakon stjecanja neovisnosti jedne države u travnju 1956. to mjesto pješčanim prudom (tombolom) tvori službeno najkraću državnu granicu na svijetu dugu svega 85 metara, a razdvaja Španjolsku od koje države?;MAROKO;5
136;Kako se zove skup podataka koji se odnose na mjesto i vrijeme tehničke izradbe publikacije ili dokumenta te na fizičke ili prav-ne osobe koje su u toj izradbi surađivale?;IMPRESUM;3
137;Pokrenuta krajem 1995. godine, kako se zvala internetska tražilica i prva pretraživa baza podataka cjelovitih tekstova na world wide webu s jednostavnim sučeljem, koja je pojavom Googlea izgubila vodeće mjesto? Yahoo! je preuzima 2003. no u potpunosti je gasi deset godina kasnije.;ALTA VISTA;2
138;Nastala kao posveta njihovoj omiljenoj marki, pjesma hip-hop-grupe Run-DMC's albuma Raising Hell u naslovu sadrži ime kojeg proizvođača sportske opreme? Tražena je tvrtka tada lansirala novu liniju posebnih tenisica Run-DMCSuperstar i Ultrastar dizajniranih da se nose bez vezica.;ADIDAS;4
139;Koje su dvije boje na limenom bubnju Oskara Matzeratha?;CRVENA I BIJELA (boje poljske zastave);4
140;Kako bi preuzela prijedloge saveznika za sklapanjem primirja, njemačka je delegacija ujutro 8. studenoga 1918. vlakom krenula do šume u blizini kojega grada, gdje ih je u posebnom vagonu drugoga vlaka čekao francuski maršal Ferdinand Foch?;COMPIEGNE/KOMPJENJ;4
141;Kako se, po Andromedinoj majci i ženi etiopskog kralja Kefeja, naziva zviježđe sjevernog neba, čije su najsjajnije zvijezde Cih, Šedir, Kaf, Segin i Rukba?;KASIOPEJA;4
142;Zbirka moteta Sacrae cantiones Šibenčanina Ivana Lukačića i tri zbirke duhovnih koncerata Riječanina Vinka Jelića (Parnassia militia, Arion primus, Arion secundus) pripadaju europskim biserima glazbe kojega razdoblja?;BAROK;4
143;Od 1945. godine ideološki temelj sustava koje je azijske države Pancasila, politička filozofija koja počiva na pet glavnih načela, među kojima su i vjera u Boga te socijalna pravda i jedinstvo matične zemlje?;INDONEZIJA;5
144;Pod kojim je imenom poznatiji Edward Nygma, Batmanov neprijatelj kojega je u filmu Batman Forever (1995.) utjelovio Jim Carrey?;RIDDLER;2
145;Prvotno spominjana samo jedna, a od 4. stoljeća pr. Kr. njih više: koji se šestoslovni naziv u antičkoj Grčkoj koristio za ženu koja obuzeta božanstvom proriče budućnost? U doba renesanse često su služile kao likovni motiv brojnim slikarima.;SIBILA;4
146;Uz španjolski, koji je drugi službeni jezik u Paragvaju, ako znamo da taj domorodački jezik ime dijeli s paragvajskom službenom valutom (PYG)?;GUARANI;4
147;Ukrašen bijelom perjanicom od ždralova perja, na glavi sinjskih alkara tradicionalno se nalazi kalpak presvučen krznom životinje iz kojega roda unutar reda zvijeri, znanstvenog imena Martes?;KUNA;4
148;Osnovana 2005. godine, koja je sedmoslovna platforma najveća svjetska baza za pretraživanje hotelskog smještaja za pretraživanje i usporedbu cijena hotela, a uz to nudi i vlastiti indeks cijena (tRI) te opciju Hotel Manager za poboljšanje poslovanja namijenjenu hotelijerima??;TRIVAGO;3
149;U kojoj je atletskoj disciplini Anita Włodarczyk, smatrana i najboljom svih vremena, četverostruka svjetska i europska prvakinja te trostruka uzastopna zlatna olimpijka?;Bacanje KLADIVA;5
150;Imenovano po generalu Unije, kako se zove trenutačno najviše stablo na svijetu, smješteno u kalifornijskom nacionalnom parku Sequoia?;General SHERMAN;4
151;Koji se dio imenoslovlja bavi proučavanjem antroponima osobnih imena, prezimena, nadimaka i obiteljskih nadimaka?;ANTROPONOMASTIKA;5
152;Prema legendi, "Wild Bill" Hickok ubijen je sleđa dok je igrao poker, imajući u tom trenutku u ruci par asova i par osmica u trefu i piku. Kako je po tom događaju kasnije nazvana ta kombinacija karata u pokeru?;DEAD MAN'S HAND / Mrtvačeva ruka;2
153;Kojom se engleskom stopljenicom naziva oblik kampiranja koje uključuje luksuzniji smještaj i bolje dodatne usluge nego tradicionalno kampiranje, tj. kampiranje u kojemu turisti na odmoru uživaju u zvukovima i mirisima prirode, ali istodobno se ne žele odreći blagodati glamuroznog života?;GLAMPING;1
154;Smještena u slijevu srednje Visle, kako se zove najveća i najnaseljenija poljska provincija (vojvodstvo), u kojoj se od upravne reforme 1999. godine nalazi i glavni grad Varšava?;MAZOVIJA;5
155;Članovi koje su dinastije vladali izravnom linijom kao francuski kraljevi izmedu dinastija Karolinga i svoje pobočne linije Valois točnije od 987. do 1328. godine?;CAPET/KAPETOVIĆ;4
156;Koji je jedini Krležin roman napisan u prvom licu jednine, iz pripovjedačke perspektive neimenovana doktora prava koji osuđuje licemjerno građansko društvo, a gaji simpatije prema izopćenicima društva?;NA RUBU PAMETI;5
157;Imenovana po legendarnom baru uz more na španjolskoj Ibizi, kako se zove diskografska kuća osnovana 1999. godine, koja objavljuje vjerojatno najpoznatije svjetske kompilacije ambijentalne glazbe, sastavljene od pjesama niza svjetskih chillout-glazbenika?;CAFE DEL MAR;3
158;Koja antropološka studija Jamesa Frazera, remek-djelo o podrijetlu religijskih običaja i obreda, ime dijeli s čuvenom slikom (prvi put predstavljenom 1834.) engleskog romantičara Williama Turnera?;ZLATNA GRANA;5
159;S najviše biljnih vrsta te najvećim brojem vodozemaca na svijetu, koja velika država ima najveći svjetski indeks bioraznolikosti (0,85) s kojim je daleko ispred Kolumbije (0,68) i Indonezije (0,65)? Osim toga, ta je zemlja druga na svijetu po broju vrsta sisavaca i ptica na svom teritoriju.;BRAZIL;4
160;Prve nogometne i teniske utakmice na hrvatskom hvaljujući engleskim industrijalcima koji su osim kapitala donijeli i popularnu kulturu na istok Slavonije, odigrane su u kojem gradu?;ŽUPANJA;4
161;Američki sociolog Robert Merton pri razmatranju paradoksa raspodjele dobara i zasluga skovao je pojam koji je – po jednom evandelistu – nazvao čijim efektom, referirajući se na dio iz Prispodobe o talentima, koji glasi: "Doista, onomu koji ima još će se dati, neka ima u izobilju, a od onoga koji nema oduzet će se i ono što ima."?;MATEJEV efekt;4
162;Pod imenom Zmijski otok, kako su ga nazvali Grci za vrijeme Osmanskog Carstva, ovaj otok površine 0,17 km2 do 2009. godine bio je predmet spora između kojih dviju europskih država, od kojih je jedna pod prisilom SSSR-a 1948. predala kontrolu nad njim i više od pola stoljeća vodila neuspješnu pravnu borbu oko ponovne jurisdikcije?;RUMUNJSKA I UKRAJINA;5
163;Pjesmu Oh, What a Beautiful Mornin' na otvaranju kojeg mjuzikla Rodgersa i Hammersteina iz 1943. godine izvodi Curly McLain?;OKLAHOMA!;4
164;Vestern Smrt revolveraša (Death of a Gunfighter) iz 1969. godine završio je Don Siegel, ali kako naposljetku nije bio zadovoljan cjelinom, producenti su uz dopuštenje udruge redatelja umjesto njega potpisali koju izmišljenu osobu ime od tada do kraja 20. stoljeća korišteno za redatelje koji odbijaju potpisati film?;Alan (Allen) SMITHEE;3
165;Od arapskog za "zeleni otok" (Al-Jazirah al-Khadra'), kako se zove jedna od najvećih europskih luka i najveći grad Gibraltarskog zaljeva?;ALGECIRAS;4
166;U Drugom svjetskom ratu gotovo potpuno razoren (90% industrijskih objekata, 72 % stambenih zgrada, 85% cestovne i ulične mreže), koji je europski glavni grad pri poslijeratnoj rekonstrukciji koristio seriju od 22 slike koje je majstor veduta Bernardo Bellotto, po ujaku znan i kao Canaletto, naslikao od 1767. do 1780. godine boraveći na kraljevskom dvoru?;VARŠAVA;3
167;Koju vitešku titulu ima Don Pedro iz Mozartova Don Giovannija, a istom je čašćen i Michael Corleone pri dolasku na Siciliju u trećem dijelu Kuma?;IL COMMENDATORE/KOMENDATOR;4
168;Prema araukanskoj riječi za drvo korišteno pri dimljenju mesa divljih životinja, kako su se zvali pomorski pustolovi različitih nacija ujedinjeni u napadima na španjolska naselja i brodove u Karipskome moru i duž pacifičke obale Južne Amerike, koji su se pojavili u 17. stoljeću oko Hispaniole? Isti nadimak ima i momčad NFL-a iz Tampa Baya.;BUKANIRI/BUCCANEERS;2
169;Duga oko 200 kilometara, kako se zove rijeka koja nastaje spajanjem Eufrata i Tigrisa kod iračkoga grada Kurne, a donjim dijelom toka granična je rijeka između Irana i Iraka?;ŠAT AL ARAB/ARVAND Rud;5
170;U trenutku koji je predstavljao prvu televizijsku reklamu, prvodana srpnja 1941. godine njujorška TV postaja WNBT prekinula je program slikom sata koje marke, nakon čijih se šezdeset sekundi tajanstvenog otkucavanja emitiranje nastavilo?;BULOVA;5
171;Kako se zvala momčad Formule 1 čiji je vozač prvi i jedini osvajač naslova svjetskog prvaka (1966.) koji je vozio za vlastiti tim, osnovan šest godina ranije?;BRABHAM;5
172;Zbog rada na razvoju otrovnih plinova u Prvom svjetskom ratu smatran i "ocem kemijskog ratovanja", koji je Nijemac 1909. godine otkrio izravnu sintezu amonijaka od dušika i vodika, za što je devet godina kasnije nagraden Nobelovom nagradom za kemiju?;Fritz HABER;5
173;Otkrivajući tajne nevjerojatne dugovječnosti tamošnjih stanovnika, kojom je zajedničkom sintagmom od dviju riječi novinar National Geographica Dan Buettner nazvao pet geografskih dručja Sardiniju, Okinawu, kalifornijsku Loma Lindu, grčki otok Ikariju i kostarikansku Nicoyu?;PLAVE ZONE/BLUE ZONES;3
174;Kazalište u kojem je malenom antičkom gradu uSaronskom zaljevu izgrađeno u 4. stoljeću pr. Kr. za oko 14 tisuća gledatelja, a kao dio Asklepijeva svetišta od 1988. godine nalazi se na UNESCO-ovu popisu svjetske kulturne baštine u Grčkoj?;EPIDAUR;4
175;Kako se zvala prva hrvatska radiodrama, izvedena 1927. godine na Radio stanici Zagreb u režiji Ive Srepela? Neki su uzbuđeni slušatelji izašli na balkone misleći da je negdje buknuo požar.;VATRA;4
176;Nazvana po tadašnjem predsjedniku Ustavnog suda Francuske, kako se zvala arbitražna komisija u okviru mirovnog sporazuma o rješavanju krize u Jugoslaviji, osnovana u kolovozu 1991. godine, koju je činilo pet predsjednika ustavnih sudova zemalja članica tadašnjeg EEZ-a, a koja je među ostalim donijela odluku o sukcesiji Hrvatske na dan 8. listopada iste godine?;BADINTEROVA komisija;5
177;Kako se zove spektakularni sustav vrtloga koji se razvija četidnevno u istoimenom tjesnacu, između otoka Shikokua i dosta manjeg otoka Awajija, a ime dijeli s naslovnim likom iz serije manga Masashija Kishimota?;NARUTO;4
178;Smješten negdje u Hrvatskoj, kako se zove fiktivni rudarski gradić prepun misterija, intriga i okultnih sila u kojem se odigrava radnja istoimene horor point 'n' click računalne igre istarskog studija Red Martyr Entertainment?;SAINT KOTAR/SVETI KOTAR;4
179;Kako se zvao švedski boksač čiju su moćnu desnicu nazivali "Thorov malj" ili "Ingo's bingo", koji je 1959. postao svjetski prvak u superteškoj kategoriji pobjedom protiv Floyda Pattersona čovjeka od kojega je kasnije izgubio jedina dva meča u karijeri?;Jens Ingemar JOHANSSON;5
180;Što je to preteču današnjeg tahografa i taksimetra kao svoj izum na svjetskoj izložbi u Parizu 1889. godine predstavio labinski učitelj Josip Belušić (Giuseppe Bellussich)?;Električni BRZINOMJER/VELOCIMETAR;4
181;Koristeći samo kamen, zemlju i travu, što je to na danskom jezeru Klejtrup u prilično vjernom omjeru izgradio lokalni farmer i ljubitelj geografije Søren Poulsen? Naime, za dovršetak te turističke atrakcije na površini većoj od 4000 m2 trebalo mu je točno 25 godina.;KARTA (PRIKAZ) SVIJETA;3
182;Kako se, po njemačkom izrazu za "životni prostor", zvao Hitlerov koncept širenja Trećeg Reicha na plodna polja nekadašnje sjeverne stepe kako bi se osigurao životni prostor za daljnje preživljavanje njemačkog naroda?;LEBENSRAUM;3
183;Koji je televizijski voditelj i komičar, dobitnik šest Emmyja te Guvernerove nagrade, tri desetljeća vodio popularnu zabavnu emisiju The Tonight Show Starring... (1962. 1992.), a pripisuje mu se stvaranje formata kasnonoćnog televizijskog talk showa?;John William CARSON;3
184;Koji se talijanski izraz, u značenju "kajanje" ili "kajući se", koristi za naknadni slikarov ispravak na već dijelom dovršenom djelu, čest u umjetnosti, primjerice od Jana van Eycka, da Messine, Caravaggia, Rembrandta do Miroslava Kraljevića?;PENTIMENTO;4
185;Kako se zove franjevac iz 14. stoljeća, rođen u Šibeniku, a umro mučeničkom smrću u Jeruzalemu, koji je 1970. godine proglašen prvim od zasad samo tri hrvatska sveca (uz Leopolda Mandića i Marka Križevčanina)?;Nikola TAVELIĆ;5
186;Skovan od grčkih riječi u značenju "dom (kuća)" i "znanost (govor)", koji je termin prvi put 1866. godine upotrijebio biolog Ernst Haeckel?;EKOLOGIJA;5
187;Nazvana po japanskom violinistu i glazbenom pedagogu, kako se zove metoda glazbene edukacije koja polazi od pretpostavke da djeca mogu razviti značajne glazbene vještine ako su od rođenja okružena glazbom, jednako kao što su na isti način sposobna potpuno usvojiti materinski jezik? Vjerovao je da djeca u takvu okruženju razvijaju svoje kvalitete i izrastaju u humanija bića.;Metoda SUZUKI;5
188;Imunolog Albert Bruce Sabin (rođen kao Abram Saperstein) sredinom je pedesetih 20. stoljeća otkrio cjepivo protiv koje bolesti uzrokovane poliovirusom iz skupine enterovirusa koja uglavnom pogada malu djecu?;DJEČJA PARALIZA/POLIOMIJELITIS;4
189;Vjerujući da oblik nule podsjeća na jaje ove ptice, koji se njetermin za ispadanje udarača bez ijednog trčanja? Rekord s 59 zin engleski naziv još od kraja 19. stoljeća u kriketu koristi kao takvih "nula" trenutačno drži bivši igrač iz Sri Lanke Muttiah Muralitharan.;DUCK;3
190;Koji je ruski autor dječje literature i satiričnih basni ostao upamćen kao čovjek koji je unutar šezdeset godina tri puta pisao stihove za himnu matične zemlje prvi put za SSSR po Staljinovu nalogu 1943., drugi put revidiranu s izbačenim referencijama na Staljina te treći put za Rusiju po nalogu Vladimira Putina, a sve na glazbu skladatelja Aleksandra Aleksandrova?;Sergej Vladimirovič MIHALKOV;5
191;Definirana binarnim logaritmom broja događaja n koji se medusobno isključuju, šanon je brojčana mjerna jedinica količine čega?;INFORMACIJA;2
192;Kako se zove disciplina koja proučava ponašanje životinja i ljudi čiji je fokus ponašanje u prirodnim uvjetima za razliku od biheviorizma koji je usmjeren na proučavanje prirode i modela ponašanja u kontroliranim uvjetima?;ETOLOGIJA;5
193;Koje se kraljevstvo, čiji je glavni grad bio Petra, prostiralo na području današnjeg Libanona, Jordana, Sirije, Izraela i dijela Saudijske Arabije od 4. stoljeća pr. Kr. do 106. godine, kada pada pod vlast Rimskog Carstva?;NABATEJSKO kraljevstvo;5
194;Iako se dugo smatralo da je Alexander Bell izumio telefon, 2002. godine američki Predstavnički dom potvrdio je da je prvi i jedini izumitelj telefona, čiji je prototip patentirao davne 1856., bio koji rođeni Talijan?;Antonio MEUCCI;5
195;Prije solokarijere član bendova Steeler i Alcatrazz, koji se švedski gitarist, poznat po heavy metal-izvedbama u neoklasicističkom stilu, 2009. godine našao na Timeovoj listi jedanaest najvećih virtuoza na električnoj gitari u povijesti?;Yngwie MALMSTEEN/Lars Yngve LANNERBACK;5
196;Poznata i kao imperijalna, kako se, po francuskom predsjedniku iz razdoblja Treće republike, zove najveća živuća vrsta zebre, s karakterističnim prugama i velikim zaobljenim ušima, a nastanjuje područje Kenije i Etiopije?;GREVIJEVA zebra (Jules Grevy);5
197;Kako se zvao antički hispano-rimski trkač dvokolicama iz 2. stoljeća, po Peteru Strucku vjerojatno najplaćeniji sportaš u povijesti, koji je u karijeri nastupao za tri momčadi i zaradio oko 35 milijuna sestercija?;Gaj Apulej DIOKLE;5
198;Za otkriće koje su vrste elektromagnetskog zračenja, kao jednog od stupova na kojima počiva teorija velikog praska, Arno A. Penzias i Robert W. Wilson 1978. godine podijelili Nobelovu nagradu za fiziku?;KOZMIČKO MIKROVALNO pozadinsko zračenje;4
199;Vladao je od 1867. kao Meiji Tenno (car Meiji), ukinuo šogunat i feudalizam te izvršio upravnu podjelu Japana na prefekture, a prijestolnicu preselio u današnji Tokio. Pod kojim je osobnim imenom poznat taj japanski car i prethodnik Jošihita, čijom smrću 1912. godine završava razdoblje Meiji?;MUCUHITO;5
200;Kako se zove vrlo suh i topao sjeveroistočni do istočni, većinom zimski vjetar koji puše iz južne Sahare i Gvineje noseći prašinu i pijesak preko atlantske obale sve do Zelenortskih Otoka?;HARMATAN;5
201;Kojim se anglizmom označava najgledaniji televizijski termin, udarno vrijeme između 19 i 22 sata, kada je pred TV-om najviše gledatelja?;PRIME TIME;1
202;Iako autor nije eksplicitno ukazao na njega, mnogi smatraju da je dugovječni ribar Gregorio Fuentes poslužio kao inspiracija za lik Santiaga u kojem kratkom romanu?;STARAC I MORE;1
203;Koji je akronim simbolizirao uniju rimskog Senata i naroda grada Rima, a službeno se koristio na kovanom novcu, javnim dokumentima, objektima javnih radova te posvetama na spomenicima?;SPQR (Senatus Populusque Romanus);4
204;Na domorodačkom jeziku pamon u značenju slap najdubljeg mjesta", pod kojim je imenom poznatiji 979 metara visok Kerepakupai Merú, otkriven 1933. godine u venezuelskom gorju Auyánu?;ANGELOVI slapovi;4
205;Koje je osobno ime žene, djevojačkog prezimena Spencer, koja se u srpnju 1981. udala za Charlesa, princa od Walesa?;DIANA;2
206;Ostvarivši taj podvig između 1989. i 1991. godine, koji je košarkaški klub nakon latvijske Rige jedini osvajao naslov klupskog prvaka Europe triput zaredom?;JUGOPLASTIKA/SPLIT;5
207;Feritin je globularni protein važan za unutarstanično pohranjivanje kojega kemijskog elementa?;ŽELJEZO;3
208;Dvije od triju filmskih adaptacija kojega je stripovskog serijala Mikea Mignole režirao Guillermo del Toro, dok je treća djelo redatelja Neila Marshalla?;HELLBOY;1
209;Za kojega se političara i bivšeg diktatora u nekim krugovima tvrdilo kako su mu ime pod kojim je poznatiji zapravo dali Kinezi skrativši francuski izraz "politique potentielle"?;POL POT/SALOTH SAR;3
210;Kako se u lingvistici zove disciplina koja proučava najmanje jezične jedinice kojima je pridruženo značenje i oblike pojedinih promjenljivih riječi, a ime dijeli s jednom granom biologije?;MORFOLOGIJA;2
211;Kako se zove jedinstvena međunarodna treking-utrka po oš trom otočkom kamenju i gustom raslinju otoka Pašmana, nazvana po pojmu koji označava pukotine u vapnenačkim stijenama nastale djelovanjem vode?;ŠKRAPING;2
212;Koji su tip naselja 1910. godine na obali Galilejskog jezera prvi put osnovali židovski naseljenici nakon što je izbila svađa između članova jednoga poljoprivrednog naselja i postavljenog upravitelja?;KIBUC;4
213;Od 15. stoljeća, kada ga je prema predaji izmislio kralj Sejong Veliki, hangul je službeno pismo kojega jezika?;KOREJSKI;4
214;Kako se, prema grčkom mitu, zove golemi kiklop kojega je Odisej opio i užarenom mu strelicom spalio oko?;POLIFEM;4
215;Koja se svjetski poznata građevina, ali i zgrada u Splitu, nalazi u imenu funk-sastava koji su 1981. godine osnovala braća Dean i Dino Dvornik?;KINESKI ZID;3
216;Zambra, alegría, farruca i bulería neki su od stilova kojega dinamičnog plesa, tradicionalno vezanog uz Andaluziju i praćenog gitarom i kastanjetama?;FLAMENCO;3
217;Praizveden 1892. godine u koreografiji Mariusa Petipe, pod kojim nam je naslovom poznatiji balet Ščelkunčik, neizostavni dio božićnog kulturnog repertoara?;ORAŠAR;2
218;Drame Leda i U agoniji dio su ciklusa vezana za život koje bogate aristokratske obitelji?;GLEMBAY (treća je drama Gospoda Glembajevi);4
219;Smješteno u venecijanskom predjelu Cannaregio, kako se zvalo područje u kojem su odlukom vlasti od 1516. godine bili prisiljeni stanovati lokalni Židovi, izolirani od ostatka stanovništva sve do pada Mletačke Republike?;GETO;4
220;Koji se čuveni glazbeni festival u ljeto 1969. godine održao na farmi Maxa Yasgura u gradiću Bethelu u saveznoj državi New York?;WOODSTOCK;4
221;Koju je igru, povezujući vještinu pisanja riječi sa sustavom bodovanja, 1933. godine osmislio američki arhitekt Alfred Butts?;SCRABBLE;4
222;Koja je mjerna jedinica 1971. godine dodana kao posljednja, sedma osnovna jedinica sustava SI?;MOL;3
223;Kako se preziva pomorac Lemuel, protagonist i narator romana Jonathana Swifta iz 1726. godine?;GULLIVER;2
224;Koju religijsku simboliku označava pet horizontalno položenih bijelih trokuta (cik-cak oblik), dijeleći bijelu od crvene podloge, na zastavi Bahreina?;PET STUPOVA ISLAMA;5
225;Prema libretu pjesnikinje Alice Goodman cijenjeni američki skladatelj John Adams u tročinskoj je operi praizvedenoj 1987. godine uglazbio stvarne događaje i fiktivnu nadgradnju povijesnog posjeta kojega američkog predsjednika Kini u veljači 1972.?;Richard NIXON;4
226;Koju englesku riječ označava slovo "H" u akronimu VHS, standardiziranom formatu za snimanje i reprodukciju analognih videovrpci u kasetnom kućištu?;HOME (Video Home System);2
227;Prekriven muljem i školjkama, koji je antički kip 1996. godine pronašao belgijski ronilac René Wouters pokraj otočića Vele Orjule, 1,5 km istočno od Lošinja između dviju stijena na pješčanom dnu?;APOKSIOMEN;5
228;Proizašle iz pera Louise May Alcott, pod kojom su naslovnom sintagmom poznatije sestre Meg, Jo, Beth i Amy March?;MALE ŽENE;4
229;Nakon što je s njom glumio u filmu Imati i nemati, u koju se tada 19-godišnju glumicu zaljubio Humphrey Bogart, koja mu je kasnije postala četvrta supruga i bila s njim u braku sve do njegove smrti 1957. godine?;Lauren BACALL;5
230;Muški zbor Shingetsukai s prestižnog japanskog sveučilišta "Kwansei Gakuin" za svoju je himnu odabrao koju poznatu ariju iz opere Nikola Šubić Zrinski Ivana pl. Zajca, već stotinjak godina jako popularnu medu japanskim zborovima?;U BOJ, U BOJ;3
231;Kako se zove antivirusni program koji su 1987. godine kreirali Slovaci Miroslav Trnka i Peter Paško, a čiji akronim znači Nemocnica na okraji disku (Bolnica na kraju diska)? Naknadno je dodan i jedan broj kako bi se označio broj bitova u procesoru.;NOD32;4
232;Nakon rata za španjolsko nasljeđe oslabljena Španjolska morala mirom u Utrechtu 1713. godine Engleskoj prepustiti koji strmoviti poluotok važnu stratešku točku Sredozemnog mora?;GIBRALTAR;3
233;Ruska federalna jedinica Kalmikija jedina je europska regija u kojoj prevladava koja religija?;BUDIZAM;4
234;Kako se zove hormon koji luči stražnji režanj hipofize, po kemijskom sastavu polipeptid sastavljen od devet aminokiselina, a s obzirom na to da ima značajnu ulogu u promicanju socijalnih veza i altruizma, naziva se i "hormonom ljubavi"?;OKSITOCIN;4
235;Uz koji se sport, čija je krovna organizacija dine, vezuju termini snatch i clean and jerk?;DIZANJE UTEGA;4
236;Koja je životinja (lat. Monachus monachus), izgledom i veličinom slična tuljanu, jedan od najugroženijih sisavaca u Hrvatskoj, pa ne čudi da je na popisu strogo zaštićenih životinja jošod početka 20. stoljeća?;SREDOZEMNA MEDVJEDICA;2
237;Kako se zove digitalni ljubimac jajastog oblika kojega su 1996. stvorili Akihiro Yokoi i Aki Maita, za što je potonja godinu poslije nagrađena Ig Nobelom za ekonomiju? Krajem devedesetih 20. stoljeća i početkom 21. to je bila vjerojatno najtraženija i najpopularnija igračka na svijetu.;TAMAGOTCHI;1
238;Nadjenuvši im latinska imena prema visini i obliku, kemičar i meteorolog amater Luke Howard osmislio je 1803. godine tablicu za razlikovanje vrsta čega?;OBLAK;4
239;Po kojem je cvijetu poznata revolucija u Tunisu 2011. godine, koja se smatra početkom arapskog proljeća?;JASMIN;4
240;Ovjekovječen na freski Otona Ivekovića u tamošnjoj crkvi, u kojem se gradu zbio događaj iz 1397. godine poznat kao "krvavi sabor", u kojem su pristaše kralja Žigmunda sasjekli bana Stjepana Lackovića i hrvatsko plemstvo?;KRIŽEVCI;4
241;Amália Rodrigues bila je najpoznatija portugalska pjevačica kojega žanra, zbog čije je promocije širom svijeta nazvana njegovom kraljicom?;FADO;2
242;Nagrađivana australska serija Full Frontal u jednoj je epizodi kraja devedesetih prikazala skeč čiji su se likovi zvali Tipsy, Drinky-Drinky, Blah i Paro, a svi su omotani australskim etiketama piva besciljno lutali gradom čineći razne zločine. Koju su popularnu BBC-jevu dječju seriju s četiri glavna lika zapravo parodirali?;TELETUBBIES;1
243;Tada jedanaestogodišnjak, koji je slavni pjevač 1969. godine s četvoricom svoje braće iz benda kao glavni vokal otpjevao jednu od najpoznatijih verzija pjesme Who's Lovin' You?;Michael JACKSON;2
244;S oko 103 milijuna km2, koja je površinom najveća litosferna ploča na Zemlji? Od velikih ploča na jugozapadu graniči s Australskom, na jugu s Antarktičkom, a na sjeveroistoku sa Sjevernoameričkom?;PACIFIČKA (TIHOOCEANSKA) ploča;3
245;Weihnachts-Stollen, vrsta slatkog kruha, neizostavna je njemačka poslastica koja se tradicionalno priprema u vrijeme kojeg blagdana?;BOŽIĆ;4
246;Koji je hrvatski muški vaterpolski klub LEN proglasio najboljim europskim klubom 20. stoljeća?;MLADOST Zagreb;5
247;Sastavljen od 411 aminokiselina i djeluje kao antikoagulans, glikoprotein izoliran iz sline vampirskih šišmiša nazvan je po naslovnom liku kojega gotičkog romana objavljena 1897. godine?;DRAKULA (Drakulin);5
248;Koga je Gerard Piqué upoznao uoči svjetskog prvenstva u Južnoj Africi, dok je u Madridu snimala spot za svoju pjesmu Waka Waka?;SHAKIRA;2
249;Nazvan po osobnom imenu protagonistice najpoznatijeg romana Franka Bauma, kako se zove najveći poznati krater na Plutonovu mjesecu Haronu?;Krater DOROTHY (Čarobnjak iz Oza);4
250;Bitka na rijeci Halis 585. pr. Kr. izmedu Medijskog Carstva i Lidije predstavljala je posljednji okršaj u petogodišnjem sukobu između Kijaksara i Alijata II., a naglo je prekinuta zahvaljujući kojoj astronomskoj pojavi?;POMRČINA SUNCA;3
251;Marku Gabiju Apiciju iz I. stoljeća pripisuje se glasoviti spis De re coquinaria Romae Augustae, a smatra se prvom pravom kakvom vrstom knjige u zapadnom svijetu?;KUHARICA;4
252;U doslovnom značenju "lutajuća osoba", koji je naziv za samuraja bez gospodara u feudalnom Japanu, a ime dijeli s filmom Johna Frankenheimera iz 1998. godine?;RONIN;3
253;Trash metal-bend Slayer objavio je 1986. godine album Reign Blood koji otvara pjesma Angel of Death, ispirirana kojim zloglasnim nacističkim liječnikom?;Josef MENGELE;4
254;Dijeleći ime s urotnikom protiv Julija Cezara, kako se zove pjenušac koji sadrži manje od 15 g/l neprovrela sladora?;BRUT;4
255;Koji je izmišljeni jezik u svojoj knjizi skraćena naslova TKD ope sao lingvist Marc Okrand, a temeljen je na zvukovima i nekolik riječi koje su za film Star Trek: The Motion Picture iz 1979. izmi slili glumac James Doohan i scenarist i producent Jon Povill?;KLINGONSKI;4
256;Prema arapskom za"tumačiti" ili "objasniti", tefsir je disciplina koja se bavi tumačenjem izravno prenesene Božje riječi i visokog stila izražavanja u kojoj svetoj knjizi?;KUR'AN;4
257;Remek-djelo Diega Velasqueza iz 1656. godine Male dvorske dame (Las Meninas) čuva se u kojem poznatom muzeju?;PRADO;4
258;S podnaslovom Epizoda u životu umjetnika, kakva je naslovna simfonija Hectora Berlioza iz 1830. godine, koju je Leonard Bernstein svojedobno opisao kao prvi glazbeni izlet u psihodeliju?;FANTASTIČNA;4
259;Nakon što je 1747. godine ujedinio nekoliko paštunskih ple mena i postavio Kandahar za glavni grad, Ahmad šah Durrani smatran je osnivačem koje moderne države?;AFGANISTAN;4
260;Po kojem je plesu i glazbenom žanru nazvan efekt koji je 1999. godine izazvao gotovo 35-postotni pad vrijednosti brazilskog reala, uzrokovan azijskom financijskom krizom dvije godine ranije, koja je dovela do povećanja kamatnih stopa i poreza te smanjenja potrošnje?;SAMBA;4
261;Kako bi podigao moral zaposlenika osiguravajućeg društva i oraspoložio ih, koji je simbol izražavanja osjećaja i psihičkih stanja u pisanoj komunikaciji u stiliziranom obliku 1963. godine kreirao grafički umjetnik Harvey Ross Ball?;SMILEY/HAPPY FACE/SMJEŠKO;3
262;Gotovo sam u san pao kad je netko zakucao/ Pred sobna mi vrata stao/kucajući tiho, tiše "Posjetilac", ja promrmljah, što u sobu ući ište, / Samo to i ništa više. Tko ili što je posjetilac iz slavne pjesme Edgara Allana Poea, objavljene 1845. godine?;GAVRAN;1
263;Kako se zvalo ilirsko pleme nastanjeno u istočnom donjem porječju Neretve do mora između 300. i 50. pr. Kr., čije se glavno središte nalazilo u Ošanićima kraj Stoca? Od Grka su preuzeli kulturne stečevine, a na njihovu kovanom novcu iz 2. st. pr. Kr. stajao je natpis ΔΑΟΡΣΩΝ.;DAORSI/DAVERSI;4
264;Ime koje je pokrajine u središnjem dijelu Peloponeza postalo sinonim za idiličan seoski život, a nalazi se i u naslovu pastoralnog romana Jacopa Sannazara?;ARKADIJA;5
265;Adrian Panatta jedini je tenisač koji je na Roland Garrosu pobijedio kojeg Šveđanina i šesterostrukog osvajača toga Grand Slama, učinivši to 1973. i 1976. godine?;Björn BORG;5
266;Nakon što ga je u filmu popularizirao Tom Cruise, prodaja kojeg je modela sunčanih naočala Ray-Ban tijekom 1986. godine na tržištu porasla za oko 40 posto?;AVIATOR;3
267;Kako se zove područje psihologije koje se bavi pretežito spoznajnim procesima te procesima kojima se stječe znanje i rješavaju problemi kao i percepcijom, pozornošću, pamćenjem, mišljenjem, učenjem i govorom?;KOGNITIVNA psihologija;3
268;Pod znanstvenim nazivom Spilocaea oleagina, paunovo oko poznato je po karakterističnim okruglastim, žutim pjegama omeđenim rubovima i najopasnija je bolest lišća koje mediteranske biljke?;MASLINA;4
269;Iako mnoge asocira na sport, koji je Volkswagenov model automobila ipak nazvan prema toploj struji sjevernog Atlantskog oceana?;GOLF (Golfska struja);2
270;Indijska savezna država Kerala postala je 1957. godine prva država u Indiji i prvo područje na svijetu u kojem je na slobodnim demokratskim izborima vlast formirala koja politička stranka/ opcija, na čelu s E. M. S. Namboodiripadom?;KOMUNISTIČKA stranka / KOMUNISTI;5
271;Dokumentarni film redatelja i scenarista Johna Scheinfelda U potrazi za Traneom (Chasing Trane) usredotočen je na život te emotivnu, duhovnu i društvenu dimenziju glazbe kojega čuvenog džezista?;John COLTRANE;4
272;Po kojem je glodavcu iz porodice Sciuridae nazvana biblioteka (1957. 1998.) izdavačke kuće Mladost, koja je bila središnji medij dječje književnosti u drugoj polovici 20. stoljeća?;VJEVERICA;1
273;Uzrokujući gubitak cakline na zubima i osjetljivost žvačnih mišića, što točno u stomatologiji označava pojam bruksizam?;ŠKRIPANJE/ ŠKRGUTANJE zubima;4
274;Prije nego što je postao popularni internetski mem, koji se antropomorfni žabac prvi put pojavio 2005. godine kao jedno od četiriju tinejdžerskih čudovišta u seriji stripova Matta Furieja Boy's Club?;PEPE the Frog / Žabac PEPE;3
275;Zapise predavanja filozofa Plotina njegov je učenik Porfirije skupio i objavio pod nazivom Eneade i podijelio ih u šest knjiga od kojih je svaka sastavljena od koliko dijelova zahvaljujući čemu su i dobile ime (grčki ennea)?;DEVET;4
276;Koji je slikar, nadahnut ruskim pučkim legendama i folklorom te trajno opsjednut uspomenama na provincijski židovski okoliš iz djetinjstva u Vitebsku i fantazmagoričnim prividenjima, rafiniranom senzibilnošću i imaginacijom stvorio originalna umjetnička djela u ozračju kubizma, ekspresionizma i nadrealizma?;Marc CHAGALL;5
277;U pismu Robertu Hookeu 1675. godine Newton je napisao čuvenu rečenicu, često korištenu kao simbol znanstvenog napretka: "Ako sam vidio dalje od drugih, to je zato što sam stajao na ramenima koga."?;DIVOVI;3
278;Poznat, između ostaloga, po sjajnoj instrumentalnoj verziji pjesme Raya Charlesa I've Got a Woman te istoimenom prvom à albumu, američki blues i jazz soul-glazbenik Jimmy McGriff primarno je svirao koji veliki glazbeni instrument?;ORGULJE;5
279;Kakav je tango u naslovu romana iz 1985. godine, kojim je László Krasznahorkai odmah na velika vrata ušao u vrh madarske, ali i svjetske književnosti?;SOTONSKI;4
280;Po kojem srednjovjekovnom vladaru ime nosi prestižna nagrada za rad na europskom jedinstvu, koju od 1950. godine dodjeljuje grad Aachen?;KARLO VELIKI;4
281;Najniža (-105 m) i najviša (6961 m) točka obiju Amerika nalaze se u kojoj državi, ukupno petoj po broju stanovnika (oko 45 milijuna) na oba kontinenta?;ARGENTINA;4
282;Koju su mobilnu aplikaciju za slanje teksta i multimedijalnih poruka 2013. godine pokrenula braća Nikolaj i Pavel Durov, poznati i kao osnivači društvene mreže VKontakte?;TELEGRAM;4
283;Tko je od 1951. do 1960. godine držao naslov boksačkog prvaka Ugande u poluteškoj kategoriji?;Idi AMIN;4
284;Prije negoli je došlo do otvorenog sukoba, Jane Goodall primijetila je razdvajanje unutar zajednice Kasakela, što je dovelo do stvaranja nove, separatističke komune Kaskama i otkrilo mračnu stranu ponašanja tih majmuna. Kasniji sukob u tanzanijskom Nacionalnom parku Gombe, koji je trajao od 1974. do 1978. godine, poznat je kao rat kojih vrsta primata, znanstvenog imena Pan troglodytes?;Obične ČIMPANZE;4
285;Ime koje naslovne Disneyjeve ratnice, publici prvi put predstavljene 1998. godine, na mandarinskom znači"magnolija"?;MULAN;3
286;Šestominutna pjesma Paranoid Android kojeg je britanskog rock-benda, s njihova trećeg studijskog albuma OK Computer iz 1997. godine, nazvana po liku iz Adamsove petodijelne trilogije Vodič kroz galaksiju za autostopere?;RADIOHEAD;1
287;Od grčkih riječi za "povratak" i "patnju", koji bi se osjećaj mogao opisati kao patnja uzrokovana neutaženom žudnjom za povratkom? Pojam je skovao fizičar Johannes Hofer krajem 17. stoljeća kako bi opisao dijagnozu švicarskih vojnika koji su u Tridesetogodišnjem ratu osjećali tugu zbog odvojenosti od domovine i svojih najbližih.;NOSTALGIJA (nostos + algos);5
288;Koji je rasterski grafički uređivač uključen u sve verzije sustava Microsoft Windows od 1985. godine?;PAINT/PAINTBRUSH;1
289;Dijeleći ime sa sveukupnošću kemijskih reakcija u organizmu, kako se zvao arhitektonski pokret u Japanu nakon Drugoga svjetskog rata, koji je u rekonstrukciji tamošnjih gradova za cilj imao izgradnju arhitektonskih megastruktura podložnih organskim promjenama poput živog bića?;METABOLIZAM;4
290;Nagrađen sa sedam Oscara, koji povijesni spektakl Davida Leana ne bi dobro prošao na"Bechdel testu" jer u više od tri i pol sata filma nema niti jedan ženski lik s izgovorenim tekstom?;LAWRENCE OD ARABIJE;4
291;Nazvan "Čovjekom s jezera Mungo", pradavni lovac čiji su pronadeni ostaci stari oko 42 tisuće godina, smatra se najstarijim pripadnikom Homo sapiensa na kojem kontinentu?;AUSTRALIJA;4
292;U arapskim zemljama tradicionalno se proriče iz manje količine koje tekućine koja se ulije u dlan i po načinu razlijevanja može se tumačiti nečija narav i budućnost?;ULJE;4
293;U kojem sportu Aladára Gerevicha smatraju najvećim olimpijcem u povijesti? Jedini je sportaš koji je u istoj disciplini osvojio šest zlatnih medalja, a ujedno je osvajač zlata u najvećem rasponu Igara (1932. i 1960.).;MAČEVANJE;5
294;Kako se, dvjema latinskim riječima, zovu istraživački eksperimenti u kojima se efekti različitih bioloških entiteta testiraju na cijelim živim organizmima, obično na životinjama, ali uključujući i ljude i biljke?;IN VIVO;4
295;Hrvatski botaničar i akademik Ivo Pevalek, zaslužan za promoviranje zaštite prirode, predlagao je da se osnuje koji nacionalni park koji je zahvaljujući njemu i njegovim istraživanjima dobio nacionalnu i svjetsku zaštitu?;PLITVIČKA JEZERA;4
296;Koje su ime, čiji je izvorni oblik Šuŋgmánitu Tháŋka Ób Wačhí, poručniku Unije Johnu J. Dunbaru nadjenuli Indijanci plemena Sioux u redateljskom prvijencu i nagrađivanom vesternu Kevina Costnera iz 1990. godine?;DANCES WITH WOLVES / PLEŠE S VUKOVIMA;2
297;Kojega sveca i prvog biskupa Liègea legende opisuju kao lovca kojega je obratio jelen s križem među rogovima?;SV. HUBERT;4
298;U kojem je desetljeću 20. stoljeća Jim Hines postao prvi sprinter koji je pretrčao 100 metara za manje deset sekundi, točnije 9,95 s?;SEDMO/Šezdesete;4
299;Koji je zajednički naziv za šest spojenih i jedno odvojeno jezero na jugu Hrvatske, a redom su Oćuša, Trniševo (ili Crniševo), Podgora, Sladinac, Vranjak (ili Vrbnik), Šipak i Plitko jezero?;BAĆINSKA JEZERA;4
300;Kako se prezivao austrijski pedijatar Johann (Hans) koji je 1944. godine opisao djecu koja očito imaju normalnu inteligenciju, ali im nedostaje vještina neverbalne komunikacije, fizički su nespretna i ne pokazuju empatiju?;ASPERGER;4
301;Na jugu koje se države nalazi atraktivna, 80-ak metara duboka klisura Partnachklamm, koja je glumila" transilvanijski prolaz Borgo u filmu Nosferatu: Fantom noći iz 1979. godine?;NJEMAČKA;4
302;Tko je ranom primjenom daktiloskopije 1892. godine uspio pronaći odgovornu osobu za dvostruko ubojstvo djece u slučaju Francisce Rojas, koja je unatoč lažnom iskazu otkrivena zahvaljujući krvavom otisku palca?;Ivan VUČETIĆ (Juan VUCETICH);4
303;Iako je kasnije utvrđeno da Rimljanka na slici Vjekoslava Karasa, nastaloj između 1845. i 1847. godine, u ruci drži napuljsku mandolinu, iz ustaljenog naziva slike ipak doznajemo da je riječ o kojem žičanom instrumentu?;LUTNJA;2
304;Utemeljen u Parizu 2010. godine, najznačajniji europski festival TV serija Series Mania od 2018. premijerno prikazuje najvažnije svjetske serije u kojem sjevernofrancuskom gradu?;LILLE;4
305;Terminom kojim je Gertrude Stein opisala američke pisce koji su živjeli u Parizu dvadesetih, kako se uobičajeno naziva generacija koja se borila u Prvom svjetskom ratu, ona rođena izmedu 1883. i 1900. godine te u Europi poznata kao "Generacija 1914."?;LOST Generation/ IZGUBLJENA generacija;3
306;Kasnije nazvan po azijskoj državi, ununtrij je bilo privremeno ime kojeg radioaktivnog kemijskog elementa atomskog broja 113?;NIHONIJ;5
307;Koje je nacionalnosti posljednji skakač s motkom koji je držao svjetski rekord (nekoliko minuta u Rimu 1984.) prije gotovo tridesetogodišnje dominacije Sergeja Bubke u toj disciplini?;FRANCUZ (Thierry Vigneron);5
308;Koji je revolucionar i voda jakobinske diktature fanatičnom odanošću Revoluciji i odbijanjem unosnih položaja i počasti stekao nadimak"Nepotkupljivi"? Nakon što je zbačena diktatura, zajedno sa svojim suradnicima smaknut je na giljotini 1794. godine.;Maximilien ROBESPIERRE;4
309;Suprotstavljajući se poetici socijalističkog realizma, a zauzimajući se za slobodu pisanja i estetski pluralizam, program kojeg j časopisa (1952. 1958.) po kojemu je nazvan naraštaj mladih hrvatskih književnika izložen u programatskom eseju Vlatka Pavletića Neka bude živost?;KRUGOVI;4
310;Sa stihovima Tima Ricea i glazbom Eltona Johna, koji je nagradivani mjuzikl, temeljen na slavnom animiranom filmu iz 1994. godine, nakon Fantoma u operi i Chicaga najizvođeniji i po zaradi najznačajniji brodvejski mjuzikl u povijesti?;KRALJ LAVOVA / The LION KING;2
311;Nazvana prema šumarskom inženjeru i strastvenom planinaru koji ju je projektirao, kako se zove 57 kilometara duga staza te prolazi kroz koja se proteže od Zavižana do Baških Oštarija najljepše i najnepristupačnije dijelove Velebita?;PREMUŽIĆEVA staza;3
312;Kako se zvao pas kojega je udomio sveučilišni profesor Hidesaburo Ueno, nakon čije ga je smrti još punih devet godina pas čekao na istom mjestu, sve dok 1935. nije uginuo?;HACHIKO;4
313;Budući da im je palube ubrzo prekrio pustinjski pijesak, kako je nazvana flota od 15 (uglavnom europskih) brodova koja je nakon Šestodnevnog rata osam godina (1967. 1975.) ostala zarobljena u zatvorenom Sueskom kanalu?;ŽUTA;4
314;Utemeljen 2008. godine u Zagrebu, kako se dvjema riječima znakovito zove godišnji medunarodni festival fotografije, čiji program pokušava potaknuti promišljanje i razgovor o ključnim, globalno i društveno važnim političkim pitanjima o kojima se može komunicirati medijem fotografije?;ORGAN VIDA;5
315;Uz to što je poznata kao pjesma iz filma Diplomac (The Graduate) Mrs. Robinson Simona i Garfunkela u povijesti američkog sporta ostala je zapamćena po posveti kojoj bejzbolskoj ikoni New York Yankeesa, dominantnoj figuri tridesetih i četrdesetih 20. stoljeća?;Joe DiMAGGIO;3
316;Osnovao ju je Darren Morgenstern 2002. godine pod sloganom "Life is short. Have an Affair" s ciljem okupljanja ljudi koji su u braku ili vezama. Kako se zove kontroverzna mrežna stranica čije ime dolazi od dvaju popularnih ženskih imena u Sjevernoj Americi?;ASHLEY MADISON;4
317;Nekada se ova riba iz porodice Clupeidae koristila da skrene pažnju psima tragačima u lovu na plijen, a po njoj se danas naziva retorička pogreška kod koje se sugovornika obmanjuje ili mu se odvraća pažnja od glavne teme. Naziv je ove pogreške crvena što?;HARINGA;3
318;Kojoj je državi prvo olimpijsko zlato u povijesti 2016. godine donio Joseph Schooling pobijedivši u Riju svog idola Michaela Phelpsa?;SINGAPUR;5
319;Kako se zove vrsta najčešće primjenjivane ljestvice za mjerenje stavova, sa sadržanim tvrdnjama koje izražavaju pozitivan ili negativan stav prema objektu? Svaku tvrdnju prati najčešće pet mogućih odgovora kojima se izražava stupanj slaganja, odnosno neslaganja sa stavom izraženim u tvrdnji (potpuno slaganje, slaganje, neodlučnost/neutralnost, neslaganje, potpuno neslaganje).;LIKERTOVA ljestvica;5
320;U koju se domenu živog svijeta, s obzirom na građu stanice, ubrajaju redovi Euryarchaeota, Crenarchaeota i Korarchaeota?;ARHEJE/PRABAKTERIJE;5
321;Kojem se zapadnoafričkom bogu pauku pripisivala zasluga da je ljude naučio paliti vatru, a istodobno je bio i nepopravljiv izvor smicalica?;ANANSI;3
322;Kako se na "P" u antičkoj retorici i poetici, zove figura iskaza koja sadrži igru riječima sličnima na planu izraza, a različitima prema sadržaju, u kojoj riječi mogu biti, ali ne moraju, međusobno etimološki povezane?;PARONOMAZIJA;5
323;Označavana skraćeno YNWA, koja je pjesma iz mjuzikla Karusel (1945.) Rodgersa i Hammersteina postala jedna od zaštitnih navijačkih pjesama nogometnih navijača, osobito jednog kluba? Pjesmu su kasnije obradili Gerry and the Pacemakers.;YOU'LL NEVER WALK ALONE;4
324;Koliko se igrača ukupno nalazi na terenu u utakmici kanadskog nogometa?;24;5
325;Skup od 56 tornjeva sa zvonicima, koji su od 1999. godine na UNESCO-ovu popisu svjetske kulturne baštine zbog svoje važnosti kao spomenika gradske neovisnosti od feudalnih i vjerskih utjecaja, što je dovelo do visokog stupnja lokalne demokracije od velike važnosti za povijest čovječanstva, zajednička je baština kojih dviju država?;FRANCUSKA I BELGIJA;5
326;Kako se zove "najusamljenija" točka na svijetu, zamišljeno mjesto udaljeno od najbližeg kopna oko 1450 nautičkih milja, koje je 1992. godine definirao hrvatsko-kanadski istraživač i inženjer Hrvoje Lukatela, a ime dijeli s književnim junakom, ali i latinskom riječi za odsutnost bilo koga?;NEMO;5
327;Premda je dugo vladalo mišljenje da je raširenih nogu pozirala Joanna Hiffernan, ipak je ustanovljeno da je balerina pariške Opere Constance Quéniaux bila model za koju čuvenu sliku Gustavea Courbeta?;PODRIJETLO SVIJETA/ L'ORIGINE DU MONDE;4
328;Poznat i kao tenore robusto, koji se pridjev koristi za tip dramskog tenora koji je, u zahtjevu za snagom tona i izdržljivošću, stvorio Richard Wagner? Najpoznatije su uloge za taj zahtjevni glas Tristan u Tristanu i Izoldi, Manrico u Trubaduru i Radames u Aidi.;HEROJSKI tenor;4
329;Kako se zove nagrađivani 13-minutni animirani film Zdenka Gašparovića, nadahnut i animiran po glazbenim minijaturama a glasovir Erica Satieja u izvedbi Alda Ciccolinija, koji se smatra jednim od remek-djela Zagrebačke škole crtanog filma?;SATIEMANIJA;5
330;Kako se zovu vještice koje se, prema legendi, na Valpurginu noć sastaju na Kleku iznad Ogulina, a zbog zloga sporazuma s vragom mogu donijeti bolesti, vremenske nepogode ili čak kravama oduzimati mlijeko?;COPRNICE;3
331;Koja se rijeka, čije ime na većini istočnih indoeuropskih jezika znači "rijeka" ili jednostavno "voda", ulijeva u istoimeni zaljev čineći ga najdužim estuarijem na svijetu koji se pak nakon gotovo tisuću kilometara spaja s Karskim morem?;OB;4
332;S prikazom viteške borbe u logu, kako se zove jedna od najstarijih i najvećih tvrtki olovaka, uredskog i umjetničkog pribora osnovana u njemačkom Steinu 1761. godine?;FABER-CASTELL;3
333;Poznate i kao Las Leonas, reprezentativke Argentine u kojem su sportu, osvojivši srebro u Sydneyju (poraz od Australije 3 1), postale prva a ženska ekipa iz te zemlje s osvojenom olimpijskom medaljom u nekom timskom sportu?;HOKEJ NA TRAVI;5
334;Iako je tu praksu stotinjak godina ranije Benjamin Franklin spomenuo u pismu urednicima lista Journal of Paris, ideju čega su, neovisno jedan o drugom i svaki zbog svog zanimanja, prvi službeno predložili novozelandski entomolog George Hudson i britanski poduzetnik i golfer William Willett?;LJETNO RAČUNANJE VREMENA;4
335;Kako se zove specifičan tip bankarstva u kojemu nema plaćanja i primanja kamate, a banke posluju na bazi podjele profita ili s pomoću drugih dopuštenih oblika?;ISLAMSKO bankarstvo;5
336;Ova kartaška igra sa špilom od 32 karte jedna je od najstarijih (rano 16. stoljeće) i često se naziva "najfrancuskijom" od svih igara, a cilj je svakog igrača zamjenom stvoriti što jaču kombinaciju svojih karata unutar šest dijeljenja. Kako se zove ta igra ako naziv dijeli s prezimenom trostrukog svjetskog prvaka Formule 1 osamdesetih godina 20. stoljeća?;PIQUET/PIKE;5
337;Koja je tradicionalna djelatnost karakteristična za otok Krapanj, umijeće kojem je mještane početkom 18. stoljeća podučio fra Antun Grk s Krete?;SPUŽVARSTVO;4
338;Koja se životinja iz porodice šupljorožaca (Bovidae) do 2015. godine kao simbol nalazila na logu ciparske zrakoplovne kompanije Cyprus Airways, a od 2008. krasi naličja ciparskog izdanja kovanica od 1,2 i 5 eurocenta?;MUFLON;4
339;Kako se zove grana hidrologije koja se bavi istraživanjem i proučavanjem jezera?;LIMNOLOGIJA;5
340;Kako se u drevnom Izraelu zvala skupština ili vijeće mudraca koje se sastojalo od 23 suca u svakom židovskom gradu, dok je isti pojam uz pridjev veliki" označavao skupštinu ili vrhovni sud sastavljen od 71 pripadnika naroda Izraela?;SANHEDRIN;5
341;Simbol St. Louisa, 192 metra visok luk Gateway, djelo je kojega finsko-američkog arhitekta, poznatog po neofuturističkom stilu?;Eero SAARINEN;5
342;Nastalo iz dviju skica, Grčka glazbena drama i Sokrat i tragedija, kako se zove prvo objavljeno djelo Friedricha Nietzschea iz 1872. godine, u čijem je fokusu polemika o položaju tragedije u starogrčkoj umjetnosti, njezinu uništenju od strane Sokrata i Euripida te ponovnom"uskrsnuću" u glazbi Richarda Wagnera?;ROĐENJE TRAGEDIJE iz duha glazbe;5
343;Koji je mongolski vladar 1271. godine osnovao kinesku dinastiju Yuan, čijim je dolaskom na prijestolje Kinom prvi put u povijesti vladala strana dinastija, a koju je kasnije zbacila dinastija Ming?;KUBLAJ-KAN;4
344;Kojega je pjesnika, koji je tada slovio za najvećeg živućeg rimskog pjesnika, car August 8. godine protjerao na obale Crnoga mora, gdje je u progonstvu napisao zbirku elegija Zalobnice (Tria (Epistulae ex Ponto)? Uz Vergilija, stia) te Poslanice s Crnoga mora upravo je on najtrajnije prisutan u zapadnoj književnosti, likovnim umjetnostima i glazbi.;Publije OVIDIJE Nazon;5
345;Koju su psihoaktivnu tvar slabo topivu u vodiformule CHO-1964. godine prvi izolirali te objasnili njezinu strukturu i sintezu izraelski kemičari Raphael Mechoulam i Yehiel Gaoni?;TETRAHIDRO-KANABINOL (THC);4
346;Nezavisni danski proizvođač videoigara Playdead na tržištu se pojavio 2010. godine kojom megapopularnom puzzle-platform videoigrom crno-bijelih tonova, nazvavši je prema latinskom izrazu za "rub" ili "granicu"?;LIMBO;2
347;Kojim se slovom grčkog alfabeta označava efekt u kojem prostor (udaljenost promatranih objekata) utječe na ljudsku percepciju vremena stvarajući tako vremensku iluziju?;KAPA;4
348;Koja je korporacija za svoju marketinšku kampanju 1995. godine platila oko tri milijuna dolara grupi Rolling Stones zbog korištenja njihove pjesme Start Me Up?;MICROSOFT;1
349;Pobijedivši ispred para Irina Lobačeva i Ilja Averbuh, na kojim je Zimskim olimpijskim igrama plesni par Marina Anissina i Gwendal Peizerat Francuskoj donio prvo zlato u umjetničkom klizanju nakon 1932. godine?;SALT LAKE CITY/2002.;4
350;Deltiologija je pojam koji se odnosi na proučavanje i skupljanje čega?;RAZGLEDNICA;4
351;Imenovan po ruskom arhipelagu u arktičkom krugu, kako se naziva polarni optički fenomen koji nastaje zbog prelamanja Sunčeve svjetlosti izmedu atmosferskih tankih slojeva zraka ukojima je temperatura znatno različita nego iznad i ispod njih? Taj je efekt prvi put zabilježio član Barentsove ekspedicije Gerrit de Veer, a manifestira se prividom da je Sunce izašlo iako se ono još uvijek nalazi ispod horizonta.;Efekt NOVAJE ZEMLJE;5
352;U strahu od komunističke indoktrinacije tadašnje kubanske vlasti, uplašeni su roditelji u suradnji s Katoličkom crkvom u razdoblju izmedu 1960. i 1962. godine s Kube u SAD prebacili više od 14 tisuća djece u operaciji poznatoj pod kojim "književnim" imenom?;PETAR PAN;4
353;Koji je skladatelj autor opsežna zborskog djela Njemački rekvijem op. 45 iz 1868. godine, kompozicije nadahnute tugom za netom umrlom majkom? Sedam stavaka u trajanju od 80 minuta čine Rekvijem njegovim najdužim djelom.;Johannes BRAHMS;4
354;Nastao iz pera Ivane Brlić-Mažuranić 1937. godine, naslovni junak i turski sužanj Jaša Dalmatin potkralj je koje savezne države na zapadu Indije?;GUDŽERAT (GUDŽARAT);4
355;Pod imenom Max Stierlitz krije se sovjetski obavještajac Maksim Isajev iz ciklusa špijunskih romana Julijana Semjonova, a sovjetska i svjetska javnost toga junaka i omiljenog lika sovjetske pop-kulture upoznala je ekranizacijom romana u kojoj istoimenoj televizijskoj seriji iz 1973., koja je Vjačeslava Tihonova vinula u glumačke zvijezde?;SEDAMNAEST TRENUTAKA PROLJEĆA;4
356;Na groblju otočića San Michele u blizini kojega je grada posljednje počivalište glazbenih velikana Igora Stravinskog i Sergeja Djagileva, redatelja Ezre Pounda, pisca Josifa Brodskog, slikara Zorana Mušiča, fizičara Christiana Dopplera i nogometnog "revolucionara" Helenija Herrere?;VENECIJA;4
357;Prema francuskom za"skitnicu" ili "lutalicu", kako se zove osoba koja se slobodno šeta bez posebno zacrtana cilja, a u svojim ju je pariškim esejima proslavio Walter Benjamin opisavši je kao sasvim drugačijeg hodača od uglađenog literarnog šetača iz Tuileriesa?;FLANER;5
358;Smješten u podnožju planine Meru, grad Arusha bio je od 1994. do 2015. godine sjedište Medunarodnog suda za ratne zločine počinjene u Ruandi. Na sjeveroistoku koje se države nalazi Arusha?;TANZANIJA;5
359;Smješten na jugozapadu zemlje, kako se zove švicarski kanton s glavnim gradom Sionom, nakon Graubündena i Berna površinom najveći?;VALAIS/WALLIS;5
360;Protiv kojega je turskog nogometnog kluba Hajduk zaigrao u prvom nastupu na novom poljudskom stadionu, u rujnu 1979. u utakmici 1. kola tadašnjeg Kupa prvaka?;TRABZONSPOR;5
361;Kako se zove područje geometrije koje se bavi proučavanjem geometrijskih likova u ravnini i njihovim odnosima?;PLANIMETRIJA;4
362;Kako se zvala jedrilica Mladena Šuteja, kojom je, započevši plovidbu 1994. godine, objedrio svijet meridionalnim rutama, a prošao je kroz područje Arktika, dojedrio do Antarktike te se nakon 37 mjeseci jedrilicom uspješno vratilo u Kraljevicu?;HRVATSKA ČIGRA;4
363;Uglavnom se uzgaja u Kini, a najkvalitetniji je na Tajlandu: kako se, prema kineskom za "crni zmaj", zove napola fermentirani čaj obrađen iz lišća Camellia sinensis, koji sadrži više teina nego zeleni čaj i manje od crnog čaja, a koristi se kao dodatak za mršavljenje?;OOLONG/WÜLÓNG;5
364;Planinski lanac nazvan je po ocu, a njegov najviši vrh (4509 metara), ujedno i najviša točka Papue Nove Gvineje, po mladem sinu. Sin je Wilhelm, a otac je koji državnik?;Otto von BISMARCK (Bismarckovo gorje);5
365;Osvojivši "kipiće" za filmove Gravitacija, Birdman i Povratnik, Emmanuel Lubezki jedina je osoba u povijesti s tri uzastopna Oscara u kojoj kategoriji?;Najbolja FOTOGRAFIJA/ KAMERA;4
366;Kako se zove tip novinarstva, čiji je tvorac novinar i pisac Hunter S. Thompson, s vrlo subjektivnom formom izvještavanja koju karakterizira upotreba sarkazma, psovki i pretjerivanja te pisanje po osjećanju? Izraz u bostonskom irskom slengu predstavlja osobu koja nakon alkoholiziranja cijele noći i dalje stoji na nogama.;GONZO novinarstvo;2
367;Koji je kultni indie rock-bend osnovan 1984. godine u New Jerseyju, a ime mu je sa španjolskog doslovno preveden izraz "imam je"?;YO LA TENGO;4
368;Pokazavši se jedinim na setu koji zna koristiti aparat za kavu, James Michael Tyler dobio je ulogu kojega "bjelokosog" lika iz Prijatelja, koji se najčešće pojavljuje u seriji, a ne pripada slavnoj šestorci?;GUNTHER;1
369;Poznat samo i kao pop, kako se zove hrvatski glagoljaški pisar, kaligraf i iluminator iz 15. stoljeća, čiji je najpoznatiji zapis onaj iz 1493. godine u kojem opisuje teško stanje u Hrvatskoj nakon poraza hrvatskoga plemstva na Krbavskome polju?;Pop MARTINAC;4
370;Čije je životno djelo fantastično-satirični roman u pet knjiga Gargantua i Pantagruel, genijalna satira zastarjelih srednjovjekovnih pogleda i institucija koje je postalo ogledalom renesansnog čovjeka?;François RABELAIS;4
371;Uz svanski, lazijski i mingrelski, koji je s oko četiri milijuna govornika najrašireniji jezik izolirane porodice jezika koju zajedno tvore?;GRUZIJSKI JEZIK (južnokavkaski/kartvelski jezici);5
372;Nazvana po središnjoj kanadskoj provinciji, odakle tradicionalno dolazi proizvodnja posebne vrste pšenice otporne na hladnoću, kako se zove vrsta bogatog brašna s visokim postotkom glutenina i glijadina, pogodna za pripremu kompaktnijih tijesta?;MANITOBA;5
373;Ako se u džudu protivnika baci na leđa s razumnom količinom snage, automatski se pobjeđuje zbog maksimalno dobivenog broja bodova koji se zove kako?;IPPON;4
374;Dok binarni sustav ima bazu 2, dekadski 10, heksadekadski 16, koji je broj u bazi vigezimalnog brojevnog sustava?;20;5
375;Zbog blagotvornih eteričnih ulja koja pogoduju koži čineći je mekom i glatkom, snop svježih grančica kojega se listopadnog stabla iz istoimene porodice (lat. Betulaceae) koristi u originalnoj finskoj sauni za lupkanje po leđima kako bi se dodatno poboljšala cirkulacija?;BREZA;4
376;U Hrvatskoj akademiji znanosti i umjetnosti u Zagrebu čuva se osamnaestostoljetna violina Guarneri King na kojoj je svirao koji slavni hrvatski violinist od 1924. godine nastanjen u SAD-u? Kritika ga je često nazivala Paganinijem našeg vremena.;Zlatko BALOKOVIĆ;5
377;Dolazeći od grčkih riječi za"isto" i "glava", kako se zove način komponiranja ljudskih likova u umjetničkim djelima kada su sve glave prikazane u istoj visini?;IZOKEFALIJA;4
378;Nazvane prema austrijskom istraživaču i znanstveniku Aloisu koji ih je otkrio 1808. godine, kako se zovu karakteristične strukture (linije) nadene u metalnim meteoritima, koje se sastoje uglavnom od slitine željeza i nikla u različitim omjerima, a osnova su za razlikovanje zemaljskog od izvanzemaljskog željeza?;WIDMANSTÄTTENOVE linije (figure);5
379;Tvrtka Hasselblad, koja proizvodi kamere i fotografsku opremu, medu ostalim poznata po kamerama korištenima za snimanje Mjeseca u misijama Apollo, osnovana je 1841. godine u kojoj današnjoj državi?;ŠVEDSKA;4
380;U slučaju prekida utakmice zbog vremenskih ili drugih okolnosti, u kojem se sportu, kao kalkulacija broja bodova za konačan rezultat, koristi matematička metoda izračuna Duckworth-Lewis-Stern?;KRIKET;4
381;Kako se jednom riječju zove sustavna primjena ekonometrijskih i statističkih metoda u istraživanju gospodarske i socijalne povijesti kako bi se dobili sintetički kvantitativni pokazatelji povijesnih promjena, posebno dugoročnog ekonomskog i socijalnoga razvoja?;KLIOMETRIJA/KLIOMETRIKA;5
382;Koja se tehnika sastoji od lijepljenja isjeckanih i aranžiranih papira na neku obojenu površinu, a u prijevodu s francuskog znači "isjeći" ili "sjeckati"?;DEKUPAŽ;4
383;Kako se zove zaljev između Jemena na južnoj obali Arapskog poluotoka i Somalije na Rogu Afrike, važna poveznica Sredozemnog i Arapskog mora te vjerojatno područje s najviše piratskih patrola na svijetu?;ADENSKI zaljev;4
384;Koji je bizantski car sredinom 10. stoljeća napisao djelo O upravljanju carstvom (De administrando imperio) jedan od najznačajnijih izvora za proučavanje rane hrvatske povijesti u kojemu između ostalog iznosi niz praktičnih uputa o vođenju vanjske politike te velik broj podataka o povijesti, običajima i državnom poretku ostalih naroda koji su živjeli kao susjedi ili podanici Bizantskoga Carstva?;KONSTANTIN VII. Porfirogenet;4
385;Poznata po vokalnim sposobnostima i jedinstvenom stilu, Umm Kulthum smatra se jednom od najznačajnijih pjevačica arapskog svijeta u 20. stoljeću. U kojoj je državi, čija joj je vlada posvetila muzej u glavnom gradu, rođena i živjela ta "zvijezda Istoka"?;EGIPAT;4
386;Na Tajlandu nang, u Indoneziji wajang, u Turskoj karagöz i hacivat, u Indiji tholu bommalata primjeri su koje vrste kazališta?;Kazalište SJENA;4
387;Koji je komičar redatelj, scenarist i glavni glumac (lik Monsieura Hulota) komedije Vrijeme igre (Playtime) iz 1967., satire potrošačkoga društva realizirane tehnikom širokoga platna, često proglašavane jednim od najboljih filmova svih vremena?;Jacques TATI;5
388;Koja je bejzbolska momčad, originalno iz njujorškog Brooklyna, a preseljena u Los Angeles 1957. godine, ime dobila po gradskim pješacima, najpoznatijima po svojoj sposobnosti brzog sklanjanja s puta jurećim tramvajima? Traži se ime franšize.;DODGERS;3
389;Koji se termin u marksizmu koristi kako bi se opisali deklasirani slojevi društva koji žive na njegovim marginama, kao što su skitnice, beskućnici, prosjaci, sitni kriminalci i prostitutke? U širem smislu izraz se koristi za opis "dna društva".;LUMPENPROLETARIJAT;5
390;Kako se zove umak, popularna delikatesa u vrijeme Rimskog Carstva, koji se dobiva tako da se riba ostavi da fermentira u soli ili slanoj vodi nekoliko tjedana ili mjeseci, nakon čega se filtrira iz dobivene paste?;GARUM;5
391;Koja je pjesma s albuma Synchronicity grupe The Police inspirirana knjigom Paula Bowlesa Zaklon od neba (The Sheltering Sky)? Po toj je knjizi, o mladom bračnom paru koji kreće na putovanje sjevernom Afrikom u nadi da će ih ono opet zbližiti, Bernardo Bertolucci 1990. godine režirao istoimeni film (hrvatski je naslov istovjetan prijevodu tražene pjesme).;TEA IN THE SAHARA;3
392;Povezan s pomorskom tradicijom iz doba velikih geografskih otkrića, koji se navigacijski instrument nalazi na zastavi Portugala?;OBRUČASTA (ARMILARNA) SFERA;5
393;Nazvani tako zato što su oprečno s tadašnjom plemićkom modom kratkih ispod koljena podvezanih hlača (culotte) nosili hlače dužih nogavica, kako su se zvali pripadnici Nacionalne garde iz 1793. godine, a kasnije sinonim za ultrarevolucionare na koje su se naslanjali jakobinci u vrijeme terora?;SANKILOTI/SANS-CULOTTES;5
394;Koji je njemačko-američki razvojni psiholog i psihoanalitičar, dobitnik Pulitzerove nagrade 1970. godine za djelo Ghandijeva istina, skovao pojam "kriza identiteta"?;Erik Homburger ERIKSON;5
395;Nazvan po jednom od najvećih igrača u povijesti, američkom"Mr. Pocket Billiards" Williamu Josephu, kako se zove godišnji turnir u devetki (nine-ball pool), popularnoj inačici bilijara, koji se od 1994. održava izmedu timova Europe i SAD-a? Turnir se često uspoređuje s kupom Ryder u golfu i Weberovim kupom u kuglanju.;MOSCONIJEV kup;5
396;Referirajući se naslovom na često ponavljan stih u novozavjetnom Otkrivenju, kako se zove nagrađivani film Elema Klimova iz 1985. godine, jedan od najemocionalnijih prikaza brutalnosti ratnih strahota i užasa, koji uz to dočarava ugođaj potpunog rasapa čovječnosti prikazom razvoja junaka Florje od nevinog dječaka do duševno traumatizirane ličnosti?;IDI I GLEDAJ / IDI I SMOTRI;5
397;Rođen kao Arnold George Dorsey, kako se umjetničkim imenom",posudenim" od njemačkog skladatelja iz 19. stoljeća (opera Ivica i Marica), zove britanski pop-pjevač, poznat po hitovima Release me i The Last Waltz?;Engelbert HUMPERDINCK;5
398;Podrijetlom iz grčkog jezika za "isto" i "ime", koji je znanstveni naziv biljne ili životinjske vrste koji čine dvije iste riječi, primjerice Rattus rattus ili Axis axis?;TAUTONIM;5
399;Prema glazbalu koje su svirali, kako su se zvali slijepi putujući svirači u 19. stoljeću koji su izvodili ukrajinske narodne pjesme, a ime dijele sa zbirkom pjesama Tarasa Ševčenka iz 1840. godine?;KOBZARI;5
400;Kako se, prema američkom sociologu Stephenu, zove tzv. zakon eponimije po kojemu se niti jedno znanstveno otkriće ne zove po onomu tko ga je doista otkrio? Zakon ukazuje na činjenicu da se znanstvena dostignuća ne stvaraju ni iz čega već su posljedica procesa koji obuhvaćaju ogroman broj ideja, pokušaja i pogrešaka koje se na kraju najčešće pripišu onom tko ih sublimira u konačan oblik.;STIGLEROV zakon eponimije;5
401;U današnjem značenju priručnik u kojem se u abecednom popisu donosi pregled ukupnoga ljudskog znanja, koja je riječ ušla u veliki broj jezika prema početnoj riječi naslova djela filologa Egidija Forcellinija iz 1771. godine?;LEKSIKON (Lexicon totius latinitatius);4
402;Novaci koje vojne jedinice početkom svibnja svake godine prisežu u rimskom dvorištu San Damaso na jezicima kantona iz kojih potječu?;ŠVICARSKA GARDA;4
403;Iako je samostalno osvajao više planinskih vrhova, švicarski planinar Matthias Zurbriggen ostao je upamćen po tome što se u siječnju 1897. godine prvi popeo na koji poznati planinski vrh izvan Azije najviši na svijetu?;ACONCAGUA;5
404;Podrijetlo koje mjerne jedinice nalazimo u staroj rimskoj mjernoj jedinici tisuću koraka (zapravo dvokoraka rimske vojske) tadašnje vrijednosti oko 1478 metara čija je mjera precizno određena i unificirana tek 1959. godine?;Kopnena MILJA;2
405;Koji je šampion Formule 1 dobar dio karijere nosio nadimak "Kišni Čovjek" zbog veličanstvenih vožnji u teškim, kišnim uvjetima?;Ayrton SENNA;4
406;Alfred Binet predstavio je 1905. godine prvi praktični standardizirani test, kasnije poznat i kao Binet-Simonova ljestvica, za ispitivanje čega?;Kvocijent INTELIGENCIJE;4
407;Neke su od današnjih devet one za kršćanski nauk vjere, za istočne crkve, za bogoštovlje i sakramente te za kanonizaciju. Kako se, prema latinskom za udruživanje", u Rimskoj kuriji zovu stalne ustanove kojima su na čelu kardinali, a povjerene su im odredene funkcije u upravljanju Crkvom?;KONGREGACIJA;4
408;Skulpture naroda Pende, Kota, Yombe, Fang, Bamana i Senugo pripadaju umjetnosti kojega kontinenta?;AFRIKA;4
409;Kako se zovu malene datoteke web-stranica koje se spremaju na internetskim preglednicima korisnika, a dopuštaju mrežnim stranicama da pamte sve što su posjetitelji radili i tako d ćuju bolje iskustvo prilikom "surfanja", a razvio ih je 1994. godine zaposlenik Netscapea Lou Montulli?;COOKIE;1
410;Koji se hrvatski glumac pojavljuje u ulozi Spartaka, vode pobunjenih robova u istoimenoj povijesnoj miniseriji Roberta Dornhelma iz 2004. godine?;Goran VIŠNJIĆ;4
411;Uz to što je povezan s čuvenim Koncertom u Es-duru Igora Stra vinskog, vašingtonski posjed Dumbarton Oaks u kasno je ljeto 1944. godine bio poprište međunarodnih sastanaka koji su slje deće godine rezultirali donošenjem povelje koje međunarodne organizacije?;UJEDINJENI NARODI;4
412;Čijoj mitologiji pripadaju Hunab Ku, bog stvoritelj Yucatana, Itzamná, njegov sin i gospodar Neba, te bog divlje vegetacije Yum Kaax?;MAJANSKA;4
413;U kojoj državi morski prolaz Foveaux (Te Ara a Kiwa) odvaja najveći otok od otoka Stewarta trećeg po površini?;NOVI ZELAND;4
414;U romanu Roberta Jamesa Wallera iz 1992. godine, u kojem se okrugu dogodila kratkotrajna romansa izmedu Francesce Johnson i Roberta Kincaida, za koju se saznaje iz Francescina dnevnika otkrivena nakon njezine smrti?;MADISON;3
415;Snimljen prema romanu Zanea Greya, koji klasični vestern (originalni naziv) Fritza Langa iz 1941. godine ime dijeli s najvećom svjetskom tvrtkom za organizaciju prijenosa gotovog novca?;WESTERN UNION;4
416;Fosilni ostaci koje su pripadnice (ime) vrste Australopithecus afarensis -"karike koja je nedostajala između majmuna i ljudi" glavna atrakcija Nacionalnog muzeja Etiopije u Addis Abebi?;LUCY;3
417;Za dlaku iz slavnog brka kojega je umjetnika Yoko Ono svojedobno platila 10 tisuća dolara i bila prevarena jer joj je on, bojeći se da bi na njega mogla baciti vještičje vradžbine, u kutijicu upakirao suhu travku?;Salvador DALI;4
418;Lučki grad Port Said nalazi se na sjevernom kraju kojega kanala, za čije je izgradnje 1859. godine utemeljen?;SUESKI kanal;4
419;Biznismen Harland Sanders od 1952. godine pojavljuje se kao lice na logu kojeg lanca fast-fooda, koji je osnovao 1930. u North Corbinu, gradiću u blizini Apalačkoga gorja?;KFC;2
420;Dok je nagrada za pobjednike antičkih olimpijskih igara bila maslinov vijenac (kotinos), pobjednicima Pitijskih igara u Delfima namijenjen je bio vijenac od koje biljke iz porodice Laureaceae, čije je drvo raslo u svetom gaju boga Apolona?;LOVOR;2
421;Koji su kukci iz reda dvokrilaca često korišteni za laboratorijske (posebno mutacijske i genetičke) pokuse, u veljači 1947. godine zabilježeni kao prve životinje poslane u svemir?;VINSKE (VOĆNE) MUŠICE;4
422;Kad je 1987. godine ugledala svjetlo dana na Commodoreu 64, dvodimenzionalna videoigra The Great Giana Sisters, o virtualnim avanturama sestara Giane i Marije, bila je pokretač tužbe Nintenda protiv Time Warpa i Rainbow Artsa zbog plagiranja koje videoigre koju je Nintendo objavio nedugo prije njih?;SUPER MARIO BROS;1
423;Koje je dvije riječi u prvoj SMS poruci u predblagdansko prosinačko vrijeme 1992. godine inženjer Neil Papworth poslao šefu Vodafonea Richardu Jarvisu te time ispisao povijest i praktički stvorio novi standard komunikacije mobilnim telefonima?;MERRY CHRISTMAS;4
424;Pod kojim je nazivom od triju riječi u narodu poznat meteorski roj Perzeide, koji se zapaža od 23. srpnja do 20. kolovoza, s najvećom učestalošću 12. kolovoza, kad se može pojaviti i 80 meteora na sat?;SUZE SVETOG LOVRE;4
425;Po kojem su talijanskom gradu nazvane karte (špil od 40 karata) koje su osim u sjevernoj Italiji popularne i u primorskoj Hrvatskoj, gdje se, među ostalim, njima igraju briškula i trešeta?;TRST (triestine);4
426;Koju je povijesnu ličnost i svoga muža, prema predaji, rimska plemkinja Kalpurnija odgovarala od odlaska u Senat onoga dana kada je ubijen (15. III. 44. pr. Kr.)?;Gaj JULIJE CEZAR;3
427;Koji lik na početku filma Lilly i Lane Wachowski iz 1999. godine možemo vidjeti kako u rukama drži knjigu Simulakrumi i simulacija postmodernističkog filozofa Jeana Baudrillarda, u kojoj skriva novac i važne računalne datoteke?;NEO / Thomas A. ANDERSON;2
428;Pojam najvjerojatnije dolazi od malih, komprimiranih tableta koje je na tržištu krajem 19. stoljeća predstavila londonska farmaceutska tvrtka Burroughs Wellcome & Co. Koji je uobičajeni naziv za novine s mnogo fotografija te kratkim tekstovima praćenima bombastičnim uočljivim naslovima, čiji je prvi takav uglavnom senzacionalističkih i pojednostavljenih sadržaja popraćenima bombastičnim uočljivim naslovima, čiji je prvi takav format predstavljao Daily Mirror iz 1903.?;TABLOID;2
429;Objavljen 1987. godine s pjesmama Welcome to the Jungle, Paradise City i Sweet Child o' Mine, Appetite for Destruction debitantski je studijski album kojega hard rock-benda?;GUNS'N'ROSES;1
430;Prvotno prikazivana na MTV-u od 2000. do 2002. godine, koja je popularna reality-serija, čiji su akteri izvodili razne opasne, besmislene i trikove i vratolomije u kojima su se često povređivali, imala brojne spin-off serijale u vidu emisija Wildboyz, Viva La Bam, Homewrecker?;JACKASS;1
431;U svibnju 1950. održan je sastanak u Ministarstvu za prosvjetu i kulturu NR Hrvatske u Zagrebu, na kojem je odlučeno da će se u rujnu iste godine održati festival dalmatinskih kazališnih igara od 16. do 18. stoljeća, a ispunjenjem te odluke praktički započinje povijest kojega glazbeno-scenskog festivala?;DUBROVAČKE LJETNE IGRE;4
432;Koji je medicinski postupak glavni dio židovskog obreda brit milah koji se provodi nad muškom djecom osmog dana od rodenja?;OBREZIVANJE;4
433;Tko je svom prijatelju Franku Budgenu objasnio kako je želio sastaviti tako cjelovitu sliku Dublina da bi se grad, kad bi odjednom nestao s lica Zemlje, mogao rekonstruirati po njegovoj knjizi?;James JOYCE;4
434;Osmišljen kao antipod božićnoj histeriji i komercijalizaciji, kako se prema latinskom za "veseo" ili "radostan" zove sekularni blagdan (23. prosinca) koji je u popularnu kulturu ušao nakon pojavljivanja u Seinfeldu?;FESTIVUS;3
435;Na zahtjev cara Wanlija, isusovački misionar Matteo Ricci izradio je 1602. godine kartu svijeta koja je prikazivala Kinu u središtu. Posebnost je te karte, čijih se nekoliko preostalih primjeraka čuva u par svjetskih muzeja, što je otisnuta na papiru dobivenom od koje žitarice?;RIŽA;3
436;Triler Paranoja (Disturbia) iz 2007. godine, o mladiću koji iz kućnog pritvora špijunira susjede sumnjajući da je jedan od njih serijski ubojica, djelomično je inspiriran kojim Hitchcockovim filmom?;PROZOR U DVORIŠTE;3
437;Po jednoj verziji na taj je način porođen Julije Cezar, ali je ipak izglednije da sam izraz potječe od latinskog ab utero caeso, što znači "iz presječene utrobe". Koji način porođaja?;CARSKI REZ;2
438;Na zastavi koje je države, usvojenoj u studenome 1889. godine, kao krilatica prihvaćen Comteov pozitivistički moto: "Ljubav kao načelo, red kao temelj, napredak kao cilj"?;BRAZIL;4
439;Preporučene vrijednosti iste su za oba spola te iznose 18,5-24,9 kg/m2 po klasifikaciji Svjetske zdravstvene organizacije za europsko stanovništvo. O kakvu je pokazatelju vrijednosti riječ?;INDEKS TJELESNE MASE (BMI);4
440;Kako bi djecu upozorila na zamke kapitalizma, Elizabeth Magie osmislila je 1904. godine Kućevlasnikovu igru (The Landlord's Game), preteču koje igre na ploči pokrenute trideset godina kasnije?;MONOPOLY;1
441;Koliko je godina trajao rat koji je započeo Drugom praškom defenestracijom, a završio Vestfalskim mirom?;TRIDESET godina (1618.-1648.);4
442;Elementi prve skupine periodnog sustava, među koje se ubrajaju litij, natrij, kalij, rubidij, cezij i francij, nazivaju se kakvim metalima?;ALKALIJSKI;4
443;Koji je Norvežanin jedini alpski skijaš s 4 zlatne medalje s olimpijskih igara, a poznat je i po pobjedama u svih pet disciplina Svjetskog kupa?;Kjetil Andre AAMODT;4
444;Koje je značajno hrvatsko uzgajalište školjaka, zbog specifičnog krajolika, glumilo" norveške fjordove u američkom filmu Vikinzi iz 1958. godine?;LIMSKI ZALJEV / LIMSKI KANAL;4
445;Zbog svojih kompozicija u kojima je melodije različitih naroda obrađivao u specifičnom ritmu, američko-slovenski glazbenik Frankie Yankovic (1915. 1998.) prozvan je "kraljem" kojega plesno-glazbenog žanra u SAD-u, ujedno i češkog narodnog  plesa? Godine 1986. dobio je inauguralni Grammy za album  godine (70 Years of Hits) upravo u kategoriji traženog žanra.;POLKA;4
446;Najprije otisnut na lokalnim taksijima, stilizirani logo i slogan kojeg je grada 1976. godine osmislio grafički dizajner Milton Glaser, a koji je godinu poslije postao zaštitni znak turističke promocije grada?;NEW YORK (I LOVE NY);4
447;Koju je slavnu operu Wolfganga Amadeusa Mozarta originalno naslovljenu Trollflöjten ispjevanu na švedskom jeziku, prema libretu Emanuela Schikanedera 1975. godine ekranizirao Ingmar Bergman?;ČAROBNA FRULA;4
448;Umišljeni bolesnik i Tartuffe neka su od djela kojeg čuvenog francuskog komediografa, čija je dramaturgija vezana za Plauta, Terencija i talijansku komediju?;MOLIERE (Jean-Baptiste POQUELIN);4
449;Zadužena za projekt izgradnje savršenoga komunističkog građanina, tzv. ""novoga čovjeka", Margot Honecker 25 je godina obavljala funkciju posljednje ministrice obrazovanja u kojoj državi?;ISTOČNA NJEMAČKA (DDR);4
450;Nastao prema lokalnom izgovoru riječi cheval ("konj"), sociolekt joual prvotno je bio vezan isključivo uz govor tamošnje radničke klase, a poslije i kao nacionalni simbol stanovnika koje kanadske provincije?;QUEBEC;4
451;Australski znanstvenik i izumitelj David Warren poznat je po izumu kojega uređaja, važnog pri istragama zrakoplovnih nesreća?;CRNA KUTIJA;1
452;Potomak ugledne hrvatske obitelji i kći bana, koja je talentirana skladateljica autorica minijature Dva nokturna te Simfonije u fis-molu smatrane prvom modernom hrvatskom simfonijom?;Dora PEJAČEVIĆ;3
453;Za razliku od disciplina skul, koliko vesala duljine oko 370 cm u rukama drži svaki veslač u rimenu (sweep rowing)?;JEDNO;2
454;Kako se zove prva i trenutačno najveća poslovna društvena mreža na svijetu, namijenjena umrežavanju i traženju poslovnih kontakata?;LINKEDIN;1
455;Kako se zove stanična dioba kojom nastaju spolne stanice, a čije su osnovne značajke redukcija diploidnog (dvostrukog) na haploidan (polovičan) broj kromosoma i genska rekombinacija?;MEJOZA;3
456;Ženska reprezentacija koje je azijske države neprikosnoveni vladar olimpijskog streličarstva? Naime, od 1988. ta je reprezentacija u timskom natjecanju osvojila sva zlatna odličja.;JUŽNA KOREJA;5
457;U široj javnosti poznat po Biciklistima velikoj kompoziciji drvenih skulptura, tko je autor spomenika Draženu Petroviću ispred Olimpijskog muzeja u Lausannei?;Vasko LIPOVAC;5
458;Prevedena s arapskog u značenju učilišta, kako se zove islamska vjerska škola u koju se stupa nakon završenog mekteba (osnovna islamska škola)?;MEDRESA;4
459;Za četiri najsjajnije zvijezde kojega zviježđa Aboridžini vjeruju kako predstavljaju oposuma Bunyu i tri koplja kojima je ubijen opasni emu Tchingal?;JUŽNI KRIŽ;4
460;Povezivana s bojom odjeće budističkih redovnika koji su predvodili prosvjede, po kojem se začinu naziva dvomjesečna revolucija u Mjanmaru 2007. godine zbog odluke vojne vlade o ukidanju subvencija za gorivo?;ŠAFRAN;4
461;Zbog gotovo 6-minutnog trajanja, kojoj pjesmi grupe Queen s albuma A Night at the Opera mnogi kritičari nisu davali puno izgleda za uspjeh? Unatoč tome, pjesma je postala jedan od najvećih hitova širom svijeta.;BOHEMIAN RHAPSODY;1
462;"Ptičji" nadimak momčadi NFL-a iz Baltimorea nastao je inspiriran pjesmom kojega čuvenog pisca iz 19. stoljeća?;Edgar Allan POE;3
463;Graditelj i arhitekt Carl Gotthard Langhans po nalogu je pruskoga kralja Fridriha Vilima II. od 1788. do 1791. godine, nadahnut propilejima na atenskoj Akropoli, konstruirao koju neoklasicističku građevinu, jedan od najpoznatijih simbola Njemačke?;BRANDEBURŠKA VRATA;4
464;Formula za izračun temperature crne rupe masivne poput Sunca iznosi 0,06 milijuntih dijelova stupnja iznad apsolutne nule uklesana je u čiji nadgrobni spomenik u londonskoj Westminsterskoj opatiji, gdje mu pepeo počiva između Newtonova i Darwina?;Stephen HAWKING;4
465;Koje je cvijeće sredinom 16. stoljeća iz Turske u Nizozemsku, ali i općenito u zapadnu Europu, prvi donio flamanski diplomat Ogier Ghiselin de Busbecq?;TULIPANI;4
466;Koja je američka ikona i personifikacija SAD-a s cilindrom i prugastim hlačama popularizirana šezdesetih godina 19. stoljeća u karikaturama Thomasa Nasta, a kasnije joj je status bio pojačan plakatima za regrutaciju s porukom"I Want You" slikara Jamesa Montgomeryja Flagga?;UNCLE SAM;2
467;U kojem su Pulitzerom nagrađenom stripu (1980. 1991.) nakao svinje, Francuzi kao žabe, Šveđani kao jeleni, Britanci kao cisti prikazani kao mačke, Židovi kao miševi, Poljaci nežidovi ribe, što ublažava prikazane grozote i unosi humornu notu u okrutne događaje holokausta?;MAUS;3
468;Festfolk, u značenju "partijaneri", ali i slengovski izraz za zaručene parove, prvotno je bilo ime kojeg poznatog pop-benda?;ABBA;3
469;Nastala pod utjecajem slavnog Goyina 3. svibnja 1808., Picassova potresna slika iz 1951. godine,  koja prikazuje strijeljanje bespomoćnih civila, najvjerojatnije je inspirirana stvarnim masakrom u blizini sela No Gun Ri par mjeseci ranije – u jeku kojega rata?;KOREJSKI;5
470;Američki inovator Eli Whitney u povijesti je ostao upamćen ponajviše zahvaljujući izumu stroja koji je brzo i jednostavno odvajao vlakna od sjemenki koje biljke, što je bio jedan od ključnih izuma u vrijeme industrijske revolucije?;PAMUK;5
471;Kako se zvao slijepi redovnik benediktinske opatije Hautvillers, koji je prema legendi krajem 17. stoljeća razvio poseban postupak za dobivanje pjenušavog vina -šampanjca?;Dom Pierre PERIGNON;4
472;Sugerirajući internacionalno i multirasno prožimanje osobnosti, uvodna glazbena tema Davida Schwartza iz koje je HBO-ove serije o stvaranju civilizacije na Divljem zapadu, za potpuni doživljaj "spojila" gusle, ukulele, gitaru, harmoniku, frulu i kuhinjske lonce?;DEADWOOD;3
473;Od grčkog za upržiti", kako se zove slikarska tehnika u kojoj su pigmenti boje vezani voskom?;ENKAUSTIKA;5
474;Nakon što je ranija studija pokazala sve veću ovisnost o internetu, u Južnoj je Koreji 2011. godine donesen zakon koji djeci mlađoj od 16 godina izmedu ponoći i šest ujutro zabranjuje pristup internetskim stranicama s videoigrama, a kolokvijalno je poznat pod kojim "bajkovitim" imenom?;PEPELJUGIN zakon;3
475;Kao olimpijska disciplina službeno predstavljena u Sydneyju 2000. godine, keirin je specifična sprinterska utrka u kojem sportu?;BICIKLIZAM;4
476;Na naslovnici debitantskog studijskog albuma Unknown Pleasures iz 1979. godine kojega se kratkotrajnog post-punk-benda nalazi transkripcija emitiranih radiovalova s prvog otkrivenog pulsara PSR B1919+21?;JOY DIVISION;4
477;Rađen prema scenariju Pavla Pavličića, koji je film Zorana Tadića postao začetnik novožanrovskog filma, orijentacije sukladne vrijednosnom sustavu i načelima "hičkokovaca"?;RITAM ZLOČINA;4
478;Koji je hrvatski nogometni klub u svibnju 1945. godine za vrijeme turneje po Africi i Aziji proglašen počasnom sportskom momčadi Slobodne Francuske, a povelju je uručio manje poznat, ali vrlo zaslužan general Humblot po odobrenju čuvenoga generala Charlesa de Gaullea?;HAJDUK (Split);5
479;Prema grčkoj riječi za "strano", kako se zove kemijski element atomskog broja 54, plemeniti plin bez boje i mirisa koji se koristi za punjenje visokotlačnih žarulja i svjetlećih cijevi?;KSENON;4
480;Kako se zove žanr američke filmske komedije tridesetih i četrdesetih godina 20. st. o muško-ženskim odnosima u suvremenim ambijentima, brza tempa radnje te izrazito dijaloški?;SCREWBALL;4
481;U grčkoj mitologiji gotovo nesavladiv div Antej ubijao je protivnike u borbi hrvanjem jer kad bi posrnuo, dotaknuo bi zemlju od koje bi dobivao novu"majčinsku" snagu. Otac mu je bio Posejdon, koja mu je božica bila majka?;GEJA / GEA;4
482;Koji je sport u Škotskoj 1457. godine zabranio kralj Jakov II. osjećajući da su tamošnji mladi zbog previše igranja toga sporta zapostavili prakticiranje streličarstva?;GOLF (Golfska struja);4
483;Kako se naziva boja koja je prvotno dobila ime po cvijetu biljke fuksije, no nakon pobjede francuske vojske nad Talijanima boja e proslavila pobjeda u bitki pokraj dobiva novo ime kako bi se istoimenog talijanskog grada?;MAGENTA;4
484;U doslovnom značenju"neumirući", amrit je posvećena i zasladena voda koja se koristi prilikom obreda pristupanja kojoj vjerskoj zajednici?;SIKHI;4
485;Otisnuta samo 28 godina nakon Guttenbergove Biblije, koja je prva knjiga tiskana (1483.) glagoljicom i na hrvatskom jeziku te ujedno prvi misal u Europi koji nije tiskan latinicom i na latinskom jeziku?;MISAL PO ZAKONU RIMSKOGA DVORA;5
486;Nakon onoga u Montrealu, najveći i najznačajniji godišnji jazz-festival na svijetu održava se od 1967. godine u Montreuxu, gradiću na istočnoj obali kojega jezera?;ŽENEVSKO jezero;4
487;U fantastičnoj humornoj drami Wojciecha Hasa, jedan konjički časnik za vrijeme Napoleonskih ratova privremeno sklonište pronalazi u razorenoj gostionici u kojem španjolskom gradu, gdje neočekivano otkriva stari ilustrirani rukopis i biva u pot-punosti uvučen u njegovu priču?;ZARAGOZA;4
488;Ženevski bankar Jacques Necker od 1777. do 1781. godine bio je na poziciji ministra financija u administraciji kojega monarha?;LUJ XVI.;5
489;S više od 80 milijuna govornika, telugu je najrašireniji jezik (drugi je tamilski) koje veće porodice jezika, koja je uglavnom zastupljena u južnoj Indiji i sjevernoj Šri Lanki te pojedinim dijelovima jugoistočne Azije?;DRAVIDSKI jezici;5
490;Koja se sociološka teorija temelji na tvrdnji da je moć u društvenim zajednicama koncentrirana u rukama male, ali utjecajne skupine ljudi naspram ostatka društva?;Teorija ELITA;4
491;Budući da su joj odbili ime kontinenta upisati kao vlastito, ova glumica je službeno upisana pod drugim imenom, no cijeli život koristi ono drugo. Pod kojim je osobnim imenom poznata zvijezda pokreta #MeToo, kći redatelja Darija Argenta i bivša (do njegove smrti) djevojka čuvenog chefa Anthonyja Bourdaina?;ASIA;4
492;Kojem su tipu teretnog jedrenjaka pripadale Victoria, kojom je Magellan oplovio svijet, i Santa Maria, kojom je Kolumbo doplovio do Amerike?;KARAKA;4
493;Koliko minuta traje utakmica u ragbiju 7, brzoj varijanti ragbija koja je od 2016. godine u programu Olimpijskih igara?;14 (2 x 7);4
494;Koja se biljka koristi za dobivanje poznate hvarske čipke, pri čemu sirovinu čine tanke, bijele niti izvučene iz njezina svježeg lišća?;AGAVA;4
495;Aplikacije za dopisivanje poput WhattsAppa i Telegrama te e-mail servisi koriste sustav enkripcije poznat pod akronimom E2EE. Ako posljednje "E" označava enkripciju", koju riječ označavaju prva dva slova "E" u akronimu?;END;4
496;S gotovo 350 promila Don Juan i Vanda medu najslanijim su jezerima na svijetu. Na kojem se kontinentu, u dolini Wright, nalaze ta slana jezera?;ANTARKTIKA;4
497;U kojem je gradu rođen Paolo Caliari, slikar visoke renesanse i manirizma, uz Tiziana i Tintoretta najistaknutiji predstavnik venecijanskog cinquecenta? Teme su mu uglavnom biblijske i alegorijsko-mitološke, a osobito su ga privlačili motivi gozbi koje je slikao na velikim platnima.;VERONA (Paolo Veronese);5
498;Blaženi Pino Puglisi, svećenik koji je ubijen u Palermu u rujnu 1993., službeno se smatra prvim mučenikom Crkve kojega je ubila koja organizacija?;COSA NOSTRA;4
499;U suradnji sa sinom Andreom, koji je slavni skladatelj komponirao glazbu za film Cinema paradiso Giuseppea Tornatorea?;Ennio MORRICONE;4
500;Uz nazive Prva bitka kod Tannenberga i Bitka kod Grunwalda, pod kojim je "sportskim" imenom još poznata bitka u kojoj su se u srpnju 1410. godine sukobile vojska teutonskog viteškog reda i snage Poljsko-Litavske Unije?;Bitka kod ŽALGIRISA;5
501;Nastao prema američkom slengovskom izrazu za mladu ženu, koji anglizam označava prozu u kojoj su junakinje urbane mlade žene (osobito one single") u kasnim dvadesetim i ranim tridesetim, s karijerom i financijski neovisne, obično u potrazi za onim pravim? Rodonačelnice su toga žanra nastalog sredinom devedesetih Helen Fielding, Melissa Banks, Candace Bushnell, Emma McLaughlin.;CHICK LIT;2
502;Koja poznata pjesma The Clasha iz 1982. godine ime dijeli s pet godina kasnijim filmom Alexa Coxa?;STRAIGHT TO HELL;4
503;Obranu Sokratovu mnogi stručnjaci smatraju njegovim najstarijim djelom. Koji filozof u tom spisu filozofski i književno oblikuje Sokratovu obranu pred atenskim sucima, idealizirajući Sokratov lik kao filozofski i etički upućena čovjeka i karakterno ispravna pojedinca u odnosu na neuko i pokvareno mnoštvo atenskoga društva i njegova sustava?;PLATON;3
504;Koja životinja na slici Henrija Rousseaua iz 1897. godine u pustinji posjećuje usnulu afričku Ciganku u orijentalnoj nošnji, s mandolinom pokraj sebe?;LAV;4
505;U kojem se gradu na jugozapadu Engleske nalazi gotička katedrala Blažene Djevice Marije, koja posjeduje najbolje sačuvanu originalnu kopiju Magne Carte?;SALISBURY;4
506;Dijeleći ime s početnim dijelom radnje prije prve korske pjesme u starijoj grčkoj tragediji, kako se zove programski jezik za logičko programiranje i umjetnu inteligenciju, koji je 1972. godine razvio francuski informatičar Alain Colmerauer?;PROLOG;4
507;Koji je ruski skladatelj autor Koncerta za klavir br. 3 u d-molu iz 1909. godine, koje se smatra tehnički najzahtjevnijim djelom ikad namijenjenim za klavirski repertoar?;Sergej Vasiljevič RAHMANJINOV;4
508;Pretečom kojega je uređaja, kojim je dobio zapis na papiru, fiziolog Augustus Desiré Waller 1882. snimio svoga psa umočivši mu sve četiri šape u otopinu srebrovaklorida, postavivši tako temelje na kojima je nizozemski fiziolog Willem Einthoven usavršio prvi praktični mehanizam rada, za što je 1924. godine nagraden Nobelovom nagradom?;EKG / ELEKTROKARDIOGRAF;4
509;Koja se boja, uz ime Hrvatske, koristila u nazivu kojim se u Ljetopisu popa Dukljanina označuje područje od mjesta Dalme do grada Bambalone, tj. do Drača u Albaniji, a upotrebljavali su ga poslije i drugi srednjovjekovni pisci i kroničari?;CRVENA;4
510;Osim glavnog lika Bérengera, u koju se porodicu životinja, jedan po jedan pretvaraju stanovnici francuskog provincijskog grada u istoimenoj drami Eugenea Ionesca iz 1959. godine?;NOSOROG;4
511;Slobodnim prijevodom s tamošnjih jezika mossi i dioula u značenju  "zemlja poštenih ljudi", kako se od 1984. godine zove država nekoć poznata kao Gornja Volta?;BURKINA FASO;5
512;Najpoznatije umjetničko djelo unutar gentske katedrale sv. Bavona jest petnaestostoljetni oltarni poliptih koje slikarske braće?;VAN EYCK (Hubert i Jan);5
513;Afera "Iran-Contra" bila je politički skandal za vrijeme drugog Reaganova mandata, kada su visoki službenici njegove administracije ilegalno prodavali oružje Iranu u borbi s Irakom, a sredstva od prodaje namijenili antikomunističkim pobunjenicima u borbi protiv vlade koje latinoameričke države?;NIKARAGVA;4
514;S latinskog preveden kao  "pođi sa mnom", koji se izraz koristi za knjige koje služe kao priručnici, tumači ili savjetnici za razne struke? Ime dijeli s Henkelovim brendom zubnih pasta.;VADEMECUM;4
515;Imenovana po švedskom nobelovcu, svedberg je posebna jedinica sedimentacijskog koeficijenta definirana prema kojoj mjernoj jedinici SI-a?;SEKUNDA;4
516;Skraćeno na dva ista slova, kako se označava pozicija igrača u bejzbolu ili softbolu između druge i treće baze, koja se smatra jednom od najzahtjevnijih obrambenih pozicija u tim sportovima?;SS ("Shortstop");4
517;Ondje se nekad na burzi trgovalo s 80 posto svih sirovih dijamanata i s oko polovicom svih brušenih dijamanata koji se uopće prodaju u svijetu. Koji belgijski grad zbog toga zovu gradom dijamanata"?;ANTWERPEN;5
518;Jedinstven u Hrvatskoj po pojavi prizmatskoga lučenja albitnog riolita (eruptivne stijene), Rupnica je napušteni kamenolom kraj Voćina i jedinstveni geološki spomenik prirode, smješten u kojem slavonskom parku prirode?;PAPUK;4
519;Koji se čuveni rukopis od sačuvane 234 stranice, nepoznata pisma i autora, nalazi u Dvorani za rijetke knjige knjižnice Sveučilišta Yale pod kataloškim brojem MS 408?;VOYNICHEV rukopis;4
520;Koji su hrvatski grad Rimljani zvali Castrum Iovia (Jupiterova vojna utvrda) jer su smatrali da je u sredini njima poznatog svijeta, pa je danas na njegovu središnjem trgu ucrtan niz koncentričnih krugova s mjedenom pločom u sredini središtem Zemlje?;LUDBREG;4
521;Osnovana u New Yorku 1939. godine, kako se zove jedna od najznačajnijih izdavačkih kuća u povijesti jazza, čije ime dolazi iz glazbenog žargona i predstavlja  "misterioznu" mikrotonalnu notu, poznatu i kao  "savijena nota"?;BLUE NOTE Records;3
522;Nastala djelomično inspirirana pozom Michelangelova Umirućeg roba, skulptura Brončano doba Augustea Rodina originalno je izrađena od kojeg materijala?;BRONCA;3
523;Pjesmu I Dreamed a Dream, koju je svojim nastupom u showu Britain's Got Talent popularizirala Susan Boyle, originalno izvodi lik Fantine u prvom činu kojega mjuzikla, nastala prema istoimenom romanu?;JADNICI;3
524;Sudeći po naslovu, koliko je zajedno ljubavnih i očajničkih pjesama u naslovu zbirke Pabla Nerude iz 1924. godine, najprodavanije pjesničke knjige na španjolskom jeziku?;21 (Dvadeset ljubavnih i jedna očajnička pjesma);5
525;Nazvana tako zbog oskudnosti prirodnih i ostalih resursa, pustinja Blaca prostire se na pedeset i šest hektara od Dragovoda sve do uvale Blaca na kojem otoku?;BRAČ;4
526;More i Sinbadov brod, Priča princa Kalendera, Princ i princeza te Festival u Bagdadu naslovi su stavaka koje simfonijske suite Nikolaja Rimski-Korsakova iz 1888. godine, nazvane po legendarnom ženskom liku?;ŠEHEREZADA;4
527;Kako se naziva seksualna privlačnost usmjerena prema osobama u kasnijoj fazi adolescencije između 15 i 19 godina?;EFEBOFILIJA;5
528;Kako se zove skijalište i resort u Kaliforniji, gradeno od 1956. godine i u potpunosti dovršeno za Zimske olimpijske igre 1960.?;SQUAW VALLEY;5
529;Uz kvadraturu kruga i trisekciju kuta, kako se, prema otoku u Cikladima i Apolonovu svetištu, zove treći klasični problem antičke geometrije koji se svodi na geometrijsku konstrukciju rješenja kubne jednadžbe x3 = 2a3?;DELSKI problem;5
530;Koji je bivši svjetski šahovski prvak 2002. godine sudjelovao u meču poznatom kao "Brains in Bahrain" odigravši s računalnim programom Deep Fritz 7 neodlučeno 4-4?;Vladimir KRAMNIK;5
531;Predstavljen 1968. godine, koji je Mattelov brend dječjih igračaka svojevremeno sponzorirao drag-vozače Dona Prudhommea i Toma McEwena te NASCAR-ove natjecatelje Kylea Pettyja i Jeffa Burtona?;HOT WHEELS;3
532;Koja se prašuma nalazi u sjeverozapadnom dijelu NP Plitvička jezera, na površini od 84 hektara i na prosječnoj nadmorskoj visini od oko 1000 metara? U njoj su prisutni svi razvojni stadiji sastavnica prašumskog ekosustava.;ČORKOVA UVALA;4
533;Koji je engleski kralj, jedini tamošnji monarh nadimka  "Veliki" i najmlađi Ethelwulfov sin, poznat po pobjedi nad Dancima i zauzimanju Londona 886. godine, kojima je osigurao anglosasko kraljevstvo? Reorganizirao je vojsku te izgradio prvu englesku flotu zbog čega je prozvan  "ocem engleske mornarice".;ALFRED Veliki;4
534;Kako se u fizici zove val kod kojega čestice sredstva titraju okomito na smjer širenja vala?;TRANSVERZALNI val;3
535;Kako se, po prezimenu španjolskog istraživača (1475.-1519.) koji je otkrio istočnu stranu Tihog oceana, zove uz američki dolar službeno sredstvo plaćanja u Panami?;BALBOA;5
536;U filmu Georgea Clooneyja iz 2005. godine prema istinitoj priči o TV novinaru i voditelju Edwardu R. Murrowu i njegovoj otvorenoj borbi protiv metoda zloglasnog senatora McCarthyja, kojom je rečenicom slavni Murrow završavao svoje emisije?;LAKU NOĆ I SRETNO (ime filma);4
537;Nakon odsluženja vojnog roka nekih članova benda, Haustor 1984. godine objavljuje svoj drugi studijski album s kojom političko-ekonomskom sintagmom od dviju riječi u naslovu?;TREĆI SVIJET;4
538;Koga je, poslije smrti u srpnju 1374. godine, talijanski humanist Coluccio Salutati proglasio većim prozaikom od Cicerona i slavnijim pjesnikom od Vergilija?;Francesco PETRARCA;4
539;Nazvan po satiru iz grčke mitologije kojega je bog Apolon živog oderao, kako se zove 150 metara dugi kip od PVC-a i čelika Anisha Kapoora u suradnji sa Cecilom Balmondom, najveća skulptura ikad napravljena za zatvoreni prostor?;MARSIJA (MARSIJAS);5
540;Koji Haydnov veličanstveni oratorij glazbenim jezikom opisuje događaje tijekom šest dana iz biblijske Knjige Postanka?;STVARANJE svijeta (Die SCHÖPFUNG);5
541;Kako se zvala indijska vladarska dinastija po kojoj je carstvo nazvano kojim je vladala od 4. do 6. stoljeća na području sjeverne Indije, a doba njezine vladavine klasično je razdoblje indijske književnosti i umjetnosti?;GUPTA;5
542;S kojom susjednom saveznom državom ime dijeli njujorška željeznička stanica koja je s gotovo šesto tisuća putnika dnevno najprometniji željeznički kolodvor na zapadnoj hemisferi?;PENNSYLVANIA;5
543;Kako se, znakovito, u snookeru naziva situacija kada jedan igrač  "sakrije" kuglu koju protivnik mora pogoditi na način da ne postoji ravna putanja do takve kugle, već suparnik mora tražiti zaobilazni put da bi je udario?;SNOOKER;4
544;Kako se naziva osoba u čijem se profilu preklapaju značajke introvertnog i ekstrovertnog tipa osobnosti?;AMBIVERT;4
545;Smješteni u Massachusettsu, New Yorku i Pennsylvaniji, pod kojim su zajedničkim imenom od dviju riječi poznati prestižni fakulteti Vassar, Wellesley, Mount Holyoke, Smith, Radcliffe, Bryn Mawr i Barnard, koji se tradicionalno smatraju  "ženskim fakultetima"?;SEDAM SESTARA / SEVEN SISTERS;4
546;Naziva se još i monopolom kupca, a pojavljuje se najčešće kod prometa nekih sirovina na lokalnim tržištima ili kada država ima isključivo pravo otkupa nekih proizvoda. Kako se u ekonomiji zove stanje na tržištu kada postoji samo jedan kupac za neku robu?;MONOPSON;5
547;Nastala u Kolumbiji krajem devedesetih, kako se zove oblik anticelulitne masaže koja se izvodi isključivo drvenim valjcima i rolerima različitih tekstura, posebno dizajniranima za tu namjenu, a čiji je cilj stimulacija limfnog sustava i cirkulacije?;MADEROTERAPIJA;5
548;Osim po nadimku  "Drakula", kako se još nazivao vlaški knez i turski vazal iz 15. stoljeća Vlad III., čiji drugi nadimak potječe od rumunjske riječi za onoga koji  "nabija na kolac"?;TEPES/CEPEŠ;5
549;Prema opsegu vulkanskog tufa u km3, erupcija Tambore bila je tridesetak puta slabija od erupcije kojega vulkana prije otprilike 75 tisuća godina? Ta se erupcija smatra najjačom eksplozijom na Zemlji u posljednjih 25 milijuna godina, a dogodila se na mjestu današnjeg istoimenog jezera na indonezijskom otoku Sumatri.;TOBA;5
550;Najpoznatiji po brojnim velikim domaćim djelima zabavne, ali i ozbiljne, uglavnom orkestralne glazbe, koji je skladatelj i gitarist 1961. godine utemeljio vokalno-instrumentalni sastav Dubrovački trubaduri?;Đelo JUSIĆ;5
551;Koji je ugandski grad u naslovu filma Joséa Padilhe iz 2018. godine, istinitoj priči o tome kako su palestinski i njemački teroristi oteli zrakoplov na liniji Tel Aviv Pariz? Sedam dana poslije (4. srpnja 1976.) talačka je kriza naposljetku riješena djelovanjem izraelskih komandosa.;ENTEBBE;5
552;Za koju je vrstu kazališta, kojom se prekida tradicija i odbacuju stari scenski oblici, dramatičar i kazališni redatelj Antonin Artaud napisao manifest te uvelike doprinio razvoju žanra zbirkom eseja Kazalište i njegov dvojnik (Le Théâtre et son double)?;Kazalište OKRUTNOSTI;4
553;Uz NTSC i SECAM, kojim se troslovnim akronimom zove treći sustav analogne kromatske televizije kojim se definira način prijenosa i prijama boje u televizoru, koji je razvio Walter Bruch za Telefunken?;PAL (phase-alternating line);3
554;Mogućnosti su čega u naslovu jednog od najpoznatijih i najuspješnijih čeških animiranih filmova i remek-djelo češke i svjetske animacije četrnaestominutni film Jana Švankmajera iz 1982. godine?;DIJALOG;4
555;Protiv kojega je rimskog državnika i vojskovođe, jednog od članova Drugog trijumvirata i poraženog u Bitki kod Akcija, od 44. do 43. pr. Kr. Ciceron održao 14 gorljivih filipika kojima ga je silno razbjesnio?;Marko ANTONIJE;3
556;Kad je onuda prošao 1812. godine, koji je grad Napoleon prozvao  "Jeruzalemom Sjevera"?;VILNIUS;4
557;Koja se država nalazi u imenu pigmenta plave boje, poznatog kao kalcijev bakreni silikat, koji se tisućama godina koristio na području Sredozemlja, ali je prošašću Rimskog Carstva bio gotovo zaboravljen? Ta je boja ponovo otkrivena tek u 19. stoljeću, nakon što su znanstvenici pronašli tragove pigmenta u ruševinama Pompeja.;EGIPAT (egipatska plava);4
558;Koja je voćka iz porodice ružovki osnovni sastojak kotonjade, tradicionalne slastice hrvatskih primorskih krajeva koja se uglavnom priprema početkom jeseni?;DUNJA;4
559;Po kojoj je povijesnoj pokrajini na području između Hindukuša na jugu i gorskog lanca Hisara na sjeveru nazvana vrsta dvogrbe deve čija su prirodna staništa stepe središnje Azije?;BAKTRIJA;5
560;Kako se zvao prvi hrvatski gimnastičar koji je nastupio na Olimpijskim igrama (Amsterdam, 1928.) te osvojio brončanu medalju u ekipnom natjecanju nastupivši pod jugoslavenskom zastavom?;Dragutin CIOTTI;5
561;Koje je područje psihologije usmjereno na istraživanja naravi i podrijetla individualnih i skupnih razlika među ljudima u njihovim psihološkim i psihofiziološkim svojstvima?;DIFERENCIJALNA psihologija;4
562;Kako se zovu vrlo postojani vjetrovi koji u području od 30° sjeverno do 30° južno od ekvatora pušu tijekom cijele godine u istom smjeru donoseći hladniji zrak prema ekvatorijalnom pojasu niskoga tlaka, a ime im vjerojatno potječe od nizozemskog za  "prolaz "?;PASATI;4
563;Dijeleći ime s latinskim nazivom za rod zmija otrovnica, kako se zove čvor u sportskom ribolovu, čiji karakteristični završni izgled podsjeća na račvasti zmijski jezik?;VIPERA;5
564;Sargon Veliki poznat je po rušenju sumerskog kralja Ur-Zababe, ali i i po osnivanju koje dinastije, nazvane po novoj prijestolnici na lijevoj obali Eufrata, iz koje je kao prvi monarh novog carstva vladao na prijelazu iz 24. u 23. stoljeće pr. Kr.?;AKADSKA dinastija;5
565;Kako se zove uređaj koji se koristi u istraživanju i praćenju gledanosti TV programa, nastao tehnološkim osuvremenjivanjem metode tzv. dnevnika praćenja?;PEOPLEMETAR;4
566;Nazvan po konopima na koje se na tržnicama štipaljkama objese knjižice narodne poezije i priča iz narodne predaje u crno-bijelom tisku, najčešće popraćene drvorezima, kojim se terminom označava tip književnosti prisutan pretežno na sjeveroistoku Brazila?;Literatura de CORDEL;5
567;Kako se u antičkoj grčkoj vojsci zvao teško naoružan pješak, opremljen kratkim mačem, kopljem, štitom i kacigom?;HOPLIT;3
568;Dijeleći ime s petim najmnogoljudnijim gradom u Iranu, kako se zove sorta crnoga grožđa i marketinški naziv sorte syrah proizvedene za tržišta u Australiji, Južnoj Africi i Sjevernoj Americi?;SHIRAZ;5
569;Pod kojim je imenom poznatiji belgijski stripovski umjetnik, prezimena Huppen, najpoznatiji po postapokaliptičnom stripu Jeremiah iz 1979. godine?;HERMANN;4
570;Poznat kao  "afrički Bob Marley", reggae-pjevač Alpha Blondy (pravim imenom Seydou Koné) svoje politički i socijalno motivirane pjesme, osim na materinskom dioula, pjeva i na engleskom, francuskom, arapskom i hebrejskom jeziku. U kojoj je državi taj pjevač jedna od najvećih zvijezda i čije su pjesme od početka osamdesetih simbol otpora?;OBALA BJELOKOSTI;5
571;U kojoj je atletskoj disciplini bivša reprezentativka SSSR-a i Slovačke Galina Čistjakova 1988. godine u Sankt-Peterburgu postigla jedan od najdugovječnijih svjetskih rekorda?;SKOK U DALJ;5
572;Prema engleskom filozofu J. L. Austinu, utemeljitelju teorije govornog čina, koji je, uz lokuciju i ilokuciju, treći temeljni aspekt svakoga govornog čina, a posredovan je kazivanjem i podrazumijeva manipulaciju sugovornikom?;PERLOKUCIJA;5
573;Kako se zove umjetni, nesaharidni zaslađivač koji se koristi kao zamjena za šećer u nekoj hrani i piću, s oznakom APM, a u Europskoj uniji označava se kao E951?;ASPARTAM;4
574;U kojem se gradu na istoku Tunisa nalazi najveći sačuvani rimski amfiteatar izvan Europe, čija je ovalna unutrašnjost 1996. godine poslužila Nikeu za televizijsku reklamu"Good vs Evil", u kojoj su nogometaši Cantona, Ronaldo, Maldini, Figo i društvo odigrali utakmicu protiv demonskih ratnika?;El JEM/al-ĞAM / El DŽEM;5
575;Po kojem istraživaču i novinaru ime nosi treći najviši planinski vrh Afrike, 5109 metara visok vrh u gorju Rwenzori, poznat i kao Ngaliema?;Henry Morton STANLEY;5
576;Podrijetlom iz latinskog u značenju  "ustrajan ", koji je općeprihvaćeni talijanski naziv za višestruko ponavljanje nekoga glazbenog (ritmičkog, melodijskog ili harmonijskog) obrasca uz mijenjanje ostalih glazbenih parametara, a najčešće se javlja u basovskoj dionici i osim u klasičnim kompozicijama, prisutan je i u jazzu i popularnoj glazbi?;OSTINATO;5
577;Dijeleći naziv s kćerima morskog boga Forkija i Kete, kako se zvala umjetnička grupa koja je djelovala u Zagrebu od 1959. do 1966. godine, a okupljala je umjetnike Marijana Jevšovara, Julija Knifera, Duru Sedera, Josipa Vaništu, Ivana Kožarića, Miljenka Horvata te teoretičare Dimitrija Bašičevića Mangelosa, Radoslava Putara i Matka Meštrovića?;GORGONA;5
578;Kako se zvao dubrovački kroničar i prepisivač iz 16. stoljeća, najpoznatiji kao sastavljač opsežna zbornika ljubavne lirike s više od osamsto pjesama najstarijih dubrovačkih pjesnika, nazvana upravo po njemu?;Nikša RANJINA;5
579;Inspiriranu tada sedamnaestogodišnjom Heloísom Pinheiro, koju je pjesmu u kolovozu 1962. prvi put izveo João Gilberto u malom klubu u Riju de Janeiru, a engleska verzija njegove supruge i jazz-majstora Stana Getza postala planetarno popularna i 1965. godine bila nagrađena Grammyjem?;THE GIRL FROM IPANEMA / GAROTA DE IPANEMA;5
580;Najraširenija u Nizozemskoj te u manjoj mjeri u Njemačkoj i Francuskoj, kako se zovu zemljišta koja leže ispod razine susjednog mora, jezera ili rijeke, a od plavljenja su zaštićena nasipom?;POLDERI;5
581;Prema mjestu u kojem je izdan, kako se zove dokument hrvatske državnosti, kojim plemstvo Kraljevine Hrvatske potvrduje izbor nadvojvode Ferdinanda I. Habsburškog za hrvatskoga kralja?;CETINGRADSKA povelja;5
582;Kako se zvala danska seizmologinja i geofizičarka koja je 1936. godine mjerenjem seizmičkih valova prva zaključila da se Zemljina jezgra sastoji od dvaju slojeva čvrstog unutarnjeg i tekućeg vanjskog dijela kako bi proizvela seizmičke valove koji odgovaraju mjerenjima?;Inge LEHMANN;5
583;Prezimena gotovo istog kao ono našeg pjevača zabavne glazbe, kako se zvao sin talijanskog krojača i jedan od najznačajnijih francuskih modnih dizajnera (1933. 2019.) čija je istoimena modna kuća od osnutka 1965. godine omiljena u svijetu bogatih i slavnih?;Emanuel UNGARO;5
584;Od grčkih riječi za  "životinju " i  "bolest ", koji pojam predstavlja skupinu zaraznih bolesti, zajedničkih ljudima i pojedinim životinjskim vrstama, koje se mogu prenositi sa životinja na ljude i obratno? Uzročnici su virusi, bakterije, gljivice, praživotinje, a neke su od tih bolesti bjesnoća, leptospiroza, trihineloza, ebola, salmoneloza, tularemija.;ZOONOZA;5
585;Kako se na  "D " drugim imenom zove prizorna filmska glazba koja proizlazi iz izvora u fikcionalnoj naraciji, a oni mogu biti predočeni u obliku radija ili raznih razglasnih sustava te putem žive svirke gdje glazbenici izvode određenu glazbu?;DIJEGETSKA glazba;4
586;Nazvana prema izraelskom fizičaru rođenom u Meksiku, koji je koncept uveo u kontekstu termodinamike crnih rupa, kako se zove granica za količinu informacija koju fizički svijet može kodirati, a čija vrijednost nikada ne može biti veća od konstante (oko 2,5 x 1043 bita po metru i kilogramu) pomnožene masom i radijusom?;BEKENSTEINOVA granica (Jacob Bekenstein);5
587;Kojem se portugalskom pomorcu i istraživaču troslovnog prezimena pripisuje otkriće ušća rijeke Kongo te teritorija današnjih država Angole i Namibije?;Diogo CÃO;5
588;Po čuvenom francuskom slikaru rokokoa nazivan i  "Fragonardom Cipela", kako se zove francuski dizajner koji je dizajnirao obuću kraljici Elizabeti II. za njezinu krunidbu 1953., a klijenti su mu među ostalima bili Ava Gardner, Gloria Guinness te The Beatles? Vjerojatno mu je najslavnija kreacija ona za Christiana Diora, kad je 1955. godine kreirao potpeticu stiletto ojačanu tankom čeličnom šipkom koja je među ženama postala planetarno popularna.;Roger Henri VIVIER;5
589;Po kojem je reggae-glazbeniku, pravog imena Orville Richard Burrell, nazvana pravna strategija obrane pri kojoj optuženi negira kazneno djelo unatoč evidentnim i bjelodanim dokazima? Taj se pojam počeo koristiti zahvaljujući njegovoj pjesmi It Wasn't Me iz 2000. godine.;SHAGGY;3
590;Kako se zvao hrvatski jezikoslovac i prevoditelj, jedan od istaknutijih članova ilirskog pokreta te među njima jedini rođeni štokavac, čija je poznata rečenica  "Piši za oko, a govori za uši" dugo bila glavno obilježje književnojezične norme temeljene na morfonološkom pravopisu?;Vjekoslav (Alojzije) BABUKIĆ;5
591;Kako su se prezivali Abraham i njegovi sinovi Alfred i William, obitelj koja je imala najveći utjecaj na poslijeratno stanovanje u SAD-u, jer je njihova tvrtka izgradila na desetke tisuća pristupačnih kuća u predgradima i u potpunosti promijenila tamošnju kulturu obiteljskog života?;LEVITT;5
592;Nazvano po njemačkom biologu iz 19. stoljeća, kako se zove ekogeografsko pravilo prema kojemu su jedinke iste ili blisko srodne vrste toplokrvnih životinja u hladnijim područjima veće i teže, a one u toplijim područjima manje i lakše?;BERGMANNOVO pravilo;5
593;Pobjedom na Eurosongu 1995. godine u Dublinu duo Secret Garden izveo je pobjedničku pjesmu s najmanje teksta u povijesti natjecanja. Naime, u pjesmi Nocturne originalno je uz pratnju violine otpjevano točno 25 riječi na kojem jeziku?;NORVEŠKI;5
594;U Hrvatskoj najpoznatiji kao trener boksačke reprezentacije Banovine Hrvatske i izbornik reprezentacije NDH, kako se zvao boksač koji se tridesetih godina 20. st. doselio u Zagreb radi supruge Ruže i otvorio privatnu boksačku školu?;Jimmy LYGGETT;5
595;Kako se u rimskom pravu zove trajna zajednica muškarca i žene među robovima ili između roba i slobodne osobe, bez pravnih posljedica, za razliku od braka (matrimonij)?;KONTUBERNIJ/ CONTUBERNIUM;5
596;Bečki liječnik Franz Gall autor je pristupa prema kojem svako od urođenih mentalnih obilježja počiva u zasebnom organu na površini mozga, čija veličina odražava izraženost toga obilježja. Pod kojim je nazivom poznata ta pseudoznanstvena disciplina?;FRENOLOGIJA;4
597;Najpoznatiji po svom velikom hitu Another Chance iz 2001. godine, kako se zove dominikansko-američki house-DJ i producent koji je uz vlastite aranžmane velike uspjehe postigao i remiksovima pjesama Diane Ross, Kylie Minogue, Madonne, Maroon 5, No Doubt i Police?;Roger SANCHEZ;5
598;U kojem je mjestu blizu Udina 1797. godine potpisan mir izmedu Napoleona i Philippa von Cobenzla, predstavnika austrijske monarhije, kojim je Austriji pripao veći dio Mletačke Republike s gradom Venecijom, Istrom, kvarnerskim otocima, Dalmacijom i Bokom kotorskom?;CAMPOFORMIO;5
599;S četirima zlatnim i jednom srebrnom medaljom Natalie Geisenberger najuspješnija je olimpijka u kojem sportu, čija je krov-na organizacija poznata pod kraticom FIL?;SANJKANJE (FILFédération Internationale de Luge de Course);5
600;Koji se engleski termin, koji je 1954. skovala spisateljica Sylvia Wright ne razumjevši dobro posljednji stih iz 17-stoljetne škotske balade, koristi za fenomen višestrukog tumačenja neke pjesme najčešće zbog pjevačeva nerazgovijetna izgovora ili ih se pogrešno čuje zbog složenih struktura ritma pjesme? Poznat je primjer stih iz pjesme Purple Haze Jimija Hendrixa gdje se excuse me while I kiss the sky često pogrešno čuje kao excuse me while I kiss this guy.;MONDEGREEN (fraza laid him on the green zamijenjena izrazom Lady Mondegreen);5
601;U prijevodu"majka hraniteljica", kako glasi latinski naziv za sveučilište koje je netko pohađao i gdje se "zadojio" znanjem i sposobnostima?;ALMA MATER;3
602;U kojoj TV seriji jedan od dvojice glavnih likova kaže legendarnu rečenicu onom drugom: Don't worry, this time next year, we'll be millionaires."?;MUĆKE/ONLY FOOLS AND HORSES;1
603;Lik glumca Ruperta Everetta poslužio je kao inspiracija za grafičku obradu kojeg istraživača nadnaravnog, junaka stripa čiji je prvi broj izašao krajem 1986. godine?;DYLAN DOG;1
604;Koja je sveobuhvatna publikacija u ožujku 2012., 244 godine nakon prvog tiskanog izdanja, prestala s takvom vrstom objavljivanja i od tada je dostupna isključivo u digitalnom obliku?;Encyclopaedia BRITANNICA;4
605;lako nije u potpunosti utvrdeno potječe li iz vremena kineske dinastije Han ili iz Drugog punskog rata, kakva je zastava danas općenito prihvaćen znak predaje vojnih postrojbi, utvrda ili ratnih brodova?;BIJELA;1
606;S brojnim jezerima i močvarama kao utočištem za više od 300 vrsta ptica i 45 vrsta slatkovodnih riba, delta koje je rijeke najočuvanija u Europi i kao takva od 1991. nalazi se na UNESCO-ovu popisu svjetske baštine?;DUNAV;3
607;Koju je svjetski poznatu korporaciju u Billundu 1932. godine osnovao stolar Ole Kirk Christiansen, a koja zbog Velike ekonomske krize u početku nije imala značajnijih uspjeha?;LEGO;4
608;Škotski kemičar Joseph Black sredinom 18. stoljeća dokazao je da ljudi izdišu koji plin, nazvavši ga "fiksirani zrak"?;CO, (UGLJIKOV DIOKSID);1
609;Sa 70 posto teritorija ispod 500 mm padalina godišnje, koji je najsuši naseljeni kontinent? Od ukupno deset pustinja površinom je najveća Velika Viktorijina, a najmanja Pedirka.;AUSTRALIJA;4
610;Pod kojim je imenom poznata strateška igra na 1957. godine osmislio Albert Lamorisse, nazvavši je La Conquête ploči koju je du monde (Osvajanje svijeta)?;RIZIK;2
611;Znanstvenog imena Theraphosa blondi, pauk ptičar najveća je vrsta pauka na svijetu, koja može doseći masu do 170 g i sveukupnu dužinu do 30 cm. Uz navedena, pod kojim je biblijskim imenom najpoznatiji taj divovski pauk?;GOLIJAT;4
612;Ako nam je u šahovskoj partiji protivnik uzeo figuru "en passant", znači da smo ostali bez koje figure?;PJEŠAK;1
613;Po kojem se talijanskom gradu zove način paniranja pri kojem se namirnica prije prženja uvalja u pšenično bijelo brašno, zatim u razmućena jaja i na kraju u krušne mrvice pomiješane s ribanim parmezanom?;MILANO;4
614;Koji je hrvatsko-ugarski kralj izdao Zlatnu bulu, kraljevski privilegij zapisan 16. studenoga 1242. u Virovitici, kojim je Gradec postao slobodni kraljevski grad?;BELA IV. Arpadović;2
615;Na scenarij za koji je film Georgea Lucasa iz 1977. godine uvelike utjecala knjiga američkog mitologa Josepha Campbella Junak s tisuću lica, u kojoj je opisan koncept"monomita", suštinske strukture tisućljetne ostavštine mitova i legendi?;RATOVI ZVIJEZDA/ STAR WARS (Episode IVA New Hope);1
616;U romanu objavljenom 1866. godine, koji je književni lik potaknut krajnjom bijedom odlučio ubiti i opljačkati staricu Aljonu Ivanovnu?;Rodion RASKOLJNIKOV;4
617;Na unutarnjem dijelu postolja koje se građevine nalaze ugravirani stihovi iz soneta pjesnikinje Emme Lazarus The New Colossus iz 1883. godine, koji završava stihovima: "Pošaljite mi te beskućnike i stradalnike oluja, za njih uzdižem baklju kraj zlatnih vrata!"?;KIP SLOBODE;3
618;Pod kojim su imenima poznatima po slavnim animiranim likovima prvotno nastupali Simon & Garfunkel?;TOM I JERRY;3
619;Koja je poznata televizijska osoba 1997. godine u dvodijelnoj The Puppy Episode ABC-jeve serije Ellen od producenata zahtijevala da njezin lik javno objavi da je lezbijka što je i učinila priznajući to svojoj psihijatrici koju je glumila Oprah Winfrey? Bilo je to prvi put u povijesti TV-a da je glavni lik neke serije otvoreno priznao svoju homoseksualnost.;Ellen DEGENERES;2
620;Rođen kao Adriaan Florensz Boeyens, Hadrijan VI. do danas je jedini papa koje nacionalnosti te ujedno posljednji netalijan na toj funkciji do izbora Ivana Pavla II. 455 godina kasnije?;NIZOZEMAC;4
621;U prvoj polovici 2020. u svijetu je objavljeno više od 20 tisuća znanstvenih radova o kojoj bolesti, što je nikad ranije zabilježen porast interesa za neku temu istraživanja u cjelokupnoj povijesti znanosti?;COVID-19;2
622;Vojni časnik Claude Joseph Rouget de Lisle napisao je 1792. godine riječi i glazbu za ratnu himnu Chant de guerre pour l'armée du Rhin koja je tri godine kasnije postala poznata pod kojim današnjim imenom?;MARSELJEZA / La MARSEILLAISE;3
623;Smješten u istoimenom nacionalnom parku u jugozapadnom Maroku, Toubkal je s 4167 metara najviši vrh koje planine, ujedno i najviši vrh sjeverne Afrike i arapskog svijeta?;ATLAS;4
624;Kako bi se dobio liker Kahlúa, koji se napitak miješa sa šećernom trskom, rumom i vanilijom?;KAVA;4
625;Časopis Advertising Age 1999. godine jednog je kauboja proglasio najutjecajnijim likom 20. stoljeća koji reklamira neki brend, a samu kampanju jednom od najuspješnijih u tom razdoblju. Koji brend, čiji je slogan "Mild As May" pedesetih godina učetverostručio prodaju, reklamira utjecajni kauboj?;Cigarete MARLBORO;1
626;Nakon završetka nogometne karijere brazilski čarobnjak Ronaldinho kratko je vrijeme igrao futsal za klubove Goa 5's i Delhi Dragons iz koje države?;INDIJA;4
627;Tko je prva osoba u Hrvatskoj koja je svoj kvizaški projekt zaštitila kao intelektualno vlasništvo? Naime, popularnu igru asocijacija" iz Kviskoteke najprije je zaštitio na jugoslavenskoj, a zatim na svjetskoj razini.;Lazo GOLUŽA;3
628;Pod kojim nazivom u kemiji poznajemo ono što su starogrčki filozofi Leukip i Demokrit označavali kao najmanju nedjeljivu osnovu materije i duše?;ATOM;3
629;Kako se zvao narod koji je nekada nastanjivao teritorij od Krke u Dalmaciji do Raše u Istri te susjedne otoke, čiji su zapadni susjedi bili Histri u Istri, a u Dalmaciji južno od Krke Delmati?;LIBURNI;4
630;Koji broj u naslovu sadrži remake pola stoljeća starijeg filma Sidneyja Lumeta, pravna drama Nikite Mihalkova iz 2007. godine o čečenskom mladiću optuženom za ubojstvo očuha?;12 (remake 12 gnjevnih ljudi");5
631;Kojega je datuma (dan i mjesec) 2001. godine američki bend Slayer objavio svoj deveti studijski album znakovita imena God Hates Us All?;11. RUJNA;5
632;Ako bi se na svakom izloženom predmetu zadržao samo jednu minutu, procjenjuje se da bi jednom posjetitelju trebalo oko jedanaest godina da obide cijeli muzej. Koji ruski muzej ima oko tri milijuna primjeraka u svojoj kolekciji?;ERMITAŽ;5
633;Kako se zvao draguljar kojega je ruski car Aleksandar III. angažirao da za Uskrs 1885. godine kao poklon njegovoj supruzi izradi posebno ukrašeno jaje?;Peter Carl (Karl) FABERGÉ;4
634;Dijeleći ime s matematičkom krivuljom drugog reda, kako se zove kratka, jezgrovita priča u prozi ili stihu, koja donosi moralnu ili religioznu poruku?;PARABOLA;3
635;Vizigotski kralj Hispanije i Septimanije Rekared I. odbacio je 587. godine arijanstvo u korist koje religije postavši tako prvi vizigotski kralj te denomincije?;KRŠĆANSTVO;3
636;Koji je zajednički naziv za sustav špilja u podnožju Crnopca u jugoistočnom Velebitu, otkrivenih prilikom gradnje ličke željeznice dvadesetih godina 20. stoljeća? Sastoje se od Donje, Srednje i Gornje špilje, a 1961. godine zaštićene su kao geomorfološki spomenik prirode.;CEROVAČKE špilje;4
637;Koja je Verdijeva tročinska opera iz 1851. godine, s pričom o naslovnom grbavcu, dvorskoj ludi čija se jedina kći Gilda zaljubljuje u vojvodu od Mantove, temeljena na drami Victora Hugoa Kralj se zabavlja?;RIGOLETTO;4
638;Dovršenu 1943. godine, crkvu sv. Franje Asiškog u Belo Horizonteu, koju je svojedobno lokalni nadbiskup nazvao "đavoljim skloništem", s prepoznatljivim betonskim lukovima u modernističkom je stilu dizajnirao koji slavni arhitekt?;Oscar NIEMEYER;5
639;Seksualna privlačnost ili sklonost prema djevojčicama, najčešće tinejdžericama, koje postaju seksualna opsesija starijih muškaraca, naziva se kompleksom prema kojem naslovnom književnom liku dvanaestogodišnjoj djevojčici?;LOLITA;3
640;Alois Schloder prvi je diskvalificirani sportaš sa zimskih olimpijskih igara zbog korištenja dopinga. U kojem se sportu natjecao taj Nijemac čija je momčad ipak nastavila natjecanje u Sapporu i naposljetku osvojila sedmo mjesto?;HOKEJ NA LEDU;5
641;Kako se zovu organeli eukariotskih stanica u kojima se odvija aerobna respiracija i sinteza adenozin-trifosfata (ATP), a izgledaju poput izduženih tjelešaca promjera oko 0,5 μm i duljine ne-koliko mikrometara?;MITOHONDRIJ;3
642;Pod kojim je imenom poznatija Petrarcina zbirka pjesama, isprva prema sintagmi iz prvoga stiha uvodnoga soneta nazvana Rasute rime (Rime sparse)?;KANCONIJER;4
643;Koji je povijesni događaj u središtu priče filma Vatroslava Mimice (1975.) kada u zimu 1573. godine u stubičkom kraju izbija masovan antifeudalni pokret protiv strahovlade veleposjednika?;SELJAČKA BUNA;3
644;Kojim se vražjim" imenom naziva vrući i suhi sjeveroistočni vjetar, koji s istoimene planine najčešće u proljeće i jesen pogada područje zaljeva San Francisca u Kaliforniji?;DIABLO;5
645;Preteču kojega je višenamjenskog i visokomobilnog vozila tvrtka AM General izvorno dizajnirala 1979. kao laki oklopni transporter za potrebe američke vojske na gotovo svim konfliktnim područjima gdje je bila razmještena? Prvi vlasnik komercijalnog civilnog modela H1 bio je Arnold Schwarzenegger, zaljubljenik koji je početkom devedesetih lobirao za njegovu dostupnost na tržištu.;HUMMER (HAMER);5
646;Prvi put dodijeljena 1959., kako se zove prestižna glazbena nagrada, čiji je "radni" naziv bio Eddie (po Thomasu Edisonu), no ubrzo je promijenjen te nagrada ime nosi po izumu Emilea Berlinera?;GRAMMY / GRAMOPHONE AWARD;4
647;Hakkapeliitta je bio naziv korišten za finsku laku konjicu koja se u službi švedskog kralja borila u kojem ratu?;TRIDESETOGODIŠNJI rat;4
648;U kojoj se američkoj saveznoj državi, prema Svjetskoj meteorološkoj organizaciji, nalaze dva grada s najviše sunčanih dana u godini, što ih čini najsunčanijim naseljenim mjestima na svijetu?;ARIZONA (Yuma i Phoenix);5
649;U kojoj je kartaškoj igri jedan od najuspješnijih domaćih natjecatelja bio Geza Klein, kapetan jugoslavenske reprezentacije koja se u tridesetima okitila brojnim svjetskim i europskim medaljama?;BRIDŽ;4
650;Nazvan prema popularnom digitalnom "kućnom ljubimcu", kako se zove efekt emocionalne povezanosti ljudi s robotima, gadgetima, računalnim programima, virtualnim ljubimcima", aplikacijama, odnosno neživim stvarima kojima se pridaju stvarne emocije?;Efekt TAMAGOTCHI;2
651;Olimpijska pobjednica iz Pariza i američka "kraljica valova" Gertrude Ederle postala 1926. godine je prva žena koja je preplivala koji morski prolaz?;La MANCHE/ENGLESKI kanal;4
652;Kako se zove lingvistička disciplina koja se bavi proučavanjem značenja jezičnih znakova, vezom između značenja i njegova izraza, a čijim se utemeljiteljem krajem 19. stoljeća smatra Michel Bréal?;SEMANTIKA;2
653;Zbog svog dugoročnog tajmera, model Casio F-91W jedan je od najčešće korištenih satova u izradi čega?;EKSPLOZIV/BOMBA;4
654;Površinom većem od savezne države Rhode Island, u kojem se gradu"usidrilo" oko 40 posto stanovnika Aljaske?;ANCHORAGE;3
655;U filmu Louisa Mallea Lift za gubilište (1958.) kao glazbena podloga koristila se glazba kojega čuvenog džezista? Jazz-kritičar Phil Johnson soundtrack je opisao kao "najusamljeniji zvuk trube koju ćete ikad čuti i model tužne glazbe".;Miles DAVIS;4
656;Iako je migracijama povremeno prisutan u drugim područjima, prirodno su stanište weddellova tuljana mora oko kojega konti-nenta?;ANTARKTIKA;5
657;Neki smatraju da je inspirirana likom Dantea koji gleda u likove svoga Pakla, drugi da je sam autor u promatranju svoje kompozicije, dok neki smatraju da je to pak biblijski Adam. Koja je to Rodinova skulptura, dio monumentalnih Vrata pakla?;MISLILAC;4
658;Koji slavni roman iz 19. stoljeća započinje rečenicom: "Opće je poznata istina da samcu u posjedu velikog bogatstva sigurno treba supruga."?;PONOS I PREDRASUDE;5
659;Koji je outlaw country-pjevač osim bogate karijere (albumi The Red Headed Stranger, Stardust, Phases and Stages) poznat i kao ekološki aktivist, pa tako od 2005. godine proizvodi biogorivo od biljnih ulja, na tržištu poznato kao BioWillie?;Willie NELSON;4
660;Židovski povjesničar Josip Flavije pisao je da su neki ljudi vrhovnu političku vlast predali monarhijama, drugi oligarhijama, a neki pak masama (demokraciji), dok je "naš zakonodavac oblikovao ono što se zove kojim tipom vladavine, stavivši sav suverenitet i autoritet u ruke Boga"?;TEOKRACIJA;4
661;Dijeleći ime s fiktivnom, kako se zvala prva podmornica koja je 1958. godine prošla Sjeverni pol ploveći ispod zaleđenog pokrova Sjevernog ledenog mora?;NAUTILUS;3
662;Na turskom u značenju"selo ptica", Kuşköy je mjesto na obali Crnog mora u kojem je malobrojno stanovništvo prije četiristo godina osmislilo jednostavan način komunikacije na veće udaljenosti. Koji je to način komunikacije kojem je posvećen i godišnji festival kako bi ga se promoviralo među mladom populacijom?;ZVIŽDANJE;4
663;U kojem se serijalu videoigara održava natjecanje borilačkih vještina The King of Iron Fist Tournament, čiji je domaćin korporacija Mishima Zaibatsu?;TEKKEN;4
664;Tko je u svom djelu Rad probavnih žlijezda iz 1897. godine opisao rezultate svojih pokusa i cijeli proces nazvao uvjetovanim refleksom, što je ustvrdio na istraživanjima sa psima? Istraživanja fiziologije želučane sekrecije donijela su mu 1904. Nobelovu nagradu za medicinu ili fiziologiju.;Ivan Petrovič PAVLOV;5
665;Na medalji kojega odlikovanja uz memorijalni centar Yad Vashem i zahvalu naroda stoji natpis na francuskom jeziku koji preveden glasi: "Tko spasi jednoga čovjeka, spasio je cijeli svijet."?;PRAVEDNIK MEÐU NARODIMA;5
666;S radnjom smještenom u Zagreb 16. stoljeća te crno-bijelom tehnikom opisanim likovima, koji se roman iz 1871. godine smatra prvim hrvatskim povijesnim romanom?;ZLATAROVO ZLATO;5
667;Nošene tijekom jutarnjih molitvi, dvije kutijice od crne kože zvane tefilin, od kojih se jedna stavlja na glavu, a druga na biceps jedne ruke (obje pričvršćene kožnatim remenjem), sadrže svitke sa stihovima iz koje svete knjige?;TORA;4
668;Upamćena kao prva hrvatska koncertna i operna pjevačica, Sidonija Erdődy Rubido u centar kulturne javnosti dospjela je maestralnom izvedbom glavne junakinje Ljubice u kojoj operi Vatroslava Lisinskog?;LJUBAV I ZLOBA;5
669;Po kojem je biljnom rodu nazvana serija od 250 slika, originalnog naziva Les Nymphéas, koju je Claude Monet slikao od 1899. do smrti 1926. godine, tijekom hortikulturalnog projekta proširenja svoga vrta u Givernyju?;LOPOČ;4
670;U Shakespearovoj komediji San Ivanjske noći, u kojem se gradu odvija vjenčanje Tezeja i amazonske kraljice Hipolite?;ATENA;4
671;Na Eurosongu 1974. godine talijanska predstavnica Gigliola Cinquetti osvojila je drugo mjesto iza ABBA-e, ali je građani Italije nisu mogli gledati izravno zbog zabrane prijenosa koji se održavao u vrijeme kampanje za nacionalni referendum o rastavi braka, pa se strahovalo od moguće subliminalne poruke. Kako se jednostavno zvala pjesma?;SÌ;5
672;Uz revidiranu romanizaciju koju je 2000. godine predstavio tamošnji Nacionalni jezični institut, McCune-Reischauer najčešće je korišten sustav romanizacije kojega jezika?;KOREJSKI;4
673;Mnogima simbol kraja komunizma i pada željezne zavjese, bijela drvena kuća Höfði vjerojatno je najpoznatija po događaju iz listopada 1986. godine važnom susretu kojih dvaju državnika?;Ronald REAGAN i Mihail GORBAČOV (summit u Reykjaviku);4
674;Za otkriće kojega su peptidnog hormona Frederick Banting i John J. R. Macleod nagradeni Nobelovom nagradom 1923. godine? Naime, godinu ranije oni su s kolegom Charlesom Bestom dali injekciju svojeg spasonosnog otkrića dječaku Leonardu Thompsonu koji se nakon toga naglo oporavio.;INZULIN;4
675;Osvojivši turnir u Cincinnattiju 2018. godine, koji je tenisač postao prvi igrač u povijesti koji je osvojio svih devet godišnjih turnira iz serije Masters 1000?;Novak ĐOKOVIĆ;5
676;Serijski ubojica Ed Gein, koji se neko vrijeme sam brinuo o bolesnoj majci, poslužio je kao inspiracija za roman Roberta Blocha, ekraniziran 1960. godine u koji istoimeni triler?;PSIHO;5
677;Usmjeren protiv vladajućih struktura zbog povećanja troškova života, kako se zove pokret izvornog imena gilets jaunes, koji se 2018. godine proširio na niz europskih država?;ŽUTI PRSLUCI;4
678;Operu Idomeneo, praizvedenu u Münchenu 1781. godine, o kretskom kralju koji mora žrtvovati vlastitog sina kako bi se odužio bogu Neptunu, kritika često smatra najosobnijom operom kojega skladatelja, s obzirom na to da je vrlo vjerojatno nastala kao glazbeni portret njegova oca Leopolda?;Wolfgang Amadeus MOZART;4
679;Jedan od osnivača i glavnih predstavnika kojega je kratkotrajnog, ali utjecajnog umjetničkog pokreta (grupe) iz 20. stoljeća bio slikar i grafičar Franz Marc, koji je s 36 godina nesretno izgubio život u Bitki za Verdun?;PLAVI JAHAČ / Der BLAUE REITER;5
680;Prema Marxu, zapadno se društvo razvijalo u četiri glavne epohe. Ako su druga i treća antičko i feudalno društvo, koje su dvije epohe na prvom i posljednjem mjestu?;(Primitivni) KOMUNIZAM I KAPITALISTIČKO društvo;4
681;Prema turskom za "dan oranja", kojim se petoslovnim imenom zove stara mjerna jedinica za površinu zemlje od 1000 m2, koja se koristila u Hrvatskoj i zemljama bivšeg Otomanskog Carstva?;DUNUM / DULUM;5
682;Osiguravši Kanadi nakon Harryja Jeromea iz Tokija prvo postolje u toj disciplini, koji je sprinter u Los Angelesu 1984. godine osvojio broncu na utrci 100 metara, što će mu zbog diskvalifikacije u Seulu ostati jedina pojedinačna olimpijska medalja?;Ben JOHNSON;5
683;Američku supergrupu Prophets of Rage osnovali su 2016. godine jedan član Cypress Hilla, dva člana grupe Public Enemy i tri člana kojega kalifornijskog rock-benda?;RAGE AGAINST THE MACHINE;3
684;Koja je osnovna mjerna jedinica od svibnja 2019. godine redefinirana kada je cilindar od platine i iridija zamijenjen definicijom na temelju izračuna Planckove konstante, frekvencije prijelaza hiperfine strukture osnovnog stanja atoma cezija i brzine svjetlosti?;KILOGRAM;4
685;TUM PECCET drevna je latinska fraza, ali i mnemotehnička metoda za pamćenje koga ili čega u grčkoj mitologiji?;Devet MUZA;3
686;Osnovan 1923. godine, koji je od velikih američkih filmskih studija u svojoj ranoj distribuciji imao klasike: Don Juan (1926.), The Jazz Singer (1927), Lights of New York (1928.), The Public Enemy (1931.) te Casablanca (1942.)? U novije vrijeme distributer je svjetski poznatih franšiza: Batman, Superman, Harry Potter, Matrix, Hobit.;WARNER BROS.;2
687;Prstenove oko kojega su planeta 1977. godine službeno otkrili James L. Elliot, Edward W. Dunham i Jessica Mink, dok ih je još 1789. vjerojatno primijetio William Herschel?;URAN;4
688;Na otoku Spitsbergenu u otočju Svalbard nalazi se najveće i najsigurnije spremište na svijetu za skladištenje čega?;Biljno SJEME;4
689;S prerezanom limetom u logu, kako se zvao besplatni P2P internetski servis za razmjenu datoteka među korisnicima, koji je 2010. godine odlukom američkog federalnog suda zbog kršenja autorskih prava prestao s radom, a nakon dvanaest godina "uskrsnuo je kao glazbena platforma?;LIMEWIRE;3
690;Većinu je karijere provela u KK Rijeka i višestruka je hrvatska i dvostruka svjetska prvakinja. U kojem je sportu svoje uspjehe ostvarila Biserka Perman, tri puta (1982., 1985., 1992.) proglašavana sportašicom Hrvatske?;KUGLANJE;4
691;U kojoj je državi nastala umjetnička grupa Nsukka, na sa sveučilištem u istoimenom gradu, a u radu prepoznata po očuvanju i prakticiranju dizajna"uli (uri)", tradicionalnih igboanskih zakrivljenih linija na crtežima, koje su uklopljene u moderna umjetnička djela? Najvažniji su predstavnici Uche Okeke, Ada Udechukwu, Chike Aniakor, Tayo Adenaike i udomaćeni" ganski kipar El Anatsui?;NIGERIJA;5
692;Savršen broj cijeli je broj jednak zbroju svojih djelitelja uključujući jedinicu, ali ne i samoga sebe. Ako je drugi takav 28, treći 496, a četvrti 8128, koji je prvi savršeni broj?;ŠEST;1
693;Koji se najveći otok u arhipelagu Ryukyu, poznat i po tromjesečnoj bitki u proljeće 1945. godine, nalazi u imenu dijete koja uključuje mnogo voća i povrća, ribu gurukun, sejtan, miso i algu kombu? Neka istraživanja pokazuju kako su upravo stanovnici toga otoka zbog načina prehrane najdugovječniji na svijetu.;OKINAWA;5
694;Koju je riječ, neologizam od grčkog i latinskog, koja je postala jedan od temelja poslijeratnog međunarodnog prava, u svojoj knjizi Vladavina sila Osovine u okupiranoj Europi 1944. godine skovao poljski Židov Raphael Lemkin?;GENOCID;5
695;Koja je specifična sportska disciplina (format) pod krovnom organizacijom FIBA kao olimpijski sport debitirala u Tokiju 2021. godine?;KOŠARKA 3 x 3 (TRI na TRI);5
696;Koje se voće našlo u naslovu nagradivane egzistencijalne psihološke drame Ingmara Bergmana iz 1957. godine, djelu nabijenom simbolizmom i ekspresionističkim detaljima, u kojem je slavni redatelj i glumac Victor Sjöström odigrao svoju posljednju ulogu, onu umirovljena profesora Isaka Borga?;JAGODE (Divlje jagode Smultronstället);4
697;Wacken Open Air ljetni je heavy metal-festival koji se od 1990. godine početkom kolovoza održava u Wackenu, mjestu 70-ak kilometara udaljenu od kojega milijunskog grada?;HAMBURG;4
698;Om ili Aum predstavlja trojstvo bogova, očuvanja i uništenja, a smatra se najsvetijim zvukom te ishodištem svih molitvi za sljedbenike koje religije?;HINDUIZAM;4
699;Vozeći plavi automobil Subaru Impreza, koji je britanski vozač 1995. godine postao najmlađi pobjednik Svjetskog prvenstva u reliju?;Colin McRAE;5
700;Nazivali su ih i nedodirljivima" jer se smatralo da njihov dodir, pa čak i sam pogled, onečišćuje pripadnike viših kasta. Kako se uobičajeno zovu pripadnici najniže kaste u Indiji?;PARIJE;5
701;Iako se primarno nije bavio pisanjem, koji je njemački renesansni slikar i graver pred kraj života objavio Traktat o utvrdama popraćen gravurama?;Albrecht DÜRER;5
702;Kako se zove prva hrvatska rock-opera i jedna od prvih u svijetu, koja je nakon svoje praizvedbe u ožujku 1975. godine doživjela nezapamćen uspjeh, a priča o vodi ustanka hrvatskih i slovenskih kmetova protiv gospodara Susedgrada?;GUBEC-BEG;4
703;Njemačkog kodnog imena "Alaric", kako je glasilo britansko kodno ime dvostrukog špijuna iz Drugog svjetskog rata Juana Pujola Garcije, nazvanog prema prezimenu slavne američ ko-švedske glumice?;GARBO;4
704;Samo je Ruska pravda u slavenskim okvirima (pisani narodnim jezikom) starija od kojega hrvatskog pravnog dokumenta, koji je 1288. godine u 75 članaka sastavilo povjerenstvo od predstavnika devet općina (Grobnik, Trsat, Bakar, Hreljin, Drivenik, Grižane, Bribir, Novi i Ledenice)?;VINODOLSKI ZAKON(IK);4
705;Radeći u čileanskom opservatoriju Las Campanas, što je na rubu maglice Tarantula prvi put nakon 1604. golim okom uočio lan Shelton u veljači 1987. godine?;SUPERNOVA;4
706;Koji je kultni sportski automobil, poznat i kao vremenski stroj u franšizi Povratak u budućnost, početkom osamdesetih dizajnirao poznati talijanski dizajner automobila Giorgetto Giugiaro?;(DMC) DELOREAN;2
707;Kako se zove porast vrijednosti novca, a generalno označava porast vrijednosti jedne valute izražen njezinim tečajem prema drugoj valuti i najčešće nastaje zbog porasta kupovne moći jedne valute na unutarnjem tržištu?;APRECIJACIJA;5
708;Smatran najprepoznatljivijom maskotom sjevernoameričkih sportova, Phillie Phanatic pojavljuje se na utakmicama kojega bejzbolskog kluba?;PHILADELPHIA Phillies;4
709;Japanski biznismen i pseudoznanstvenik Masaru Emoto u nizu je svojih knjiga i predavanja tvrdio da ljudska svijest može utjecati na molekularnu strukturu kojeg kemijskog spoja?;VODA (H,O);4
710;Nazvana po sovjetskom astronomu koji je tražio izvanzemaljske znakove života u kozmičkim signalima, Kardaševljeva ljestvica na osnovi količine potrošene energije mjeri razinu kakva napretka civilizacije?;TEHNOLOŠKI napredak;2
711;Egipatska božica Bastet (Bast), zaštitnica plodnosti, trudnoće, djece i umjetnosti, od 1. tisućljeća pr. Kr. prikazivala se s glavom koje životinje?;MAČKA;3
712;Kojega je mističkog pjesnika islamskoga svijeta Muhammad Iqbal nazvao "svjetiljkom na putu slobodna čovjeka"? Njegovu epsku poemu Mesnevija, napisanu na perzijskom jeziku u 13. stoljeću, neki smatraju najvećim duhovnim djelom ikada napisanim.;Mevlana Dželaluddin RUMI;5
713;U Sibeliusovu opusu označena brojem 26, kako se zove simfonijska poema živih slika finske povijesti i mitologije, komponirana 1899. godine kao prikriveni protest protiv rastuće cenzure u Ruskom Carstvu?;FINLANDIA;5
714;Sa svojim figuralnim kompozicijama i iluzionističkim dekoracijama, redovnik Ivan Krstitelj Ranger jedan je od najznačajnijih hrvatskih slikara kojega umjetničkog razdoblja?;BAROK;4
715;Za koju je miniseriju iz 1994. godine, o bolnici opsjednutoj demonima, redatelj Lars von Trier izjavio da ju je stvorio crpeći inspiraciju iz Twin Peaksa i francuske miniserije Belphegor?;KRALJEVSTVO / RIGET;5
716;Službenog imena Ard-whaiyl Tinvaal, parlament Tynwald najstarije je kontinuirano zakonodavno tijelo na svijetu i najviša je predstavnička institucija kojega otoka?;Isle of MAN;5
717;S više od dvjesto stupova raspoređenih u dvadeset krugova Trbušasto brdo najstariji je poznati primjer monumentalne arhitekture i najstarija vjerska građevina na svijetu, a nalazi se u kojoj današnjoj državi?;TURSKA (Göbekli Tepe);5
718;Kako se zove internetska crowdfunding-platforma za financiranje kreativnih i tehnoloških projekata, koju su u njujorškom Brooklynu 2009. pokrenuli Perry Chen, Charles Adler i Yancey Strickler? Do početka 2020. putem platforme financirano je (od filmova, videoigara, stripova i novinarstva do tehnologije) gotovo pola milijuna projekata.;KICKSTARTER;3
719;Kako se zove jedna od najspektakularnijih disciplina u ženskoj sportskoj gimnastici, koja zahtijeva snagu i koordinaciju s bezbrojnim izmjenama hvatova i rotacija? Kao što sam naziv kaže, visina je prečki različita: niža je prečka 170, a viša 250 centimetara.;DVOVISINSKI RAZBOJ;4
720;Nazvan po grčkoj riječi za vrtlog", kako se zove mjerni instrument ili uređaj koji omogućuje da se tijela u vrlo brzom periodičnom gibanju promatraju kao da miruju ili da se vrlo polagano gibaju?;STROBOSKOP;4
721;Oko kojega grofovskog dvorca "prolazi" Matoš u slavnom lirskom putopisu iz 1908. godine, u kojem se prisjeća hrvatske prošlosti, daje kritiku sadašnjosti te opisuje propast i demoraliziranje plemstva?;LOBOR;3
722;Na kojem je instrumentu virtuoz Yo-Yo Ma, francusko-američki glazbenik kineskog podrijetla, poznat među ostalim i po nastupu na otvaranju ZOI-ja u Salt Lake Cityju i prvoj godišnjici terorističkog napada na WTC u New Yorku?;VIOLONČELO;5
723;Kako se "filmskim imenom zvao vjerojatno najpopularniji sovjetski rock-bend (1982. 1990.) čije je tekstove i glazbu do svoje smrti, ujedno i prestanka djelovanja benda, potpisivao suosnivač Viktor Coj?;KINO;5
724;Obilježeni religijskim nacionalizmom i političkim radikalizmom, zeloti su bili židovska vjersko-politička skupina u 1. stoljeću koja je oružanim prepadima željela srušiti rimsku vlast i uspostaviti nacionalnu državu, a najradikalnije među njima Rimljani su nazivali sicarii zbog toga što su se u napadima služili kojim oružjem?;BODEŽ;3
725;Osnovan 1920. kao Decatur Staleys, koji je klub (puno ime) uz Arizona Cardinals jedina preostala franšiza američkog nogometa koja je član NFL-a od njegova osnutka 1920. (Green Bay Packers pridružili su se tek godinu poslije)?;CHICAGO BEARS;4
726;Kako se, prema sovjetskom ekonomistu koji ih je prepoznao i zbog toga ga je vlast ustrijelila 1938. godine, zovu dugotrajni gospodarski ciklusi koji se ogledaju u smjeni silaznih i uzlaznih linija konjunkture i traju oko 50 godina?;KONDRATJEVLJEVI ciklusi (Nikolaj Dmitrijevič Kondratjev);5
727;Inspiriran djelima talijanskog renesansnog arhitekta pravog imena Andrea di Pietro della Gondola, kako se naziva stil u arhitekturi 18. i 19. stoljeća nastao kao suprotnost baroknom stilu?;PALADIJANIZAM;5
728;S očitom aluzijom na muža Leije Organe iz franšize Ratovi zvijezda zbog čega mu je 2014. godine Walt Disney Pictures zaprijetio tužbom za povredu imena koje je umjetničko ime uspješnog nizozemskog DJ-a i osnivača diskografske tvrtke Bitbird Sandera van Dijcka?;SAN HOLO;4
729;Dok je Dubrovnik bio Kraljev Grudobran, koji je slobodni grad iz Igre prijestolja glumio" Šibenik, s katedralom sv. Jakova kao "Željeznom bankom"?;BRAAVOS;4
730;Utemeljene u Londonu 1888. godine, koje su ugledne dnevne novine u svom prvom broju obećale da će biti iskreni financijer, investitor u dobroj vjeri, ugledni broker, pravi direktor i legitimni špekulant"?;The FINANCIAL TIMES (FT);4
731;Nagraden dvama Oscarima, film Mikea Leigha Naglavačke (Topsy-Turvy) prati razdoblje kreativne blokade zbog koje se gotovo raspalo partnerstvo kojega slavnog kazališnog dvojca, čija je kriza ipak prebrodena u vidu nastanka komične opere Mikado?;W. S. GILBERT i Arthur SULLIVAN;4
732;Koja je lijepa, ali ubojita žena navodno otrovala svojega muža Salustija Krispa Pasijena kako bi se mogla udati za rimskog cara Klaudija, kojega je pak dala ubiti da bi sina Nerona proglasila carem, a naposljetku je sama skončala po njegovu nalogu?;JULIJA AGRIPINA / AGRIPINA MLADA;4
733;Osim simbola mira i čistoće, okomita bijela pruga između dviju plavih označava da se zemlja nalazi izmedu dvaju oceana Tihog i Atlantskog. O zastavi koje je srednjoameričke države riječ?;GVATEMALA;5
734;Karakteristične za sjevernoafričke i zemlje Bliskog istoka, falafel su bezmesne pržene kuglice kojima je glavni sastojak bob ili najčešće koja jednogodišnja mahunarka?;SLANUTAK;4
735;Po mnogima najveći meksički sportaš svih vremena, Rodolfo Guzmán Huerta ili "El Santo", u povijesti je ostao upamćen kao maskirana zvijezda profesionalnoga hrvanja posebna stila, koje Meksikanci zovu kojim izrazom u doslovnome prijevodu "slobodna borba"?;LUCHA LIBRE;5
736;Jedan od najpoznatijih svjetskih proizvođača tonika, neizostavan dio vrhunskog džin-tonika, nazvan je po engleskom ljekarniku koji je 1773. godine prvi uspješno obogatio vodu ugljikovim dioksidom. Kako se zvao taj ljekarnik, otac kemičara Williama po kojem je pak nazvan jedan plinski zakon?;Thomas HENRY;5
737;S dogadanjima u fiktivnom gradu nalik Miamiju, kako glasi podnaslov četvrte videoigre iz serije Grand Theft Auto koja prati uspon mafijaša Tommyja Vercettija nakon izlaska iz zatvora?;VICE CITY;4
738;Smješten na Sjevernom otoku, par kilometara zapadno od jezera Taupo, kako se zove najstariji nacionalni park na Novom Zelandu, okružen trima aktivnim vulkanima?;TONGARIRO;5
739;Aimone, princ od Savoje i vojvoda od Spoleta, u svibnju 1941. okrunjen je uz prisutnost Ante Pavelića u Kvirinalskoj palači za hrvatskoga kralja, premda zbog krize oko "Dalmatinskog pitanja" iz Rimskih ugovora nije stigao u Hrvatsku, a pritom je dobio službenu titulu "kralj Hrvatske, princ Bosne i Hercegovine, vojvoda Dalmacije, Tuzle i Knina". Pri primanju kraljevske krune savojski je princ u spomen na jednog hrvatskog kralja uzeo koje kraljevsko ime?;TOMISLAV II.;5
740;Gotovo dvadeset godina nakon što je objavio svoje kapitalno djelo Doña Bárbara, pisac Rómulo Gallegos postao je 1948. godine prvi demokratski izabrani predsjednik koje južnoameričke države, naslijedivši na toj poziciji imenjaka Betancourta?;VENEZUELA;5
741;Kako se preziva autorica stripa Lezbijke kojih se treba paziti (Dykes to Watch Out For) iz 1985. godine, u kojemu je prvi put predstavljen test kojim se s pomoću triju kriterija mjeri zastupljenost ženskih likova u fikcijskim djelima?;BECHDEL;4
742;Razlikujući se u jednom slovu od imena drevnog indijskog priručnika za različite seksualne vještine, kako se zove internetska stranica fokusirana na vijesti i aktivnosti vezane uz razvoj videoigara, koju je 1997. pokrenula tvrtka Informa?;GAMASUTRA;3
743;Pjesma Smooth bila je posljednja pjesma devedesetih i prva početkom 21. st. na vrhu ljestvice Billboard Hot 100, a općenito se smatra jednom od najuspješnijih pjesama u povijesti te ljestvice. Izveli su je u suradnji vokal Rob Thomas i koji latino rock-bend, predvoden legendarnim gitaristom?;SANTANA;2
744;Podrijetlom iz francuskog jezika, kako se u umjetnosti općenito naziva postupak čija je značajka posuđivanje elemenata iz različitih stilova bez referencije na njihovo podrijetlo, a u postmodernoj estetici smatra se dijelom intertekstualnosti?;PASTIŠ/PASTICHE/ PASTICCIO;4
745;Načelo supsidijarnosti korijene vuče iz nauka Katoličke crkve, a obradeno je 1891. godine u kojoj poznatoj enciklici s podnaslovom Prava i obveze rada i kapitala?;RERUM NOVARUM/ O NOVIM STVARIMA;5
746;Osmišljen za EXPO 67 u Montrealu, kako se zove prvi svjetski interaktivni film, čehoslovačka crna komedija u kojoj bi moderator filma izašao pred gledatelje i tražio da odaberu izmedu dviju različitih scena, a film bi se nastavio prikazivanjem scene koja je dobila veći broj glasova?;KINOAUTOMAT;5
747;Grožđice su jedan od najbogatijih izvora kojega kemijskog elementa 13. skupine, minerala koji uz kalcij dokazano smanjuje gubitak koštane mase kod žena u postmenopauzi?;BOR;5
748;Smješten dva kilometra jugoistočno od Rogoznice, koji je rt najistureniji dio istočne obale Jadranskog mora, mjesto koje zemljopisno i klimatski dijeli Jadran na sjeverni i južni te ujedno lokacija na kojoj se snažno sudaraju sjeverni i južni vjetrovi, ciklone i anticiklone, morske struje?;Rt PLANKA / Rt PLOČA / DIOMEDOV rt;5
749;Kako se u filozofiji općenito naziva sredstvo za valjano mišljenje, a pojam se pojavljuje u naslovima Aristotelovih logičkih spisa i najznačajnijem djelu Francisa Bacona?;ORGANON;5
750;Koja je čuvena grčka pjevačica 1969., na glazbu Dorda Novkovića, na njemačkom i francuskom obradila šansonu Ivice Percla Stari Pjer? Poznata je po iznimno velikom broju albuma, ispjevanih na dvanaest svjetskih jezika.;Ioanna "Nana" MOUSKOURI;5
751;Kako se zove simbioza korijenja biljaka i micelija gljiva, gdje potonji funkcionalno zamjenjuju korijenove dlačice te olakšavaju biljci primanje mineralnih tvari?;MIKORIZA;5
752;Poznat kao"otac sigurne vožnje", kako se zove američki biznismen i revolucionar cestovnog prometa koji je izumio, između ostalog, prometni znak za zaustavljanje, pješački prijelaz, kružni tok, ležećeg policajca, jednosmjernu ulicu, stajalište za taksije te pješački otok?;William Phelps ENO;5
753;Iako rođena u engleskom Sloughu, Fiona May većinu je svojih uspjeha u skoku udalj od 1994. godine ostvarila pod zastavom koje države?;ITALIJA;5
754;U značenju tisuću penija" na esperantu, kako se zove zastarjela medunarodna valuta koju su prije Prvog svjetskog rata koristile neke švicarske i britanske banke? Valutu je 1907. predložio René de Saussure, a zbog slabog tečaja službeno je korišten naziv koji je označavao tisuću temeljnih jedinica.;SPESMILO/SPESMILOJ;5
755;Jedan od najvrsnijih nizozemskih žanrovskih slikara, Pieter de Hooch najpoznatiji je po tihim, intimnim interijerima i slikama sunčanih dvorišta. Iako je živio i stvarao po cijeloj Nizozemskoj, najviše ga se veže uz koji grad i istoimenu slikarsku školu nizozem skog zlatnog doba, čiji je uz Vermeera bio najvažniji predstavnik?;DELFT;5
756;Koji je hrvatski kazališni redatelj u Pekingu 2003. godine režirao Verdijevu Aidu koja se s 2800 sudionika na pozornici smatra najvećom opernom predstavom svih vremena, a istovremeno i jednim od najvećih kulturnih spektakala na svijetu?;Krešimir DOLENČIĆ;5
757;U doslovnom značenju "borilački junaci", kojim se petoslovnim imenom zove žanr kineskog filma, utemeljen dobrim dijelom na dugoj tradiciji istog žanra u kineskoj književnosti? Medu najpoznatijim su predstavnicima toga žanra Tigar i zmaj, Kuća letećih bodeža, Heroj, Ratnici mjeseca i Pepeo vremena.;WUXIA;5
758;lako napada i druge članove porodice pomoćnica, po kojoj je biljci, na čijim listovima uzrokuje točkasti mozaik s izmjeničnom svjetlijom i tamnijom zelenom bojom, nazvan ovaj prvi ikad otkriveni virus (1892.)?;DUHAN;5
759;Kako se zvao pravnik i ranokršćanski pisac iz Kartage, koji je svojim naučavanjem utjecao na kasnije latinske teologe, a poznat je kao prvi latinski pisac koji je upotrijebio pojam Trojstvo (Trinitas)?;TERTULIJAN;5
760;Kako se na "B" zove račvanje rijeke, prirodna ili umjetna pojava otjecanja vode jedne rijeke u dva toka i time spajanja različitih porječja ili morskih sljevova?;BIFURKACIJA;4
761;S oko 55 posto cjelokupne proizvodnje, koja je europska država najveći proizvodač pluta dobivena od kore hrasta plutnjaka?;PORTUGAL;4
762;Porazivši nokautom Južnoafrikanca Johnnyja du Plooyja u svibnju 1989. Francesco Damiani postao je prvi svjetski prvak u teškoj kategoriji po kojoj verziji, koja se vezuje uz organizaciju osnovanu par mjeseci ranije? U tom je trenutku Mike Tyson "držao" pojaseve u preostalim trima verzijama u toj kategoriji.;WBO (World Boxing Organization);4
763;Dijeleći ime s devetnaestim slovom grčkom alfabeta, kako se zove negativno nabijena elementarna čestica koja zajedno s elektronom, mionom i tri neutrina tvori skupinu leptona medu kojima ima najveću masu, a otkrivena je 1975. godine?;TAU lepton / TAUON;5
764;Zrakoplovni i akrobatski pilot Ignacije (Vatroslav) Bulimbašić u veljači 1914. godine drugi je na svijetu poslije Adolphea Pégouda izveo koju akrobaciju?;PETLJA/LOOPING;4
765;Podrijetlom iz svahilija u značenju "proširena obitelj", ujamaa je koncept političkog i ekonomskog razvoja koje države, oblik afričkog socijalizma i liberalizacije društva, čije je temelje osamostaljenjem 1964. godine uspostavio prvi predsjednik Julius Nyerere?;TANZANIJA;5
766;U kriminalističkoj komediji Buster iz 1988. godine u naslovnoj ulozi pojavljuje se koji engleski pjevač i tekstopisac čije su se pjesme A Groovy Kind of Love i Two Hearts sa soundtracka ubrzo našle na vrhu američke ljestvice Billboard Hot 100?;Phil COLLINS;5
767;Formirana 1963. godine pod pokroviteljstvom UN-a, Svjetske zdravstvene organizacije i američke Organizacije za hranu i poljoprivredu, kojim se latinskim imenom zove zbirka medunarodnih standarda za hranu, smjernica i kodova dobre prakse kojima je glavna namjena zaštita zdravlja potrošača i osiguravanje poštenih postupaka u trgovini hranom te standardizacija prehrambene proizvodnje diljem svijeta?;CODEX ALIMENTARIUS (CA);5
768;Nakon što je u požaru nestao iz Seljačkog doma u Zagrebu, pojavio se 1990. godine u sefu SUP-a, odakle je završio u privatnoj etnografskoj zbirci u Donjem Hrašću, a naposljetku je stigao na izložbu u Trebarjevo Desno povodom 150. godišnjice rodenja Stjepana Radića. Koji zanimljivi artefakt?;METAK (iz atentata u Beogradu);5
769;Iako je izumljena dvije tisuće godina ranije u Kini, kojem se poljoprivrednom inovatoru često pripisuje izum sijačice 1701. godine? Po njemu je nazvan glazbeni bend osnovan 1967. u Blackpoolu.;Jethro TULL;5
770;Originalnog naslova Cmальной скок, kakav je"skok" u naslovu baleta Sergeja Prokofjeva iz 1926. godine, koji veliča industrijski razvoj u Rusiji, urbani život i mehanizirano društvo, aodlikuje se zvukovima tvornica i ritmom strojeva?;ČELIČNI;5
771;Kako se zvao američki novinar, savjetnik Lyndona Johnsona i predsjednik NBC-ja (1956. – 1966.), kojega se smatra jednim od najznačajnijih inovatora televizijskog programa i za čijeg je mandata uvedena inovacija breaking news, prekidanje redovitog programa izvanrednim vijestima te izravni prijenosi pokopa utjecajnih osoba?;Robert E. KINTNER;5
772;Nazivana i Velikim kanjonom Francuske, kako se zove klisura u središnjoj Provansi duljine 25 kilometara, koju formira istoj mena rijeka? Proteže se između 700 metara vapnenačkih stijena te dolazi gotovo do Alpa.;VERDON;5
773;Dobiveno od najboljeg grožđa sorte tempranillo, katalonsko vino Minuto 116 Tinto, nazvano po važnom trenutku u njegovoj karijeri iz 2010. godine, proizvodi se u obiteljskoj vinariji kojega poznatog nogometaša?;Andrés INIESTA (gol u 116. minuti finala SP-a u JAR-u);5
774;Koji je neolimpijski sport, osmišljen u Meksiku, ime dobio po drvenim veslima s kojima se isprva igrao, a danas su u njemu najuspješnije zemlje Španjolska i Argentina?;PADEL;5
775;Lavoslav Ružička 1924. godine s Hermannom Staudingerom prvi je izolirao i opisao kemijsku strukturu kojega prirodnog insekticida, dobivena iz cvijeta dalmatinskog buhača (Tanacetum cinerariifolium)?;PIRETRIN;5
776;Okrunjen 1199. godine, koji je najmlađi sin Henrika II. i Eleonore Akvitanske na engleskom prijestolju naslijedio brata Rikarda Lavljeg Srca?;IVAN bez Zemlje;4
777;Za razliku od hipotetičkih i kategoričkih, kako se u logici, po klasifikaciji prema odnosu, zovu složeni sudovi u kojima se predikati medusobno isključuju te se utvrđuje da postoji opreka medu sudovima, tj. da oni ne mogu biti zajedno istiniti, a od svih nabrojenih članova barem jedan mora biti istinit?;DISJUNKTIVNI sudovi;3
778;Objavljen krajem 1957. godine, album Francisca Raúla Gutiérreza Grilla, poznatijeg kao "Machito", jedan je od najvažnijih i ritmički najinovativnijih albuma afro-kubanskog jazza, a imenovan je u čast jedne istočnoafričke države. Koje?;KENIJA;5
779;Kojega su slikara erotski crteži goruće spolnosti aktova i prizora zagrljenih parova" 1912. godine nakratko "odveli" u zatvor, iako je zapravo prikazao patnju uzrokovanu seksualnošću te mračnu stranu erotizma u slikarsko-crtačkom kontekstu Freudovih teorija?;Egon SCHIELE;5
780;Radnjom većinom temeljenom na knjizi Horton Hears a Who! te s referencijama na još dvadesetak dječjih knjiga istoga autora, mjuzikl Seussical Lynn Ahrens i Stephena Flahertyja zapravo je posveta sveukupnom djelu kojega pisca (1904. 1991.)?;DR. SEUSS / Theodor Seuss GEISEL / Theo LeSIEG;3
781;U čast vrtovima ljubavi" u pakistanskom Lahoreu, koje je posebno voljela žena mogulskog vladara šaha Džahana, kako je Jacques Guerlain nazvao jedan od svojih najslavnijih ženskih parfema, predstavljen 1925. godine?;SHALIMAR;4
782;Referirajući se na uvid slavnog psihologa o tome da djeca prolaze stereotipni razvoj u svome razumijevanju brojeva, prostora i vremena, za koga je Albert Einstein izjavio da je njegova teorija toliko jednostavna da bi je se samo genijalac mogao dosjetiti"?;Jean PIAGET;5
783;Osnovana 1956. godine na poticaj katoličkog svećenika Joséa Marije Arizmendiarriete s idejom radničke solidarnosti, participacije i ljudskog dostojanstva, kako se zove korporacija i federacija zadruga (kooperativa) koja je godinama vodeća baskijska poslovna grupacija? Ljubiteljima sporta pomoć može biti činjenica da ime dijeli s prezimenom bivšeg kolumbijskog nogometnog vratara.;MONDRAGON;5
784;Kako se zove jedan od najboljih svjetskih svirača lutnje, podrijetlom iz Zenice, poznat po virtuoznim nastupima i suradnji s vodećim svjetskim ansamblima i izvođačima rane glazbe? Svjetsku je pozornost privukao albumom Songs From the Labyrinth koji je 2006. godine snimio sa Stingom.;Edin KARAMAZOV;5
785;Prema grčkom za "olovni sjajnik", kako se zove kemijski element atomskog broja 42, važan za život na Zemlji kao esencijalni mikroelement jer je sastojak enzima koji u biljaka katalizira biološku fiksaciju atmosferskoga dušika s pomoću mikroorganizama? U prirodi se pojavljuje samo u spojevima.;MOLIBDEN;5
786;Koji je hrvatski dugoprugaš osvojio srebrnu medalju u maratonskoj utrci na Olimpijskim igrama 1956. godine te pobijedio na prestižnom Bostonskom maratonu dvije godine kasnije? Inauguralni je osvajač nagrade Zlatna značka za najboljeg sportaša Jugoslavije.;Franjo MIHALIĆ;5
787;Kako se zove hrvatski kvartet koji u svojoj glazbi njeguje spoj suvremene klupske plesne glazbe u kombinaciji s jazzom i elek tronikom, a na velika je vrata ušao eponimnim albumom 2012. godine, dok mu je najcjenjeniji i najnagrađivaniji album Third Sun From The Stone iz 2015.?;CHUI;5
788;Na jidišu u značenju "mali grad", kako su se prije holokausta zvali gradići u istočnoj i središnjoj Europi, nastanjeni uglavnom židovskom populacijom? Tykocin u sjeveroistočnoj Poljskoj jedan je od najočuvanijih primjera tog tipa naselja.;ŠTETL;5
789;Koja se opsežna sistematska biljna skupina (pododjeljak) viših biljaka stablašica, znanstvenog imena Angiospermae ili Magnoliophyta, dijeli na jednosupnice (npr. ječam, pšenica, kukuruz) i dvosupnice (npr. lovor, ružmarin, peršin)?;KRITOSJEMENJAČE;5
790;U popularnom zabavno-kulturnom TV magazinu Crno-bijelo u boji kao glazbena podloga korištena je koja instrumentalna pjesma indijanskog imena grupe The Shadows iz 1960. godine?;APACHE;5
791;Zajedničkog imena Bitka kod San Romana, ciklus triju slika iz sredine 15. stoljeća koje prikazuju pobjedu firentinske nad sijenskom vojskom u bitki 1432. godine, djelo su kojega slikara rane renesanse? Posebnost je toga ciklusa što su sva tri njegova dijela odvojena i danas se nalaze u muzejima u Firenci, Londonu i Parizu.;Paolo UCCELLO / Di DONNO;5
792;Premda neki osporavaju autentičnost djela jer se najprije pripisivala Mavru Petranoviću ipak je ustanovljeno da je Držić slobodno preveo istoimenu tragediju Lodovica Dolcea inspiriran Euripidom, pa je ona danas uvrštena u njegova djela. Dijeleći ime sa ženom trojanskog kralja Prijama, kako se zove jedina Držićeva tragedija koja zauzima važno mjesto u hrvatskoj književnosti jer se njome, među ostalim, otvara dubrovačka šesnaestostoljetna tragediografija?;HEKUBA;5
793;Koji je programski jezik, primarno korišten u poslovnim i financijskim aplikacijama te kao podrška administrativnim sustavima tvrtki i vlada, tijekom rada u američkoj mornarici 1959. godine razvila matematičarka Grace Hopper?;COBOL;5
794;Smatrao je da je prirodno ljudsko pravo dano od Boga i da je primjenjivo i na odnos među državama, a svojim je glavnim djelom O pravu rata i mira (De jure belli ac pacis) iz 1625. godine na prirodnopravnim postavkama postavio temelje međunarodnom pravu. Kojeg se nizozemskog pravnika i pisca zbog toga smatra ocem međunarodnog prava?;Hugo GROTIUS / DE GROOT;5
795;Kako se zove vodeno tijelo i pridružena mu obalna "mokra tla" koja se nalaze između dijela obale sjeverozapadne kontinentalne Europe i Sjevernog mora, sa svojstvenim blatnim pličinama po kojima je i nazvano? To se "more" od 2009. godine nalazi na UNESCO-ovu popisu svjetske baštine kao najveći sustav neprekinutih pjeskovitih plićaka na svijetu.;VADENSKO more;5
796;Nazvana po francuskom znanstveniku koji ju je predložio 1730. godine, kako se zove ljestvica za mjerenje temperature, kojoj su talište i vrelište vode na 0 i 80 stupnjeva, a najčešće se označava s 'Ré ili 'r? Nekada je imala široku upotrebu, a danas se koristi jedino za mjerenje temperature mlijeka u proizvodnji nekih vrsta talijanskih i švicarskih sireva.;RÉAUMUR/ REOMIROVA ljestvica;5
797;Pod kojim je imenom poznato međunarodno sportsko natjecanje u neolimpijskim sportovima, prvi put održano 1981. godine u američkoj Santa Clari?;SVJETSKE IGRE / WORLD GAMES;5
798;Imenovana prema madarskom skladatelju i etnomuzikologu, kako se naziva široko rasprostranjena metoda zasnovana na pjevanju narodnih pjesama, sviranju i pokretu, namijenjena dječjoj glazbenoj edukaciji, nastala sredinom pedesetih 20. st.? Naime, on je smatrao da je svako dijete, koje je sposobno naučiti pisati i čitati materinski jezik, sposobno čitati i pisati notni tekst, a predlagao je vježbanje glazbenih pojmova uz slušanje, pjevanje pokret i igru.;Metoda KODÁLY (Zoltán Kodaly);5
799;Smatran najvažnijim hrvatskim kiparom druge polovice 19. stoljeća, kako se zvao kipar (1849. – 1932.) poznat po skulpturama Ivana Gundulića u Dubrovniku, Šenoe i Preradovića u Zagrebu te brojnim nadgrobnim spomenicima od kojih se ističu oni Petru Preradoviću i Eugenu Kumičiću u Zagrebu, Ivanu Perkovcu u Samoboru, Matiji Antunu Relkoviću u Vinkovcima te Anti Starčeviću u Šestinama?;Ivan RENDIĆ;5
800;Ovo domorodačko pleme nastanjuje riječno područje od Paname do Kolumbije, pretežno Darijensku prevlaku, gdje živi potpuno odvojeno od moderne civilizacije, a osim izoliranosti jedina su etnička skupina Latinske Amerike kod koje je zabilježeno genitalno sakaćenje žena (žensko obrezivanje). Kako se zove to pleme, u prošlosti još znano kao Indijanci Chocó ili Katío?;EMBERÁ;5
801;Koja je naslovna junakinja bajke, čiji je prvi europski zapis djelo Giambattiste Basilea, u nekim jezicima poznata kao Cendrillon, Askungen, Aschenputtel i Cenerentola?;PEPELJUGA;3
802;Vojska koje je azijske države 1934. godine izvanrednim pothvatom pobjegla iz neprijateljskog obruča i krenula na putovanje poznato kao "Dugi mars"? Preživjeli su smatrani herojima od kojih je većina činila vladajuću garnituru nakon uspostave republike 1949. godine.;KINA;5
803;Ime koje rijeke vjerojatno potječe od frigijske riječi zetna što znači "vrata", a odnosi se na samo ušće rijeke u more, gdje otvara"vrata" dalmatinskom zaleđu?;CETINA;4
804;Koji je dvoznamenkasti broj u nazivu najpoznatije američke ceste, koja se na 3940 km proteže od Chicaga do kalifornijske Santa Monice?;66 (Route 66);2
805;Karakterističan za tijelo koje se urušilo zbog gravitacijskih sila, Schwarzschildov ili gravitacijski polumjer naziva se još i polumjerom kojeg svemirskog objekta?;CRNA RUPA;4
806;Za razliku od kupališta sento, na kakvim se izvorima Japanci odmaraju i relaksiraju odlaskom na kupalište onsen, čija voda mora sadržavati točno određene kemijske elemente i biti zagrijana na barem 25 Celzijevih stupnjeva?;TERMALNI / LJEKOVITI izvori;4
807;Nazvan po garnizonu Slobodne Francuske, a s radnjom o budućim pustolovinama Ricka i kapetana Renaulta, Brazzaville je bio planiran, ali nikad realiziran"sequel" kojega čuvenog filma iz 1942. godine?;CASABLANCA;4
808;U značenju"nježni način", koji je borilački sport u Japanu 1882. utemeljio Jigoro Kano, kao suvremeni sportski nastavak starojapanske borilačke vještine džiju-džicu?;DŽUDO;4
809;Koji je glavni grad po želji predsjednika Juscelina Kubitscheka sagraden na visoravni Goiás, u unutrašnjosti zemlje?;BRASILIA;4
810;Kao prvi medu jednakima", koju je političku funkciju prvi u povijesti de facto obnašao engleski lord Walpole, došavši na tu poziciju 1721. godine?;PREMIJER / PREDSJEDNIK VLADE;3
811;Zaha Hadid, Kazuyo Sejima, Yvonne Farrell i Anne Lacaton medu rijetkim su ženama koje su od 1979. godine osvojile ovu prestižnu nagradu. Koju?;PRITZKEROVA nagrada;5
812;Prvi put objavljen u kolovozu 2004. godine, Daily Source Code Adama Curryja smatra se jednim od pionira kojega formata, dostupnog u digitalnoj audiodatoteci za preuzimanje i slušanje svakomu tko se za to predbilježi, a riječ je uglavnom o dužim ili kraćim emisijama koje se bave specifičnim temama?;PODCAST;2
813;Temeljena na drami koju je prema svojem romanu priredio Alexandre Dumas, u kojoj se operi Giuseppe Verdija pojavljuje lik Violette Valery?;La TRAVIATA;4
814;Sudeći prema pjesmi i njihovoj krilatici, pod kojim motom od dviju riječi na svahiliju žive šaljivi merkat Timon i bradavičasta svinja Pumbaa?;HAKUNA MATATA;1
815;Koja špilja u Varaždinskoj županiji ima oblik izdužene dvorane dugačke pedesetak metara i široke oko trideset metara, u kojoj su pronađene kosti kasnih neandertalaca prijelaznog tipa? Od 1964. zaštićena je kao paleontološki spomenik prirode.;VINDIJA;3
816;Koji je četveroslovni naziv za pitu otvorena tipa s prhkim tijestom i raznovrsnim nadjevima?;TART;4
817;Kako se zove varijanta pokera u kojoj igrač u ruci drži četiri karte, a kombinaciju od pet karata mora složiti s dvjema iz ruke uz još tri od pet ponudenih na stolu?;OMAHA Hold 'em;5
818;U prvom dijelu jednog od klasika svjetske književnosti iz 1726. godine dvije su sukobljene otočne monarhije koje se nalaze u južnom indijskom oceanu, a naseljavaju ih sićušna ljudska bića. Jedna je Blefuscu, a druga je koja, s glavnim gradom Milden-dom?;LILLIPUT (Gulliverova putovanja);4
819;Prema klasičnoj formuli crni je barut smjesa 75 posto kalijeva nitrata, 13 posto drvenog ugljena i 12 posto kojeg kemijskog elementa 16. skupine?;SUMPOR;4
820;Samo nekoliko dana nakon nuklearnog testiranja na Maršalovim otocima, koju je kreaciju Louisa Réarda u srpnju 1946. kao model prva nosila egzotična plesačica Micheline Bernardini?;BIKINI;4
821;Eddie the Head maskota je koja se od 1980. godine pojavljuje na naslovnici svakog albuma kojega slavnog heavy metal-benda?;IRON MAIDEN;2
822;"Pogledajte još jednom tu točkicu. Ona je ovdje. Ona je naš dom. To smo mi..." Što je s poznate fotografije iz 1990. godine tako opisao Carl Sagan?;Planet ZEMLJA;4
823;U kojoj američkoj seriji arhitekt Ted Mosby kćeri i sinu prepričava svoje mladenaštvo i vezu s Tracy šest godina nakon njezine smrti točnije 2030. godine? Uz to što je glavni lik, Ted je i narator cijele serije.;KAKO SAM UPOZNAO VAŠU MAJKU / HOW I MET YOUR MOTHER;1
824;Koja je Manetova slika iz 1863. godine odbijena na izložbi Salona u Parizu te je postala jedna od slika zbog koje je car Napoleon III. dopustio izložbu odbijenih radova (Salon des Refusés)?;DORUČAK NA TRAVI;4
825;Mjuzikl Ala i Jona Kaplana Silence! The Musical nastao je kao parodija na koji Oscarom nagraden film iz 1991. godine?;KAD JAGANJCI UTIHNU/The SILENCE of the LAMBS;4
826;Nakon što je otišao iz Bodley Heada 1935. godine, Allen Lane sa svojom je braćom osnovao koju izdavačku kuću, koja je jeftinim knjigama mekog uveza i odvažnih boja preobrazila nakladništvo i donijela kvalitetnu književnost na masovno tržište?;PENGUIN Books;3
827;Prema Svetoniju, tko se Klaudiju, ali i kasnijim rimskim carevima obraćao riječima"morituri te salutant"?;GLADIJATORI;3
828;Na Hertzsprung-Russellovu dijagramu koji pokazuje odnose između apsolutnog sjaja, boje i temperature zvijezda, u središtu – s vrijednosti luminoziteta 1 i temperaturom površine oko 5780 Knalazi se koja zvijezda?;SUNCE;4
829;Osnovana u San Franciscu 2012., tvrtka za posredovanje u uslugama prijevoza Lyft, prozvana je mladim bratom i najvećim konkurentom kojoj kalifornijskoj tvrtki, osnovanoj tri godine ranije?;UBER;3
830;"Ašokina čakra", koju predstavljaju 24 žbice, naziv je za kotač koji se u plavoj boji pojavljuje na zastavi koje države?;INDIJA;4
831;Samo je osam igrača u povijesti NBA lige ostvarilo idealnu šutersku sezonu i ušlo u tzv. 50-40-90 klub regularnog dijela sezone. Koju šutersku kategoriju predstavlja broj 90 u tom prestižnom klubu?;SLOBODNO BACANJE;3
832;U hrizelefantinskoj tehnici izrade antičkih reprezentativnih kipova tankim pločicama od zlata oblagani su kosa, odjeća i nakit na drvenoj jezgri kipa, dok su kojim materijalom oblagani goli dijelovi tijela?;BJELOKOST/ SLONOVAČA;5
833;Koja se australska pjevačica i glumica na velikoj sceni pojavila sredinom osamdesetih u australskoj hit-seriji Susjedi (Neighbours), a u to vrijeme započela je i uspješnu glazbenu karijeru? Pjesmom Can't Get Out You of My Head s albuma Fever pokorila je glazbeni svijet početkom dvije tisućitih?;Kylie MINOGUE;1
834;Glumeći Władysława Szpilmana u ratnoj drami Romana Polanskog iz 2002. godine, koji glazbeni instrument svira Adrien Brody?;KLAVIR;1
835;Iako su od 1941. godine smatrani izumrlima, ornitolozi su ih prije nekoliko godina uočili u savanskoj ekoregiji jugoistočnog Brazila. Koje su boje oči i točke na krilima tih malenih, endemskih golubova znanstvenog imena Columbina cyanopis?;PLAVA (plavooka golubica);5
836;Koju je političko-geografsku sintagmu Winston Churchill prvi put upotrijebio u ožujku 1946. u svom govoru na američkom Sveučilištu Westminster?;ŽELJEZNA ZAVJESA/ IRON CURTAIN;5
837;Koja je automobilska tvrtka osnovana 1910. godine u Milanu kao Anonima Lombarda Fabbrica Automobili, a kasnije joj je napuljski poduzetnik i vlasnik Nicola uz originalno ime dodao svoje prezime stvorivši današnje prepoznatljivo ime?;ALFA ROMEO;3
838;Koja se država prostire na tri od površinom šest najvećih otoka na svijetu?;INDONEZIJA (Java, Nova Gvineja, Borneo);4
839;Koji je hrvatski kanuist u Montrealu 1976. godine osvojio zlatnu olimpijsku medalju na 1000 metara u jednokleku te broncuna 500 metara?;Matija LJUBEK;5
840;Ako je s jedne strane Atlantskog oceana poprište bio Wembley, a istovremeno s druge stadion John F. Kennedy u Philadelphiji, koji se čuveni glazbeno-humanitarni događaj odvio 13. srpnja 1985. godine?;LIVE AID;2
841;Po kojem fiktivnom liku naziv nosi sindrom kod kojega osobe osjećaju jak strah i paniku od budućeg starenja i fizičkog propadanja?;DORIAN GRAY;2
842;Izrijekom spomenut u biblijskom Otkrivenju kao broj Zvijeri, koji je troznamenkasti broj suma kvadrata prvih sedam prostih brojeva?;666;1
843;Sa slovom "F" i pripadajućim brojem Jacob Baart de la Faille sastavio je 1928. godine prvi katalog svih poznatih djela kojega slavnog postimpresionističkog slikara?;Vincent VAN GOGH;NA
844;Koju su pjesmu iz 1987. godine, nagrađenu Oscarom i Zlatnim globusom za najbolju originalnu pjesmu, kao glazbenu podlogu u popularnom filmu otpjevali Bill Medley i Jennifer Warnes?;(I've had) The TIME OF MY LIFE;4
845;Tartinijeva sonata Davolji triler jedina je glazbena kompozicija koju na svom klarinetu može odsvirati koji naslovni stripovski junak?;DYLAN DOG;1
846;Teniski je teren u početku imao oblik pješčanog sata, a tek je 1875. godine na kojem poznatom turniru uveden njegov pravokutni oblik?;WIMBLEDON;4
847;U grčkoj mitologiji prelijepom kraljeviću Adonisu u lovu je smrtne rane zadala koja životinja, za koju se vjeruje da ju je iz osvete poslala Artemida?;VEPAR/DIVLJA SVINJA;4
848;Od francuskog za "trljanje", kako se zove tehnika reproduciranja teksture stavljanjem papira preko predmeta, pa se trljanjem pastelom ili olovkom njegova struktura fiksira na papiru?;FROTAŽ;5
849;Povijesnim dijalektom kojega jezika govore stanovnici naselja Šušnjevica, Nova Vas, Jesenovik, Brdo, Kostrčani i Letaj, smještenih jugozapadno od Učke te oni iz ćićarijskog sela Žejane?;RUMUNJSKI (istrorumunjski);5
850;Političarka i aktivistica u borbi protiv aparthejda Winnie Madikizela bila je druga supruga kojega političara i državnika?;Nelson MANDELA;5
851;Poznatija kao Imola, staza Autodromo Enzo e Dino Ferrari do 2006. godine u F1 kalendaru bila je velika nagrada koje države?;SAN MARINO;5
852;Koja je manekenka karijeru započela kao sedmogodišnjakinja, kada je glumila učenicu u spotu za pjesmu Boba Marleyja Is This Love, a svjetski je postala poznata pod nadimkom "Crna Pantera"?;Naomi CAMPBELL;4
853;Smješten jugozapadno od rta Kamenjak, otočić Fenoliga paleontološki je rezervat na čijoj se južnoj strani nalazi jedno od najbogatijih europskih nalazišta otisaka stopa kojih izumrlih životinja?;DINOSAUR;2
854;Kako je ime pjevačici prezimena Guðmundsdóttir, koja je od 1987. do 1992. godine bila vokal u rock-grupi Sugarcubes, nakon čega je započela uspješnu samostalnu karijeru?;BJÖRK;5
855;Pod kojim je kraćim imenom poznatiji Mića, mladić iz bogate seoske obitelji Dalmatinske zagore, u operi praizvedenoj 1935. godine?;ERO;5
856;Prema Evandelju po Mateju, Isus je u razgovoru s farizejima i pismoznancima rekao:"Doista, kao što je koji prorok bio u utrobi kitovoj tri dana i tri noći, tako će i Sin Čovječji biti u krilu zemlje tri dana i tri noći."?;JONA;3
857;Populariziravši naslovom internacionalno prihvaćen termin za ideju o integraciji multietničkih društava, kako se zove drama (originalni engleski naslov) Israela Zangwilla iz 1908. godine o imigrantskoj obitelji ruskih Židova te nadi glavnog lika o društvu oslobođenom etničkih podjela i mržnje?;The MELTING POT;4
858;Ako su tužitelji Melet, Anit i Likon, koji je čuveni filozof na "optuženičkoj klupi"?;SOKRAT;4
859;Osnovana u Londonu 1844. godine, koja je svjetska organizacija mladih, koja promovira kršćanska načela u razvoju zdravog tijela, uma i duha, opjevana u velikom hitu grupe Village People?;YMCA (Young Men's Christian Association);1
860;Koji je park prirode, smješten u području srednjeg toka rijeke Save, jedno od najvećih očuvanih prirodnih poplavnih područja u Europi te stanište za više od dviju trećina ukupne populacije ptica u Hrvatskoj?;LONJSKO POLJE;4
861;Osamdesetih godina prošloga stoljeća jedna od najozloglašenijih crnih propagandi" Sovjetskog Saveza bila je operacija INFEKTION kojom se tvrdilo da je američka vojska izumila koju bolest?;AIDS / SIDA;4
862;Kronološki nastao nakon Simfonije tisuće, Mahlerov opsežni orkestralni ciklus na tekstove iz kineske lirike Pjesma o zemlji nije nazvan simfonijom zbog skladateljeva praznovjernog straha da će mu koja po redu simfonija biti, kao i Beethovenu, posljednja?;DEVETA;4
863;S obilježjima američkog nogometa, košarke i nogometa, ultimate je sport u kojem je cilj u protivničkoj gol-zoni uhvatiti koji "leteći" rekvizit?;FRIZBI/ leteći DISK;4
864;Koji mišić ljudskog tijela čine caput longum, caput mediale i calaterale? put;TRICEPS brachii / TROGLAVI mišić;3
865;Koju je strojnicu početkom pedesetih konstruirao Uziel Gal patentiravši potpuno nov dizajn oružja koje koristi pištoljsko streljivo kalibra 9 mm te ima spremnik streljiva u samom rukohvatu?;UZI;3
866;S položajem blizu mjesta Chicxulub po kojemu je dobio ime, ovaj udarni krater promjera oko 200 kilometara smatra se jednim od najvećih udara nebeskih tijela u povijesti Zemlje, a nalazi se na kojem poluotoku?;YUCATAN;4
867;Prema Maxwellovoj teoriji elektromagnetizma, koja je prirodna konstanta povezana s drugim dvjema prirodnim konstantama, dielektričnom permitivnošću vakuuma (E) i magnetskom permeabilnošću vakuuma (4)?;BRZINA SVJETLOSTI;4
868;Nagrada Teddy za filmove vezane uz LGBT tematiku dodjeljuje se u sklopu berlinskog filmskog festivala od 1987. godine. Prvi je dobitnik španjolski film Zakon žudnje kojega slavnog redatelja?;Pedro ALMODÓVAR;5
869;Kojim se germanizmom označava način gradnje stambenih i poslovnih objekata kod kojeg se objekt dovede do odredenog stupnja završenosti, a kupac preuzima dovršavanje?;ROH BAU;5
870;Djelo kipara Ive Kerdića, statua koje zlatarove kćeri od 1929. godine stoji u niši Kamenitih vrata, blizu kojih je u poznatom romanu bila kuća njezina oca?;DORA Krupićeva;5
871;Priča Bizetove opere Biserari (Les Pêcheurs de perles) smještena je u strogim pravilima odredeno kastinsko-svećeničko društvo kojega otoka u Indijskom oceanu?;ŠRI LANKA;5
872;U trbuhu dječaka Hugha Apistona iz romana Dom gospodice Peregrine za čudnovatu djecu žive koji kukci iz reda opnokrilaca, s kojima on komunicira i upravlja njima?;PČELE;5
873;Kao prvi ulični festival u Hrvatskoj, kako se zove festival koji okuplja profesionalne i amaterske umjetnike iz cijelog svijeta od glazbenika raznih žanrova do uličnog teatra i multimedijalnih izvedbi te varaždinsku povijesnu jezgru pretvara u umjetničku radionicu u kojoj sudjeluju i posjetitelji i umjetnici?;ŠPANCIRFEST;3
874;Nakon Annapurne I najsmrtonosniji "osamtisućnjak", koji je planinski vrh u siječnju 2021. postao posljednji od četrnaest najviših osvojen zimi?;K2;4
875;Koji je irski fotograf krajem 2012. godine na istoku DR Konga dokumentirao gradanski rat uz pomoć posebnog infracrvenog filma Kodak Aerochrome, stvorivši kolekciju Infrafascinantne fotografije ružičastih i grimiznih nijansi?;Richard MOSSE;5
876;Po kojem je rimskom caru nazvan dekret službenog imena Rušenje na teritoriju Reicha, Hitlerova naredba iz ožujka 1945. o potpunom uništenju njemačke infrastrukture kako bi se spriječilo da je koriste savezničke snage u slučaju prodora duboko unutar Njemačke?;NERON;5
877;Medu starosjedilačkim glazbenim kulturama koje se države ističu područje Nguni, područje naroda Sotho i Tswana, zatim naroda Venda te područje naroda Tsonga?;REPUBLIKA JUŽNA AFRIKA;5
878;Koji je petoslovni pojam, prvi put spomenut u književnom djelu, izveden iz češke riječi u značenju prisilni rad" ili "poslušnost"?;ROBOT;4
879;Nazvana prema sjedištu metropolitanske londonske policije, kako se zove igra na ploči u kojoj igrači detektivi pokušavaju locirati bjegunca na ulicama Londona slijedeći tragove koje ostavlja u javnom prometu?;SCOTLAND YARD;1
880;Kako bi se spravio koktel Tuxedo, potrebno je pomiješati džin, suhi vermut, liker Maraschino, Orange bitter i koje još jako alkoholno piće?;APSINT;4
881;Osobito primjenjiva u ekonomskom ponašanju raznih subjekata, kako se zove grana primijenjene matematike koja se bavi formalizacijom i analizom procesa odlučivanja više racionalnih osoba u uvjetima njihovih usuglašenih interesa ili konflikata, ali i u okolnostima rizika i neizvjesnosti?;TEORIJA IGARA;4
882;Dok kod jedinstvenog indifikatora knjiga (ISBN) treće slovo označava riječ book, kod standardnog broja serijskih publikacija (ISSN) serial, koju englesku riječ označava slovo "M" u jedinstvenom identifikatoru ISMN?;MUSIC (International standard music number);3
883;Latinskog naziva vis maior, kako u pravu zovemo događaj ili okolnost koja nastaje izvan sfere djelovanja subjekta i neovisno o njegovoj volji, ne može se predvidjeti ni izbjeći?;VIŠA SILA;4
884;Uvozeći velike količine pijeska, koja država planski nasipa okolno more čime doslovno raste od šezdesetih godina površina joj se od 580 km2 povećala za gotovo četvrtinu?;SINGAPUR;5
885;Za potrebe širenja kršćanstva među moravskim Slavenima, sredinom kojega je stoljeća glagoljica nastala kao pismo slavenskog prijevoda grčkih liturgijskih tekstova?;9. stoljeće;4
886;U kojem su filmu iz 2003. godine, temeljenu na romanu Dennisa Lehanea, Sean Penn i Tim Robbins osvojili Oscara za glavnu i sporednu mušku ulogu zahvaljujući čemu je postao prvi film nakon Ben Hura koji je osvojio obje navedene nagrade?;MISTIČNA RIJEKA;4
887;Dodamo li nazivu visoke institucije vlasti jedan samoglasnik, dobit ćemo četveroslovno ime bizantskog enciklopedijskog leksikona iz 10. stoljeća, opsežna i važna izvora informacija o antičkom svijetu. Kako se zove taj leksikon?;SUDA;5
888;Što se to vraća kući" u početnim stihovima pjesme Three Lions liverpulskog rock-benda Lightning Seeds u suradnji s Davidom Baddielom i Frankom Skinnerom, prigodno objavljene u kasno proljeće 1996. godine?;NOGOMET;4
889;Prema talijanskom za "šalu", kako se zove dramsko-scenska vrsta koju odlikuje hipertrofirana i grubo karikaturalna komika, u kojoj se na osobit način raskrinkavaju mane i nedostaci društva i pojedinca?;BURLESKA;5
890;Koji je rimski filozof i književnik iz 1. stoljeća autor brojnih moralno-filozofskih spisa, među kojima se ističu glasovita Moralna pisma Luciliju, filozofski eseji iz područja praktične etike, koji se odlikuju kratkim, dotjeranim rečenicama, duhovitim sentencijama ili neočekivanim antitetičkim obratima?;Lucije Anej SENEKA;5
891;Nakon što su ga 1977. godine Steve Rubell i Ian Schrager otvorili i nazvali po ulici u kojoj se nalazio, koji je broj bio u imenu legendarnog njujorškog noćnog kluba, poznatog okupljališta "sex, drugs and disco"?;54 (Studio 54);4
892;Vladajući u drugoj trećini 14. stoljeća, Kazimir III. Veliki bio je posljednji poljski kralj iz koje dinastije?;PJASTOVIĆI;5
893;Poigravši se naslovom svog uspješnog političkog dokumentarca iz 2004., kako je Michael Moore naslovio dokumentarni film o političkom životu Donalda Trumpa iz 2018. referirajući se na datum proglašenja njegove pobjede na američkim predsjedničkim izborima 2016. godine?;FAHRENHEIT 11/9;5
894;Lansirana u rujnu 1977., kako se zove NASA-ina svemirska sonda koja je obišla vanjske planete i zatim se spustila u međuzvjezdani prostor, a od 1988. godine sve do danas kad je od Zemlje udaljena oko 146 AJ smatra se najudaljenijim objektom u svemiru napravljenim ljudskom rukom?;VOYAGER 1;5
895;Krajem 2017. godine na UNESCO-ov popis nematerijalne kulturne baštine u Europi upisano je umijeće pizzaiuola (pizza-majstora) iz kojega grada?;NAPULJ;4
896;Poznati i kao francuski kalvinisti, kako su se jednim imenom od 1560. godine zvali francuski protestanti čijih je dvadesetak tisuća pripadnika stradalo u Bartolomejskoj noći?;HUGENOTI;5
897;Registriran u Liberiji, a u vlasništvu norveške tvrtke Sig. Berd.y., teretni brod Berge Istra, koji se nazivalo i "jugoslavenskim Titanicom, misteriozno je nestao u Tihom oceanu početkom 1976. godine, a izgrađen je tri godine ranije u kojem hrvatskom brodogradilištu?;ULJANIK;5
898;Koji je popularni američki rock-bend nazvan po strogom srednjoškolskom profesoru tjelesne kulture, koji je predavao nekim članovima grupe? Zanimljivo je da su nazivom debitantskog albuma iz 1973. godine objasnili" kako se izgovara ime grupe.;LYNYRD SKYNYRD;5
899;Koliko bodova donosi svaka od petnaest ubačenih crvenih kugli u partiji snookera?;JEDAN;5
900;Nazvan prema susjedu Homera Simpsona koji je od umjerenog i pristojnog kršćanina postao fundamentalni vjernik, kako se zove proces u kojem likovi u TV serijama od svojih početnih blagih osobina njihovim pretjerivanjem na kraju postanu groteska samih sebe?;FLANDERIZACIJA (Ned Flanders);3
901;Popularna u SAD-u između dva svjetska rata, kako se zove sociološka škola poznata po istraživanjima svih aspekata života u gradovima (urbana sociologija), koja ime dijeli sa skupinom arhitekata s početka 20. stoljeća i smjerom suvremene ekonomske misli, predvodene F. A. Hayekom i Miltonom Friedmanom?;ČIKAŠKA škola;5
902;Najpoznatiji po zbirkama pripovijedaka Dućani cimetne boje i Sanatorij pod klepsidrom, Bruno Schulz jedan je od najznačajnijih europskih meduratnih autora kratke proze i velikan književnosti kojega jezika?;POLJSKI;5
903;Kojom su riječju povezanom s tamošnjim jezikom, a koja se i danas koristi kako bi se opisali moćni birokrati bilo gdje u svijetu, portugalski putnici tijekom dinastije Ming nazivali visoke kineske dužnosnike?;MANDARINI;5
904;U lingvističkoj tipologiji koji je raspored subjekta (S), objekta (O) i predikata (V) u rečenici zastupljen u samo 3 posto svjetskih jezika, a uključuje algonkinsku i maipuransku porodicu jezika, majanske jezike, malgaški, fidžijski, palauanski i sumatranski toba batak?;VOS (predikat-objekt- -subjekt);4
905;Smješten u južnom Atlantskom oceanu, koji se otok smatra geografski najizoliranijim na svijetu jer je od antarktičkog kopna udaljen oko 1700 km, a od jugozapadne obale Republike Južne Afrike oko 2600 km? Najbliže mu je naseljeno mjesto na 2250 km otočje Tristan da Cunha.;BOUVET;5
906;Nakon braka s nogometašem Johnom Devineom, bivša miss Irske Michelle Rocca udala se sredinom devedesetih za kojega šesnaest godina starijeg sjevernoirskog kantautora, s kojim se pojavila i na coveru njegova albuma Days Like This?;George Ivan „Van" MORRISON;5
907;Cecilie Leganger jedina je vratarica proglašena najboljom rukometašicom na svijetu (2001.) i jedna od pet igračica iz svoje zemlje s tom nagradom. Za reprezentaciju koje je države nastupala ta, tamošnja najbolja rukometašica svih vremena?;NORVEŠKA;5
908;Kako nazivamo ribe koje većinu života provode u moru, a na mriješćenje odlaze u slatke vode? Najpoznatiji je primjer losos.;ANADROMNE;5
909;Kako se u židovstvu naziva sedmodnevno tugovanje nakon smrti, tijekom kojega prijatelji i znanci dolaze u pokojnikov dom izraziti sućut najbližima, ako znamo da je istog imena i jedno hinduističko božanstvo?;ŠIVA;4
910;Posebno popularna tijekom Drugog zaljevskog rata, pjesma B.O.B. iz 2000. godine izazvala je mnogo reakcija, tako da je dvojac iz Outkasta morao objašnjavati da je bombardiranje kojega grada samo metafora o nedostatku potpune posvećenosti mnogih u glazbenoj industriji?;BAGDAD (Bombs Over Baghdad);5
911;Kako se zove drama Chena Kaigea, prvi film na kineskom jeziku nagraden Zlatnom palmom, čija je radnja smještena u turbulentno razdoblje kineske povijesti od ranih dana republike do događaja poslije revolucije koja je neko vrijeme bila zabranjena u Kini zbog prikaza homoseksualnosti, samoubojstva i nasilja komunističkog režima?;ZBOGOM, MOJA KONKUBINO;5
912;Kako se prezivao diplomat i učenjak koji je prvi donio duhan u Francusku 1560. godine te zagovarao njegovo korištenje u medicinske svrhe smatrajući da pušenje pomaže u borbi protiv nekih bolesti, osobito kuge?;Jean NICOT de Villemain (po njemu je nazvan nikotin);5
913;Koji romanski jezik arhaičnog obilježja razlikuje četiri osnovna narječja: kampidansko, sasarsko, galursko i logudorsko?;SARDSKI (jezik Sardinije);5
914;U kojem su sportu, od uvođenja u olimpijski program za žene 2000. godine, pobjednice redom bile reprezentativke Australije, Italije, Nizozemske i tri SAD-a? puta;VATERPOLO;5
915;Dijeleći ime s jednom temperaturnom ljestvicom, koji su drvenasti muški parfem 1988. godine za Dior kreirali Jean-Louis Sieuzac i Michel Almairac?;FAHRENHEIT;3
916;Poznat i kao Baby cha-cha, kako se zove viralna videosnimka s 3D animacijom bebe i glazbenom podlogom benda Blue Swede, koja je preko masovnih medija u drugoj polovici devedesetih postala jedan od najranijih internetskih fenomena?;DANCING BABY/ OOGACHAKA BABY;4
917;Osvajanjem zlata Flore Duffy u triatlonu, koji je britanski prekomorski teritorij u ljeto 2021. godine postao brojem stanovnika (oko 70 tisuća) najmanji sudionik Olimpijskih igara sa zlatnom medaljom?;BERMUDA;5
918;Nazvan po slavnom matematičaru i pioniru računalstva, kako se zove test objavljen u njegovu radu Računalna tehnologija i inteligencija iz 1950. kojim se određuje mogu li računala razmišljati kao ljudska bića na temelju njihova uspjeha u određenim vrstama igara imitacije?;TURINGOV test;3
919;Nagrađen na berlinskom festivalu, film Živjeti (Ikiru) Akire Kurosawe iz 1952. godine, o osamljenom činovniku tokijskog Odjela za pritužbe koji sazna da boluje od raka i da mu preostaje još možda godina života, psihološka je drama nadahnuta kojom Tolstojevom pripovijetkom?;SMRT IVANA ILJIČA;5
920;Od navedenih, u kojoj se bacačkoj disciplini ne natječu atletski desetobojci: bacanje kugle, bacanje kladiva, bacanje koplja ili bacanje diska?;Bacanje KLADIVA;4
921;Koja je višeglasna skladba svjetovnog sadržaja – razvijena pretežno u Italiji od 14. do 17. stoljeća u nazivu jednog od prvih hrvatskih zborova sa školovanim pjevačima, komornog zbora (1930. 1941.) opsežnog repertoara koji je utemeljio Mladen Pozajić?;MADRIGAL;5
922;Uz demonstrativnu i senzitivnu, koja je prema Johnu Lockeu treća vrsta spoznaje, najviša, najjasnija i najsigurnija, a sastoji se od neposrednog opažanja, slaganja ili neslaganja dviju ideja?;INTUITIVNA spoznaja;5
923;Od latinskog za "lûk" i "gredu", kako se u antičkom graditeljstvu zvao jedan od triju osnovnih elemenata trabeacije (druga su dva friz i završni vijenac), donja od triju vodoravnih kamenih greda koje počivaju na kapitelima stupova, a nose konstrukciju krova?;ARHITRAV;5
924;Prve zlatne ploče diskografske su kuće dodjeljivale izvođačima kako bi obilježile milijun prodanih primjeraka. Prvo izdanje ikada nagrađeno zlatnom nakladom bio je singl Chattanooga Choo Choo, skladba koju je 1941. u mjuziklu Sun Valley Serenade sa svojim orkestrom izveo koji čuveni trombonist?;Alton Glenn MILLER;5
925;Koje je more najzapadniji dio Sredozemnog mora, a proteže se od obala južne Spanjolske do sjevera Maroka i Alžira te je Gibraltarskim vratima odvojeno od Atlantskog oceana?;ALBORANSKO more;5
926;Od perzijskog "pad-zahr" za istjerivanje otrova", kako se zove tvar, djelomično probavljena nakupina iz želuca nekih preživača, za koju se vjerovalo da ima moć neutralizacije otrova? Iako je nekada tražena kao protuotrov, također se smatrala izvrsnim sredstvom za čišćenje krvi i mokraćnih putova.;BEZOAR;5
927;Neslužbeno poznato i kao Crolimpijada, kako se zove amatersko sportsko natjecanje u kojem sudjeluju Hrvati i njihovi potomci iz cijeloga svijeta, predstavljajući države u kojima žive?;HRVATSKE SVJETSKE IGRE;3
928;Odjevne kreacije libanonskog modnog dizajnera Elieja Saaba odlikuje jedinstvena fuzija istočnjačke tradicije i zapadnjačkog modernizma, a aduti su mu skupe tkanine, čipka, drago kamenje, kristali Swarovski, biseri i precizni vez. U svijetu visoke mode poznat je po tome što se specijalizirao za koje odjevne predmete?;VJENČANICA;4
929;Koji su politički dokument 1848. godine u suautorstvu objavili sin apostatskoga židovskog odvjetnika iz Porajnja i nasljednik vlasnika wuppertalske predionice pamuka?;KOMUNISTIČKI MANIFEST (Marx i Engels);5
930;Koji je fiktivni lik i junak romana Mihaila Ljermontova nazvan prema rijeci dugoj 1809 km duljinom šestoj u Europi?;PEČORIN (rijeka Pečora);5
931;Iako je njegov izum drugima donio milijune zarade, on sam je umro ostavivši iza sebe dugove. Ironično, više je zaradio od knjige Gum-elastic and Its Varieties (1853.) u kojoj je detaljno opisao pronalazak i upotrebu procesa vulkanizacije, nego od saotkrića. Tko je bio taj izumitelj i samouki kemičar?;Charles GOODYEAR;5
932;Izvođeno uz pratnju lire ili lutnje, kako se prema venecijanskom za "jutarnju pjesmu" zove grčko narodno glazbeno umijeće, osobito rašireno na području Krete?;MANTINADA;5
933;Rođeni Hvaranin, koji je glumac i redatelj te jedan od začetnika kinematografije u FNRJ zaslužan za potpuno očuvanje teksta Kovačićeve Jame, koju je kao partizan čitao ranjenicima Prve proleterske brigade? Prema vlastitom scenariju režirao je prvi jugoslavenski poslijeratni dugometražni igrani film Slavica (1947.).;Vjekoslav AFRIC;5
934;Smješten na samom sjeveru Australije, kako se zove nacionalni park s UNESCO-ova popisa svjetske baštine Australije i Oceanije, koji ime dijeli s jednom vrstom tamošnje ptice?;KAKADU;5
935;Poznato kao "lanena knjiga", platno s oko 1130 riječi, sačuvano u pet naknadno izrezanih traka kojima je bila omotana egipatska mumija, najdulji je sačuvani rukopis na etrurskom jeziku, a nalazi se u Arheološkom muzeju kojega grada?;ZAGREB;5
936;Kako jednim imenom zovemo biljke koje žive na lužnatim tlima, gdje je pH-vrijednost izmedu 6,5 i 7,5, a medu koje se ubrajaju, primjerice, blitva i pšenica?;BAZOFILNE/ VAPNENAČKE;4
937;Koja je ukrajinska atletičarka u Göteborgu 1995. s 15,50 metara postavila svjetski rekord u ženskom troskoku srušen 26 godina kasnije u Tokiju? U Atlanti sljedeće godine pobijedila je nešto kraćim skokom i postala prva žena s olimpijskim zlatom u troskoku.;Inessa KRAVETS;5
938;Kako se zove udubljenje na površini Zemlje ispunjeno vodom, kojemu je površina vode iznad morske razine, a dno ispod nje? Najpoznatiji je primjer Bajkalsko jezero.;KRIPTODEPRESIJA;3
939;Naslov stripa Watchmen djelomično se odnosi na citat kojeg rimskog satiričara navedenog u njegovim Satirama (Satira VI, stihovi 347-348) Quis custodiet ipsos custodes?" ("Tko će čuvati čuvare"?), kojim se izražava nepovjerenje u sposobnost ili poštenje onih koji nadziru druge?;Decim Junije JUVENAL;5
940;Kakvo je kazalište u terminu koji je skovao poljski redatelj Jerzy Grotowsky kako bi okarakterizirao svoj stil režije zasnovan na krajnjoj štedljivosti scenskih sredstava i gdje je najvažniji odnos glumca i publike?;SIROMAŠNO;4
941;Emitiran jednom mjesečno u kasnom večernjem terminu početkom sedamdesetih, kako se zvao prvi hrvatski talk show redatelja i urednika Angela Miladinova, u kojemu su gostovale najpoznatije osobe iz javnog i društvenog života? Možda nije slučajno što je za glazbenu podlogu izabrana Mozartova slavna Serenada br. 13 u G-duru.;MALI NOĆNI RAZGOVORI;4
942;Objavljena početkom 1956. godine, koja je pjesma Elvisa Presleyja inspirirana novinskim izvještajem o samoubojstvu čovjeka koji je prije skoka kroz hotelski prozor ostavio oproštajnu rečenicu: "I walk a lonely street."?;HEARTBREAK HOTEL;4
943;Psihološkoj drami Hazarder (The Hustler) Roberta Rossena često se pripisuje zasluga za oživljavanje zanimanja za kojom sportskom igrom, s obzirom na to da glavni junak (Paul Newman) cijeli život gradi upravo na njoj i nastoji se dokazati kao najbolji američki igrač tako što će poraziti legendarnog "Minnesota Fatsa"?;BILIJAR;4
944;Od latinske složenice za "suvlasništvo", kako se zove područje pod vlašću i upravom dviju ili više država na temelju medunarodnog ugovora? Poznatiji su primjer iz prošlosti Novi Hebridi koji su od 1980. godine država Vanuatu, kada su stekli neovisnost od Ujedinjenog Kraljevstva i Francuske.;KONDOMINIJ;5
945;Kako se zove sposobnost poduzeća da raspoloživim novčanim sredstvima podmiri sve svoje dospjele obveze plaćanja u rokovima njihova dospijeća?;SOLVENTNOST;3
946;Godine 1972. Državna banka Kanade izdala je novu seriju novčanica od 5 dolara koje na poleđini imaju nacrtano vitlo na ribarskom brodu, revolucionarni patent kojeg hrvatsko-američkog izumitelja, rođenog 1904. u Sumartinu na Braču?;Mario PURATIĆ/ PURETIC;5
947;Od latinskog u značenju veći" ili "poveći", kako se zove najstariji tip grčkog i latinskog pisma, u kojem su sva slova iste veličine? Tome tipu pisma pripadaju latinska kapitala (kvadratna i rustična, I. V. st.), latinska (IV. VII. st.) i grčka uncijala (V. IX. st.), hrvatska glagoljica i ustavna ćirilica.;MAJUSKULA;5
948;U kojem se serijalu videoigara pojavljuje Sonya Blade, jedan od prvih ženskih borbenih likova u povijesti videoigara?;MORTAL KOMBAT;2
949;Teorija da je tijelo samoodrživo u prostoru te da je za održavanje stanica na životu potrebna jedino svjetlost zagovaraju konzumenti koji ne jedu i ne piju i žive isključivo od svjetlosti i zraka, a vjerojatno je najpoznatiji sljedbenik te "prehrambene" filozofije Victor Truviano. Kako se zove taj način "prehrane", poznat i kao "suhi post"?;BRETARIJANSTVO;5
950;Polusatnu sjednicu vlade koje je otočne države u listopadu 2009. predsjednik Mohammed Nasheed održao šest metara pod morem kako bi svjetskim liderima ukazao na klimatske promjene koje bi mogle pogoditi tu državu?;MALDIVI;4
951;U čast kojega je kantautora i pripadnika tzv. "denovske škole" nadomak pulske Arene u rujnu 2008. postavljena skulptura Noina arka, nazvana po njegovoj pjesmi L'arca di Noe o egzodusu pulskih Talijana u Italiju 1947. godine brodom Toscana, koji je postao talijanskim simbolom napuštanja Istre?;Sergio ENDRIGO;5
952;Dijelom po izrazu za lijenčinu ili zabušanta u engleskom jeziku, kojom se stopljenicom pejorativno naziva digitalni aktivizam na društvenim mrežama jer se često ograničava na deklarativnu podršku koja ne zahtijeva nikakav napor?;SLACKTIVISM/ SLACKTIVIZAM;3
953;Rođen kao Henry St. Clair Fredericks, pod kojim umjetničkim imenom, koje dijeli s poznatom gradevinom iz 17. stoljeća, nastupa taj blues-multiinstrumentalist, nagrađen Grammyjem za albume Señor Blues i Shoutin' in Key?;TAJ MAHAL;5
954;Koji pridjev krasi viteza Don Quijotea u originalnom naslovu romana? Može hrvatski, ali naravno i španjolski pridjev.;BISTRI vitez / El INGENIOSO hidalgo;5
955;Drugi najprometniji granični prijelaz na svijetu nakan GP San Ysidro-Tijuana te najprometniji u Europi nalazi se na bugarsko-turskoj granici, a čvorište čine Kapitan Andreevo s bugarske strane te koji granični prijelaz s turske strane, smješten u provinciji Edirne, na krajnjem zapadu Turske i čini oko 40 posto cjelokupnih cestovnih prijelaza kroz Tursku?;KAPIKULE;5
956;Kako se u rimskoj mitologiji zove demon noćne more, a prema srednjovjekovnom praznovjerju muški demon koji opći s vješticama?;INKUB (INCUBUS);5
957;Europska unija priznala je nedozreli, slani sir halloumi kao tradicionalni proizvod jedne zemlje, stoga je službeno halloumi samo onaj koji je napravljen u kojoj državi?;CIPAR;5
958;Na kojem su stadionu u travnju 1989. godine utakmicu polufinala FA kupa započeli Liverpool i Nottingham Forest susret koji će zbog gotovo stotinu preminulih i više od sedamsto ozlijedenih ljudi biti završen tek tri tjedna kasnije na Old Traffordu?;HILLSBOROUGH;5
959;Nazvan prema Tezejevoj ženi koja se zaljubila u svog pastorka Hipolita, zbog kojega se naposljetku i ubila, kako se neslužbeno zove kompleks koji najčešće označava seksualnu privrženost pomajke prema pastorku/posinku?;FEDRIN kompleks;5
960;Na kojem je popularnom glazbenom streaming-servisu tvrtka Barilla početkom 2021. godine otvorila profil s nekoliko glazbenih lista kako bi korisnici te platforme slušanjem pjesama odredili točno vrijeme kuhanja raznih vrsta tjestenine?;SPOTIFY;3
961;Kojim se sportom bavio prvi hrvatski stjegonoša na olimpijskim igrama uopće, koji je nosio zastavu na otvaranju Zimskih olimpijskih igara u Albertvilleu 1992.?;UMJETNIČKO KLIZANJE (Tomislav Čižmešija);5
962;Po kojem je austrijskom pedijatru imenovan infantilni refleks koji se najčešće javlja kao reakcija djeteta na snažnu buku ili osjećaj pada, a obično uključuje plač, retrofleksiju vrata te iznenadno širenje i povlačenje ekstremiteta?;Ernst MORO;5
963;Kao prva osoba u povijesti u izravnom televizijskom prijenosu, što je to u srpnju 1974. godine učinila Christine Chubbuck, američka televizijska reporterka čiji je život prikazao redatelj Antonio Campos u biografskoj drami Christine?;SAMOUBOJSTVO;3
964;Kako se prema njemačkom sveučilišnom gradu pokraj kojega su 1907. godine pronadeni ostaci, učestalije zove izumrla vrsta roda Homo koja se ponekad naziva i Homo rhodesiensis?;HOMO HEIDELBERGENSIS / HAJDELBERŠKI ČOVJEK;5
965;Koje je umjetničko razdoblje u naslovu kratkog igrano-dokumentarnog filma Oktavijana Miletića o životu grofa Janka Draškovića, koji je zajedno s propagandnom Stražom na Drini 1942. godine predstavljao NDH na venecijanskoj Mostri?;BAROK;4
966;Uz to što je najzaslužniji za pojavu igračaka Transformers na američkom tržištu, koji je poljsko-američki izumitelj i kockar patentirao "hole cam", kameru koja omogućuje televizijskim gledateljima pogled na karte igrača pokera kad su okrenute prema dolje?;Henry ORENSTEIN;5
967;Iz koje je države country-bend Bering Strait, aktivan od 1996. do 2006. godine, a čije su se pjesme s debitantskog albuma mogle čuti i u televizijskoj seriji Alias (2001. 2006.)?;RUSIJA;5
968;Nazvane po brdu iznad glavnoga grada Ugande na kojem se nalaze, kako se zovu kružne grobnice sa slamnatim krovom u koje su pokapani kabake (kraljevi Bugande), a od 2001. godine nalaze se na UNESCO-ovu popisu svjetske baštine u Africi?;Grobnice KASUBI;5
969;"Dubrovački lakat", zakonita jedinica duljine Dubrovačke Republike, bio je odreden duljinom desne ruke na kipu kojega viteza?;ORLANDO;5
970;Kojim se dvjema latinskim riječima zvao službeni stav poglavara Katoličke crkve koji je 1868. uveo Pio IX., a u slobodnoj bi interpretaciji značio da se ne preporučuje" sudjelovanje rimokatoličkih vjernika u Italiji u bilo kakvom obliku političkog života, pa ni na slobodnim izborima? Tu je politiku ukinuo 1919. godine papa Benedikt XV. dajući podršku Narodnoj stranci (Partito Popolare Italiano).;NON EXPEDIT;5
971;Kako se zove fizikalna veličina definirana kao količnik jačine električne struje i napona, oznake G te mjerne jedinice simens?;ELEKTRIČNA VODLJIVOST;2
972;Iako je zapravo slano, koje "okusno" ime nosi veliko jezero izmedu sjevernog i južnog dijela Sueskog kanala, koje često brodovima služi za promjenu položaja ili okretanje?;GORKO (Veliko gorko jezero);5
973;Roden u Le Mansu, koji je engleski kralj nosio naslov kralja Engleske (King of England), za razliku od dotadašnjeg kralja Engleza (King of the English) te je prvi iz dinastije Plantagenêt koji je vladao cijelom Engleskom?;HENRIK II.;4
974;U čast kojeg je filma Hajrudina Krvavca iz 1972. godine najpopularnijeg jugoslavenskog filma svih vremena u Kini i općenito jednog od tamošnjih najgledanijih filmova sedamdesetih i osamdesetih nazvan jedan brend kineskog piva?;VALTER BRANI SARAJEVO (pivo Valter);4
975;Smatrana jednom od najsvestranijih atletičarki, ali i sportašica općenito, Mildred Didrikson sve je olimpijske medalje zlato u utrci na 80 m s preponama i bacanje koplja te srebro u skoku uvis osvojila na jednim olimpijskim igrama. Kojim (grad ili godina)?;LOS ANGELES / 1932.;5
976;Kako se zovu razgranati protoplazmatski izdanci živčane stanice koji primaju i provode živčane impulse do tijela neurona?;DENDRITI;4
977;Kako se zove primopredaja gradevine između investitora i izvodača radova, pri čemu se utvrduje jesu li gradevina i radovi izvedeni u skladu s ugovorom, projektom, građevinskom dozvolom, tehničkim propisima, a služi za konačan obračun gradnje?;KOLAUDACIJA;5
978;Od latinskog u značenju "zrno" ili "mrvica", kako se zovu organizirane nakupine od po nekoliko stotina površinskih aktivnih tvari koje na sebe skupljaju nečistoće i upravo zbog toga njihovi proizvodi učinkovito uklanjaju masnoću, prljavštinu i mrtve stanice kože?;MICELE;5
979;Na ugljenu pečeno meso koje je životinje, punjeno začinskim biljem i povrćem, glavni sastojak filipinskog nacionalnog jela lechón, vrlo popularnog u većini zemalja španjolskoga govornog područja?;SVINJA;5
980;Od grčkog za"opskrbu", kako se na "P" u Bizantu od 11. do 15. stoljeća zvalo pravo na prihode od posjeda ili od poreza, koje je car dodjeljivao pripadnicima plemstva, najčešće kao naknadu za vojnu službu? Sastojalo se od zemljoposjeda ili pak doživotnog ustupanja prihodovnih prava države.;PRONIJA/PRONOIA;5
981;Kako se zove glagoljski kodeks iz 15. stoljeća, najbogatiji i najljepše urešen hrvatskoglagoljski rukopis, sastavljen od 96 minijatura i 380 inicijala, koji je za bosanskog vojvodu i splitskog hercega napisao pisar Butko?;HRVOJEV MISAL;5
982;Animirani mjuzikl Predbožićna noćna mora Tima Burtona (Tim Burton's The Nightmare Before Christmas) redatelja Henryja Selicka i producenta Tima Burtona iz 1993. godine prvi je animirani film nominiran za Oscara za najbolje vizualne efekte, a u cijelosti je napravljen kojom tehnikom koja se koristi kako bi određeni objekt izgledao kao da se sam kreće?;STOP-ANIMACIJA / STOP MOTION/KADAR PO KADAR;3
983;Kako se nazivaju gomile kamenog materijala na ledenjaku koje na njega dospiju padom s prostranih obronaka ili trenjem ledenjaka o rubove doline?;MORENE;5
984;Riječju koja dolazi iz grčkoga jezika i znači "žena koja služi", koji se naziv koristi za educiranu i iskusnu profesionalku koja pruža kontinuiranu emocionalnu, fizičku potporu majkama prije, tijekom i nakon porodaja?;DOULA;5
985;Koje je nacionalnosti Saïd Aouita, prvi atletičar koji je istrčao 5000 metara za manje od 13 minuta, 3000 metara za manje od 7,5 minuta, a 1500 metara za manje od 3,5 minuta, počevši 1985., a zaokruživši rekord 1989. godine?;MAROKANAC;5
986;Povezana sa staničnim volumenom, krvnim tlakom, metabolizmom inzulina, mišićnom kontrakcijom i brojnim drugim funkcijama, koja je organska kiselina ime dobila zbog toga što je 1827. godine prvi put izolirana iz žuči bika?;TAURIN;4
987;Posljednje djelo kojega je francuskog skladatelja njemačkog podrijetla fantastična opera Hoffmannove priče (Les contes d'Hoffmann), praizvedena 1881. četiri mjeseca nakon njegove smrti? Skladao je vokalna djela, glazbu za balete i violončelo, ali je najpoznatiji ostao po skladanju brojnih opereta.;Jacques OFFENBACH;5
988;Koje je rubno more Tihog oceana u svibnju 1942. bilo poprište pomorske bitke između japanske mornarice i savezničke pomorske i zračne flote sastavljene od američkih i australskih snaga? To je bila prva bitka koja se vodila "iza horizonta" i u kojoj su se nosači aviona sukobili kao glavni brodovi flota.;KORALJNO more;5
989;Smješten izmedu planinskih lanaca Banjaran Pantai Timur na istoku i Banjaran Titiwangse na zapadu, nacionalni park Taman Negara prostire se na površini većoj od četiri tisuće kvadratnih kilometara, a nalazi se u kojoj federalnoj državi? Park obuhvaća i jedno od najstarijih tropskih kišnih područja na svijetu.;MALEZIJA;5
990;Kako se zvala koreografkinja i pedagoginja koja je 1954. godine osnovala zagrebačku Školu za ritmiku i ples te postavila temelje modernog plesnog odgoja i obrazovanja u Hrvatskoj?;Ana MALETIĆ;5
991;Zbog brojnih duhovitih zamjena riječi, ime simpatičnog mesinskog nadstražara Dogberryja (u našem prijevodu Drjenovina) iz koje je Shakespeareove komedije postalo sinonim za malapropizme (zamjena jedne riječi drugom koja slično zvuči)?;MNOGO VIKE NI ZA ŠTO;5
992;Razlikujući se u jednom slovu od tanzanijske prijestolnice, kako se zvalo Zeusovo proročište i svetište u Epiru, gdje su prema Herodotu stabla govorila ljudskim glasovima i imala proročki dar?;DODONA (Dodoma je glavni grad Tanzanije);5
993;Po kojem se ruskom istraživaču i prvom Europljaninu koji je oplovio Čukotski poluotok zove najistočnija kopnena točka azijskog kontinenta?;Semjon DEŽNJEV;5
994;Kako se zove neugljikohidratni polifenolni polimer, drugi glavni sastojak drvne tvari, koji povezuje celulozna vlakna u vrlo čvrstu izvanstaničnu strukturu, a biljna ga stanica sintetizira i pohranjuje na unutarnju stranu celulozne stijenke?;LIGNIN;4
995;Od latinskog za "gladak", kako se kod ljudi zove područje kože izmedu obrva i točno iznad nosa?;GLABELA;5
996;Kako se preziva američki psiholog Paul, jedan od začetnika proučavanja emocija i njihova povezivanja s facijalnim ekspresijama, čemu je posebno pridonio objavivši 1976. godine test prepoznavanja emocija (POFA)? Njegovim je radom inspirirana TV serija Lie to Me (Laži mi) na čijem je setu bio glavni znanstveni savjetnik.;EKMAN;5
997;Nastalo 1990. godine, koje je sportsko natjecanje ženski ekvivalent Ryder Cupu?;SOLHEIM CUP (golf);5
998;Najstarija sačuvana hrvatska zastava sa šahovnicom u grbu pojavila se kao krunidbena zastava u današnjoj Bratislavi 1647. godine, na krunidbi kojega ugarsko-hrvatskoga kralja, četvrtoga svog imena i ranijeg kralja Bohemije?;FERDINAND;5
999;U jednoj od najvećih pljački umjetnina, u ožujku 1990. iz bostonskog muzeja Isabella Stewart Gardner ukradeno je 13 umjetničkih djela među kojima i koja slika Johannesa Vermeera, smatrana najvrjednijim još uvijek nepronađenim umjetničkim djelom?;KONCERT;5
1000;Koji je američki brzi klizač, u svom prepoznatljivom žutom trikou, na Olimpijskim igrama u Lake Placidu 1980. pobijedio na svih pet staza od 500 do 10 000 metara, ostavši do danas olimpijac s najviše osvojenih zlata na jednim ZOI?;Eric HEIDEN;5
1001;Koju prirodnu pojavu Finci zovu „revontuli“ ili „lisičja vatra“ i vjeruju da je stvaraju snježne pahuljice koje je repom uskomešalo čarobno stvorenje?;POLARNA SVJETLOST/ AURORA BOREALIS;NA
1002;Službena SOS pozicija kojega je broda glasila 41°46 Ni50°14 W,što je tek otkrićem olupine u rujnu 1985. godine potvrdilo pogrešku u izračunu za 13 nautičkih milja istočnije od posljednje zadane pozicije, koju je izdao iskusni pomorac Joseph Boxhall?;TITANIC;NA
1003;Svečano otkriven 1866., uklonjen 1947. te ponovo postavljen 1990. godine, konjanički spomenik u bronci austrijskog kipara i ljevača Antona Dominika Fernkorna, u hrvatskom kontekstu njegovo najvažnije djelo, danas je smješten na kojoj zagrebačkoj lokaciji?;TRG bana JOSIPA JELAČIĆA;NA
1004;Indijski matematičar i astronom Brahmagupta u povijesti je ostao upamćen kao prvi matematičar koji je zapisao i definirao koji broj te postavio pravila računanja s njim?;NULA;NA
1005;Koji je četveroslovni akronim, referenciju na Jeanine Stifler, popularizirao film Američka pita?;MILF;NA
1006;Skovao ga je Richard Dawkins kao koncept za raspravu o evolucijskim principima u objašnjenju kulturnih fenomena. Koji pojam Oksfordski rječnik danas definira kao „element kulture koji se sam umnožava, a prenosi se oponašanjem"?;MEM (MIM)/MEME;NA
1007;Po kojoj mitskoj ptici ime nosi serija manga japanskog autora Osamua Tezuke, njegovo najvažnije djelo i nikad završena priča o besmrtnosti i reinkarnaciji?;FENIKS;NA
1008;U početku je djelovala kao zabavni pokret 4CHAN-a, a od 2008. političkim se prosvjedima zalaže za slobodu govora, neovisnost interneta te protiv različitih organizacija. Kako se zove ta decentralizirana internetska aktivistička grupa, čiji je zaštitni simbol maska Guya Fawkesa?;ANONYMOUS;NA
1009;Tko je u lipnju 1981. godine, šest mjeseci nakon ubojstva s pruga, objavio svoj peti solostudijski album Season of Glass,kontroverzan po svom „,coveru" koji naposljetku, unatoč zahtjevima izdavača, nije promijenjen?;Yoko ONO;NA
1010;Manifestaciju Marulićevi dani utemeljio je 1991. godine Rade Perković kao tadašnji dointendant HNK u Splitu, a o održava oko 22. travnja, u spomen na datum kada je Marulić 1501. godine završio pisanje kojega svog djela?;JUDITA;NA
1011;Kako se zove fizikalna veličina oznake P, koja opisuje brzinu obavljanja mehaničkoga rada, određena omjerom rada (W) iz to utrošenog vremena (†)?;SNAGA;NA
1012;Prema Pierreu de Coubertinu, koji sport prikazuje idealnoga vojnika njegova vremena, a simulira vještine vojnika iz konjičkog odreda koji se nađe iza neprijateljskih linija, pa mora jahati po nepoznatom terenu, boriti se mačem i pištoljem, trčati i plivati?;MODERNI PETOBOJ;NA
1013;Blastar je računalna igra koju je 1984. - u dobi od 12 godinarazvio te prodao po cijeni od 500 dolara koji poduzetnik i investitor rođen u južnoafričkoj Pretoriji?;Elon MUSK;NA
1014;Ruske su vlasti, zbog potreba tisuća sela raspršenih na velikom području, pokrenule trgovinu kojim jakim alkoholnim pićem, koja je bila toliko isplativa da je u 19. stoljeću otplaćivala većinu troškova ruske vojske, tada jedne od najvećih na svijetu?;VOTKA;NA
1015;Inspiriran letom Charlesa Lindbergha, tada mladi animator Walt Disney režirao je 1928. godine nijemi animirani film Ludi avion (Plane Crazy), poznat po prvom pojavljivanju kojegakasnijeg slavnog lika?;MICKEY MOUSE;NA
1016;Koji se predmet dijelio besplatno uz prvo izdanje britanskog tabloida Daily Mirror, koje se u prodaji našlo davne 1903. godi-ne?;OGLEDALCE;NA
1017;Inženjer graditeljstva Antun Luković sredinom 19. stoljeća projektirao je niz aleksandrijskih palača i crkvi te s gradnji tamošnje luke, a poznat je po suradnji s Ferdinandomde Lessepsom na izgradnji kojeg kanala?;SUESKI kanal;NA
1018;Kako se zvao peti namjesnik (prokurator) Judeje, nasljednikValerija Grata koji je na položaj stupio 26. godine?;PONCIJE PILAT;NA
1019;Mornarički časnik Victor Vescovo u travnju 2019. godine spustio se na dno Marijanske brazde i time postao prvi čovjek koji je prešao najveću vertikalnu udaljenost na Zemlji. Naime, taj podvig je pridodan usponu devet godina ranije na koji planinski vrh?;Mount EVEREST;NA
1020;Koji je američki pisac u uvodu svoga romana iz 1884. godine dao objašnjenje: „U ovoj je knjizi upotrijebljeno nekoliko narječja, to jest: crnačko narječje iz Missourija, krajnji oblik jugozapadnog narječja iz duboke unutrašnjosti, obično narječje iz okruga Pike i četiri varijante ovoga potonjeg.“?;Mark TWAIN;NA
1021;U kojem je današnjem glavnom gradu 1983. godine osnovan glazbeni duo Modern Talking?;BERLIN;NA
1022;Tko je u svom kapitalnom djelu iz 1776. godine pisao da je „u sebičnoj utrci samo za svojim dobrom, svaki pojedinac vođen nekom nevidljivom rukom kako bi postigao najbolje za sve i slijedeći svoj vlastiti interes često promiče interes društva uspješnije nego kada to stvarno želi učiniti“?;Adam SMITH (Bogatstvo naroda);NA
1023;Kako se zove američka sapunica, prikazivana originalno u više od 2000 nastavaka od sredine osamdesetih na NBC-ju, u kojoj se radnja vrti oko bogate kalifornijske obitelji Capwell te još mnoštva likova?;SANTA BARBARA;NA
1024;Kojim se engleskim terminom s kraticom QB označava najvažnija napadačka pozicija nekog igrača u američkom nogometu?;QUARTERBACK;NA
1025;Koja je tvrtka za svoje istoimeno piće u osamdesetima osmislila popularne slogane Catch the Wave", „Taste the Feeling" i "Red, White & You"?;COCA-COLA;NA
1026;Na grbu koje se američke savezne države nalazi osam listova bilj- (kalo), sastavnog dijela tradicionalnog lokalnog jela poi?;HAVAJI;NA
1027;Ukupne površine oko 50 hektara, Spačvanski bazen u porječju rijeka Spačve i Studve najveći je hrvatski i europski cjeloviti kompleks nizinskih šuma kojega drveta?;HRAST LUŽNJAK;NA
1028;S naslovom preuzetim iz drugog čina Hamleta, kako se zove film Alfreda Hitchcocka o krivo optuženom čovjeku uvučenom u svijet međunarodne špijunaže, koji prepušten sebi? Film spominje dvije strane svijeta.;SJEVER, SJEVEROZAPAD;NA
1029;Pripadnici koje su religije u osobito bliskom dodiru si prolaznosti, koju zovu anicca i uz anattu i dukkhu smatraju jeosnovnim svojstvom postojanja?;BUDIZAM;NA
1030;Emitiran na švedskoj javnoj televiziji STV pod nazivom Expedition Robinson, pod kojim je imenom poznatiji reality show čiju je licenciju 2000. godine otkupio američki CBS i promijenio ime?;SURVIVOR;NA
1031;U kojoj se državi tijekom pedesetih vodila službena „Kampanja protiv četiri pošasti“, u kojoj je potamanjeno milijardu i pol štakora, 11 milijuna kilograma komaraca, još deset puta više muha te milijardu vrabaca?;KINA;NA
1032;Uz minimalan dodatak definiciji, koji je danas raširen pojam 1889. godine skovao učenik Louisa Pasteura Paul Vuillemin kako bi označio „biće koje uništava život drugome da bi održalo svoj“?;ANTIBIOTIK;NA
1033;Osnovana 29. studenoga 1963., Warrenova komisija bila je zadužena za istraživanje okolnosti ubojstva - koje osobe?;John F. KENNEDY;NA
1034;Na kojem se kontinentu od 2009. do 2019. godine vozio slavni Reli Dakar, ranije poznat kao Pariz - Dakar?;JUŽNA AMERIKA;NA
1035;Henry Cavendish fizičarima je najpoznatiji po tome što je izmjerio točnu vrijednost gravitacijske konstante, a kemičarima po otkriću kojega kemijskog elementa (1766.) provođenjem vodene pare preko užarena željeza?;VODIK;NA
1036;Ako svako pjevanje odgovara jednom slovu grčkoga alfabeta, od koliko se pjevanja sastoji Homerova Ilijada?;24;NA
1037;Koji je pjevač pjesmom Rock Me Amadeus 1986. godine dospio na vrh ljestvice Billboard Hot 100, što ga čini jedinim pjevačem snjemačkoga govornog područja koji je imao hit broj 1 u SAD-u?;FALCO/Johann HÖLZEL;NA
1038;Kako se zove nezasićeni plinoviti ugljikovodik formule Crisi najjednostavniji alken slatkasta i opojna mirisa, koji se koristi u proizvodnji plastičnih predmeta, etanola i drugih organskihkemikalija?;ETEN/ETILEN;NA
1039;Kao prvi iz tog područja, koji se nijemi film Fritza Langa od 2001. godine nalazi na UNESCO-ovu popisu iz programa Sjećanje svijeta (Memory of the World), među posebno dragocjenim zbirkama i dokumentima?;METROPOLIS;NA
1040;Najmlađi sin Ranginuija i Papatūānuku, Ruaumoko je bog potresa, vulkana i godišnjih doba, štovan u mitologiji kojega naroda?;MAORI;NA
1041;Budući da je kao detalj naknadno dodan, postoji legenda da je na znamenitoj slici Las Meninas kralj Filip IV. osobno naslikao crveni križ sv. Jakova na prsima kojega slikara?;Diego VELÁZQUEZ;NA
1042;Poznat i pod imenom „Sinjal“, s kojom planinom ime dijeli najviši vrh (1831 m) Hrvatske?;DINARA;NA
1043;Među ostalim sadržavajući određenu količinu torija, njemačka zubna pasta Doramad za vrijeme Drugog svjetskog rata u promotivnim je kampanjama oglašavana sugerirajući kako koje njezino svojstvo pozitivno utječe na ljudsko zdravlje te sprječava razmnožavanje bakterija u ustima?;RADIOAKTIVNOST /RADIOAKTIVNO ZRAČENJE;NA
1044;Kako se zove dioba stanične jezgre, kojom se nasljedna tvar raspodjeljuje na dvije jezgre kćeri, od kojih svaka dobiva jednak broj kromosoma i sve gene koje je imala i majčinska stanica?;MITOZA;NA
1045;Na poznatoj slici Hansa Holbeina mlađeg iz 1533. godine, koju visoku funkciju predstavljaju Jean de Dinteville i Georges de Selve?;VELEPOSLANICI/ AMBASADORI;NA
1046;Prije negoli će postići uspjeh trilogijom nacionalnih opera Mi-slav, Ban Leget i Nikola Šubić Zrinjski, koji je skladatelj 1860. godine postao prvi domaći riječki skladatelj s operom postavljenom u riječkom kazalištu (Amelia, ili Razbojnik)?;Ivan pl. ZAJC;NA
1047;Kriomasaža jedan je od najdostupnijih načina liječenja mnogih bolnih stanja na lokomotornom sustavu, pa tako i sindroma prenaprezanja, a odnosi se na terapiju mazanja tijela – čime?;LED;NA
1048;Bitkom kod Ain Jaluta (Golijatov izvor) 1260. godine, koja se-smatra i prekretnicom u zaustavljanju njihova daljnjeg napredovanja prema Africi, vojsku kojega je carstva pod vodstvom Hulagu-kana porazila mamelučka teška konjica?;MONGOLSKO;NA
1049;Verzija pjesme Me and Bobby McGee koje je pjevačice 1971. godine zasjela na vrh američke ljestvice singlova učinivši je tako nakon Sittin' on The Dock of the Bay jedinom posthumno objavljenom pjesmom na broju 1 ljestvice Billboard Hot 100 u povijesti?;Janis JOPLIN;NA
1050;Koji je najmanji broj potrebnih boja kojima se može obojiti bilo koja geografska karta tako da susjedne države budu obojene različito?;4;NA
1051;Na južnoj obali kojega se europskog otoka nalazi gradić Realmonte, ispod kojega se prostire 25 km dug labirint tunela - istoimeni „psihodelični“ rudnik soli, čiji su zidovi ukrašeni koncentričnim krugovima tamnih i svijetlih linija?;SICILIJA;NA
1052;U Stendhalovu romanu smještenom većinom u Parmu za vrijeme austrijske okupacije, u samostan kojega se katoličkog monaškog reda posljednju godinu života povukao Fabrice del Dongo?;KARTUZIJANSKI;NA
1053;Koji se ples, podrijetlom s Trinidada, našao u naslovu trećeg studijskog albuma Harryja Belafontea iz 1956. godine, prvog LP albuma prodanog u milijunskoj nakladi?;KALIPSO;NA
1054;Nazvana i ekvivalentom američkom Oscaru, nagrada Veliko zvono (Daejongsang Yeonghwajae) utemeljena je 1962. i najstarija je te najprestižnija filmska nagrada u kojoj državi?;JUŽNA KOREJA;NA
1055;Visok gotovo 40 metara, koji je kip izgrađen u Francuskoj1926., a u Brazil dopremljen u dijelovima pet godina kasnije?;Kip KRISTA ISKUPITELJA;NA
1056;Kojem se starokineskom filozofu i društvenom reformatorukao autoru pripisuju samo Anali proljeća i jeseni (Chungiu), lje topis države Lu za razdoblje od 722. do 481. pr. Kr. te djelomicno redakcija Knjige pjesama (Shijing), Knjiga povijesti (Shujing) i Knjige promjena Jijing) - zbirke magičnih formula i tumačenja?;KONFUCIJE;NA
1057;Havajski, vezuvski, peleški i strombolski skupine su vulkanaklasificirane prema tipu - čega?;ERUPCIJA;NA
1058;Barokni slikar Salvator Rosa naslikao je možda najdirljiviji a naslovljen jednostavno Lumana154,,memento mori" svog vremenafragilitá (Ljudska krhkost), potaknut kojom zaraznom bolešću koja je 1655. godine poharala njegov rodni Napulj i odnijela živote gotovo cijele njegove obitelji?;KUGA;NA
1059;Poznat i kao Adamu Orisha Play, u bivšem glavnom gradu koje se države održava festival Eyo, godišnja manifestacija na kojojsu plesači odjeveni u bijele kostime koji simboliziraju duhove umrlih?;NIGERIJA (grad Lagos);NA
1060;Predstavljen u obliku kružnice s pripadajućim brojevima kao određenim energetskim stanjem, eneagram je drevni sustav tipologije koji opisuje koliko različitih tipova ličnosti?;DEVET (grč. enneadevet);NA
1061;U koje se more ulijeva 80-ak kilometara duga, mitska rijeka Rubikon?;JADRANSKO more;NA
1062;Srpski košarkaški trener Vlade Đurović ostao je upamćen u povijesti jugoslavenske košarke kao trener s najkraćim, šesnaestosatnim zadržavanjem titule državnog prvaka nakon što je trenirajući koji hrvatski klub 1983. godine izgubio naslov jer je odbio igrati novu utakmicu protiv Bosne na neutralnom terenu?;ŠIBENKA;NA
1063;Kako se zove mjerna jedinica duljine u astronomiji kojom se označuju udaljenosti između zvijezda i galaktika, a iznosi oko 3,26 svjetlosnih godina?;PARSEK;NA
1064;Osnovan 1996. godine, internetski portal Relief Web sa svojim je alatima globalni koordinator za pomoć u katastrofama, a njime upravlja jedno tijelo koje međunarodne organizacije?;UJEDINJENI NARODI;NA
1065;S 390 metara dužine od kopna do otočića Sveti Marko, betonski luk kojega je mosta, u trenutku puštanja u promet 1980. godine, postao najduži takav (betonski) u svijetu?;KRČKI most;NA
1066;Koji je hrvatski sportski djelatnik i publicist, jedan od pionira popularizacije sporta u Hrvatskoj, od 1919. do 1927. godine bio predsjednik Jugoslavenskog olimpijskog odbora, a od 1920. do 1946. član Međunarodnog olimpijskog odbora?;Franjo BUČAR;NA
1067;Poput ljudi s kojima dijele oko 95 posto DNK, gorile imaju individualne otiske prstije, a gotovo svi pripadnici roda imaju istukrvnu grupu. Koja je to krvna grupa u sustavu ABO?;B;NA
1068;Koji je narod dvadesetak godina prije najvećeg stradanja bio glavna „meta" Hamidijskih masakra u Osmanskom Carstvu sredinom devedesetih 19. stoljeća, u kojima ih je prema procje-ni stradalo između 100 i 300 tisuća?;ARMENCI;NA
1069;Praizveden 1965. godine, mjuzikl Čovjek iz La Manche (Man of La Manche) adaptacija je drame Dalea Wassermana nastale šest godina ranije, a obje su originalno inspirirane romanom kojega slavnog pisca?;Miguel de CERVANTES Saavedra (Don Quijote);NA
1070;Prije nego što je počeo pjevati u bendu Hakuna Matata, urednik i voditelj emisije Na rubu znanosti te pisac znanstvene fantastike Krešimir Mišak bio je gitarist originalne postave kojega zagrebačkog rock-sastava?;FANTOMI;NA
1071;S kojom je kratkotrajnom odcijepljenom državom na sjeveru Nigerije ime dijelila hrvatska skupina umjetnika, koja je od svog osnutka 1970. godine zastupala ekspresivnu i angažiranu figuraciju u koju je unosila naturalističke postupke i snažna izobličenja?;BIAFRA;NA
1072;Prema legendi koja datira iz 15. stoljeća, pokraj kojega se francuskog sela nalazila špilja u kojoj je tamošnji pastir ostavio kruh i sir na nekoliko tjedana, što je djelovanjem zraka kroz pukotine špilje i korisnih gljivica uzrokovalo plavičastobijelu plijesan i je-dinstven okus sira?;ROCQUEFORT;NA
1073;Osvojivši 1986. godine naslov po verziji WBC, koji je boksačs 20 godina i četiri mjeseca postao najmlađi svjetski prvak u su-perteškoj kategoriji?;Mike TYSON;NA
1074;Rarotonga i Mangaia dva su površinom najveća od petnaest otoka kojega polinezijskog otočja, nazvanog po pomorcu i istraživaču iz 18. stoljeća?;COOKOVO otočje;NA
1075;Zbog toga što ga je podsjećala na zvuk grmljavinskih oluja, skladatelj Johann Baptist Cramer Mozartovu je posljednju i najdužu, simfoniju br. 41, imenovao po kojem planetu?;JUPITER;NA
1076;Prema predaji, zakoni kojega su se atenskog zakonodavca iz 7. st. pr. Kr. isticali osobitom strogošću („krvlju pisani“) predvidajući gotovo za sve zločine smrtnu kaznu?;DRAKON/DRAKONT;NA
1077;Iako u vrijeme premijere nije opravdao očekivanja na kinoblagajnama, 12 gnjevnih ljudi danas se smatra jednim od najuspjelijih filmova svih vremena, a lik porotnika pod kojim je rednim brojem, kojega je maestralno odglumio Henry Fonda, uvršten na popis 100 najvećih filmskih junaka Američkog filmskog instituta?;Porotnik br. 8;NA
1078;Potpisavši 2009. godine profesionalni ugovor te zaigravši za momčad iz Pittsburgha, Rinku Singh i Dinesh Patel postali su prvi indijski igrači koji su nastupili u kojoj američkoj profesionalnoj ligi?;MLB (Pittsburgh Pirates);NA
1079;Iz ajmarskog jezika u značenju mjesto gdje raste šaš“, singani je žestoko alkoholno piće nastalo destilacijom aleksandrijskog muškata i smatra se nacionalnim pićem koje države?;BOLIVIJA;NA
1080;Korijeni kojega današnjeg plesa sežu u vrijeme neuspješnog ustanka afričkih robova 1739. godine u Južnoj Karolini, kada nakon zabrane korištenja instrumenata uz pomoću kojih su se zabavljali – svoju muzikalnost i ritmičnost izražavali toptanjem nogu, udaranjem dlanom o dlan te lupanjem i bubnjanjem po tijelu?;STEP;NA
1081;Kao jedan od najvećih hitova njezina benda, koju je protestnu pjesmu iz 1994. godine Dolores O'Riordan napisala u spomen na mlade žrtve bombaških napada u Warringtonu?;ZOMBIE;NA
1082;Kojega je autora Grobnice za Borisa Davidoviča i Enciklopedije mrtvih Susan Sontag prozvala princem gnjeva", a Mark Thompson mu posvetio hvaljenu biografiju Izvod iz knjige rode-nih?;Danilo KIŠ;NA
1083;Nazvano po engleskoj grofoviji, kako se zove četvrto razdoblje paleozoika, u kojem je, nakon izdizanja Kaledonskoga gorja u sjeverozapadnoj Europi potkraj silura, proširen sjevernoatlant-ski kontinent?;DEVON;NA
1084;Prvi put nakon 113 godina (London, 1908.) u Tokiju se 2021. godine dogodilo da su finalisti olimpijskog turnira muških te niskih parova à iz iste države. Koju su državu predstavljala sv četiri finalista u japanskoj prijestolnici?;HRVATSKA;NA
1085;Pod kojim je nadimkom poznata Haydnova Simfonija br. 47 G-duru, u čijem su trećem stavku menuet i trio napisani tako da im je drugi dio isti kao prvi, ali s rasporedom nota unatrag?;PALINDROMNA simfonija;NA
1086;Nakon što je Daniel Decatur Emmett 1859. godine skladao istoimenu uspješnu pjesmu, koja se riječ uvriježila kao nadimak za cijeli američki Jug?;DIXIELAND;NA
1087;Kontroverzna ideja autora Davida Chasea da finale serije 2007. godine završi jednostavno zacrnjivanjem ekrana dovela je do že stoke kritike fanove koje megapopularne HBO-ove serije?;SOPRANOS/OBITELJ SOPRANO;NA
1088;Muddy Waters, jedan od najznačajnijih poslijeratnih glazbenika na blues-sceni, smatra se ocem moderne varijante kojeg podžanra unutar bluesa, nazvanog po velikom gradu u koji je Waters pristigao 1943. godine?;CHICAGO blues;NA
1089;Dužinom peta u Europi, koja je rijeka u naslova remek-djela ruskog nobelovca Mihaila Šolohova, u kojem opisuje život kozaka u vrijeme Prvog svjetskog rata, revolucije i građanskog rata?;DON (Tihi Don);NA
1090;U psihoanalizi Edipov je kompleks podsvjesna želja sina za majkom, praćena čuvstvima ljubomore i neprijateljstva prema ocu. Kako se, prema mitološkoj Edipovoj majci i ženi, naziva obrnuti koncept, podsvjesna majčina seksualna ljubav prema sinu te neprijateljstvo i ljubomora prema ženskoj osobi s kojom se on vezuje?;JOKASTIN kompleks;NA
1091;Zarazivši se na hodočašću u Iraku, Kosovar Ibrahim Hoti u Jugoslaviju je 1972. godine,,donio" koju bolest, čija je inače visoka stopa smrtnosti izbjegnuta promptnom reakcijom vlasti?;VELIKE BOGINJE/ VARIOLA VERA;NA
1092;U kojem filmu Lordana Zafranovića iz 1978. godine, nominiranom za Zlatnu palmu u Cannesu, idiličan život trojice dubrovačkih prijatelja, Hrvata, Talijana i Židova, grubo prekida rat i uspostava ustaške vlasti?;OKUPACIJA U 26 SLIKA;NA
1093;Iako je službeno ostala dio Svetog Rimskog Carstva do Vestfalskog mira, koja je današnja država potpisivanjem mirovnog nakon Švapskog rata 1499. godine postala de facto zaugovora seban politički entitet?;ŠVICARSKA;NA
1094;Među brojnim plakatima koje je radio posebno se ističe onaj za baletne predstave Žar ptica i Petruška Igora Stravinskog, izvedene u HNK-u Split 1983. godine. Tko je taj umjetnik i grafički dizajner čijih se dvadesetak plakata nalazi i u njujorškom muzeMOMA?;Boris BUĆAN;NA
1095;Samouki varaždinski glazbenik i skladatelj Ivan Padovec desetak je godina sredinom 19. stoljeća živio u Beču gdje je ostvario uspješnu koncertnu karijeru i stekao slavu kao virtuoz na kojem instrumentu?;GITARA;NA
1096;Pravoslavna tevahedo (na jeziku geez u značenju „jedinstven“) crkva primjer je autohtonog kršćanstva u Africi koje datira još iz 4. stoljeća, a osim u Etiopiji, od 1993. godine službeno je prisutna u kojoj državi?;ERITREJA;NA
1097;U romanu La Disparition francuski pisac George Perec dao je primjer lipogramskog teksta u kojem namjerno izostavlja jedno slovo abecede. Koje slovo Perec nije koristio u tristotinjak stranica svog romana?;E;NA
1098;Jedan od najljepših plitvičkih slapova ime nosi u čast koje naše operne dive, koju je slavni Puccini smatrao najboljom izvođačicom njegove Tosce?;Milka TRNINA;NA
1099;Na Medusavezničkim igrama 1919. u Parizu, međunarodnom vojno-sportskom natjecanju osamnaest nacija, Amerikanac Fred Thomson u svojoj je disciplini osvojio zlatnu medalju bacivši rukom 74,93 metra - što?;GRANATA / RUČNA BOMBA;NA
1100;S prirodnim staništem u području sjevernog Tihog oceana, koji morski sisavac iz potporodice Lutrinae s više od 150 tisuća dlaka po kvadratnom centimetru ima najgušće krzno u životinjskom svijetu?;Morska VIDRA;NA
1101;Katalaunska polja bila su 451. godine poprište bitke u kojoj su e snage pod vojskovodom Flavijem Aecijem u napadu na Galiju zaustavile vojsku pod vodstvom kojega osvajača i ratnika, nakon čega se on povukao u Panonsku nizinu?;ATILA Hunski;NA
1102;Koji fizički zakon označava postavku prema kojoj je entropija sustava pri apsolutnoj nuli temperature jednaka nuli ako se su stav nalazi u svojem najnižem energetskom stanju?;TREĆI ZAKON TERMODINAMIKE;NA
1103;Inspiriran junakinjom kojega je filma Guillerma del Tora iz na2013. godine - svojevrsnoj posveti japanskoj pop-kulturi - stao test Mako Mori po kojem film mora zadovoljiti tri kriterija: ima barem jednu žensku junakinju, ona ima svoj narativni luk i ne služi tome da podupre priču o muškom liku?;BITKA ZA PACIFIK/ PACIFIC RIM;NA
1104;Pripadnik etničke grupe Krahn, Samuel Doe postao je 1985. godine prvi domorodački predsjednik koje afričke države?;LIBERIJA;NA
1105;Višestruko nagrađivani filmski skladatelj Howard Shore u svom opusu ima i jednu operu, s radnjom temeljenom na istoimenom filmu iz 1986. godine, čijem je redatelju Davidu Cronenbergu Shore gotovo stalni suradnik. Koja je to dvočinska opera, premijerno izvedena 2008. u Parizu?;MUHA/The FLY;NA
1106;Prema perzijskom za siromaha" ili „prosjaka“, kako se skupnim imenom zovu pripadnici islamskog mističnog reda, među kojima su najpoznatiji kaderije, halvetije, mevlevije, bektašije i rufaije;DERVIŠI;NA
1107;Koji je grad u Varaždinskoj županiji bio prvi u Hrvatskoj, ali i u jugoistočnoj Europi, u kojem je 1956. godine otvorena prodavaonica na principu samoposluživanja?;IVANEC;NA
1108;Igor Boraska prvi je hrvatski sportaš koji je nastupao i na ljetnim i na zimskim olimpijskim igrama. Dok se od Atlante do Atene natjecao u veslanju, u kojem je sportu nastupio u Salt Lake Cityju?;BOB;NA
1109;Cinabarit ili rumenica je heksagonski mineral crvene boje i najvažnija ruda kojega metala s atomskim brojem 80?;ŽIVA;NA
1110;Koju su kartašku igru u Montevideu 1939. godine osmislili Se gundo Santos i Alberto Serrato, a koja je - zbog iznimne popularnosti u drugoj zemlji - poznata i kao argentinski r remi?;KANASTA;NA
1111;Na kojoj je online videoplatformi u travnju 2003. godine prva rečenica izgovorena ikad bila na estonskom jeziku i glasila: „Tere, kas sa kuuled mind?“ („Halo, čujete li me?")?;SKYPE;NA
1112;Okruženo pijeskom, muljem i šljunkom, kako se zove jedno od najvećih vodonosnih područja svijeta, podzemni sloj vode na gotovo pola milijuna km2 površine koji se proteže kroz osam američkih saveznih država (od Južne Dakote do Teksasa) i navodnjava trećinu američkih farmi?;OGALLALA Aquifer;NA
1113;Boje vodoravnih linija na palestinskoj zastavi predstavljaju redom Abasidski, Omejidski te Fatimidski kalifat, dok crveni trokut označava koju dinastiju - izravne potomke poslanika Muhameda?;HAŠEMITI;NA
1114;Prema grčkoj riječi za „krug", kako su se zvali starogrčki pjesnici, pisci epova koji su zajedno s Ilijadom i Odisejom činili zaokruženu cjelinu mitskih događaja od početaka svijeta do Odisejeve smrti?;KIKLIČKI pjesnici;NA
1115;Kako je bilo ime djedu trojice braće Followill (Caleb, Nathan i Jared) i njihova rođaka Matthewa Followilla, članovima rock-benda osnovana u Nashvilleu 1999. godine?;LEON (Kings of Leon);NA
1116;Bila je prva osoba iz svoje države koja se pojavila na Forbesovoj listi najbogatijih umjetnika 1991. godine, Xuxa Meneghel je igrala u više od dvadeset filmova, ima svoj TV kanal i jedna je od najutjecajnijih pjevačkih i televizijskih osoba u svojoj zemlji. Kojoj?;BRAZIL;NA
1117;Kako službena medicina naziva stanje u psihologiji poznato kao sindrom slomljenog srca, gdje osoba ima gotovo sve simptome srčanog udara koji ipak nije nastupio?;TAKOTSUBO kardiomiopatija;NA
1118;Uz „plešuće" igrače američkog nogometa, bočicu Coca-Cole, telefonsku slušalicu iz koje curi crna masa na bijelu odjeću, na slici Salvadora Dalija La poesía de América - Los atletas cósmicos (1943.) pojavljuje se jedan kontinent. Koji kontinent izduženih linija i čini se, nesigurne budućnosti, „visi" sa sata na tornju?;AFRIKA;NA
1119;Zbog visine i gracioznih izvedbi prozvana Vrapcem iz Minska", kako se zove bivša sovjetska gimnastičarka i četverostru ka olimpijska pobjednica (München i Montreal), čiji je „eponi mni" element zbog opasnosti pri izvođenju kasnije zabranjen u gimnastičkom natjecanju?;Olga Valentinovna KORBUT;NA
1120;Vjerojatno najpoznatija na svijetu, koje je boje osmerokutna minijaturna poštanska marka od 1 centa, izdana 1856. u bivšoj Britanskoj Gvajani, a čiji je jedini sačuvani primjerak prodan 2014. godine na njujorškoj dražbi za 9,5 milijuna dolara?;MAGENTA;NA
1121;S obzirom na to da su jedan dio lica bojili u crveno, kako se zvao pokret seljaka koji se početkom nove ere pobunio protiv dinastija Xin i tadašnjeg imperatora Wang Manga, a nastao je na prostoru današnje provincije Shandong?;CRVENE OBRVE/ CHIMEI;NA
1122;Ovo jelo nastalo pod afričkim, francuskim i španjolskim utjecajem tradicionalno se vezuje uz američku Louisianu. Kako se zove kreolsko jelo, najčešće od riže, piletine, kobasica, povrća i morskih plodova, koje vizualno podsjeća na paellu?;JAMBALAYA;NA
1123;Finski trener i profesor tjelesne kulture Mauri Repo krajem sedamdesetih je predstavio i prvi opisao koji tip hodanja, vrstu popularne rekreacijske aktivnosti pri kojoj se u ritmu koraka koriste specifično dizajnirani štapovi?;NORDIJSKO hodanje;NA
1124;Pod kojim je imenom poznatija američka pjevačica, koja je zajedno s majkom Tinom Knowles 2006. pokrenula modni brend House of Déreon, čiji su stil i koncept inspirirani trima generacijama žena u njihovoj obitelji?;BEYONCÉ;NA
1125;Odvijajući se u epskom krajoliku pustinja, harema i modernog industrijskog društva, koja grafička novela Craiga Thompso na uz likove odbjegle djece robova Dodole i Zama donosi lju bavnu priču zapanjujućeg odjeka, ali istovremeno pripovijedao kulturnom jazu između Prvog i Trećeg svijeta?;HABIBI;NA
1126;Poznat i kao jedan od osnivača produkcijske kuće United Artists te po braku s Mary Pickford, koji je američki glumac bio jedna od najvećih zvijezda nijemog filma, vjerojatno najpoznatiji po filmovima iz ranih dvadesetih prošlog stoljeća, Bagdadski lopov, Robin Hood i Znak Zorroa?;Douglas FAIRBANKS / Douglas Elton Thomas ULLMAN;NA
1127;U kojoj Saint-Saënsovoj simfonijskoj poemi iz 1874. godine ksilofon sugerira škljocanje suhih kostiju, a violina koja predstavlja kostur ima žicu E ugodenu za pola tona niže?;MRTVAČKI PLES/ DANSE MACABRE;NA
1128;Koji se sport – duboko ukorijenjen u američku radničku klasu te dio američkog načina života – našao u naslovu kapitalne studije iz 2000. o slomu društvene i političke zajednice u SAD-u, politologa i društvenog teoretičara Roberta Putnama?;KUGLANJE (Bowling Alone");NA
1129;Koju je mikroblog-platformu i društvenu web-stranicu šestoslovnog imena, koja korisnicima omogućuje objavljivanje multimedijskih sadržaja u formi kratkog bloga, 2007. godine pokrenuo David Karp?;TUMBLR;NA
1130;Napisan po narudžbi vojvode Hrvoja Vukčića Hrvatinića za crkvu sv. Mihovila u Splitu, hrvatski glagoljaški kodeks Hrvojev misal iz 1403. godine danas se čuva u kojem istanbulskom muzeju?;TOPKAPI;NA
1131;Uz to što je satirički dekonstruirala tinejdžersku pop-kulturu i društvo općenito, MTV-jeva animirana serija Beavis and Butt-Head bila je zanimljiva i po odijevanju naslovnih likova. Naime, Beavis je nosio majicu s natpisom Metallica, dok je Butt-Head na svojoj majici imao čast nositi ime kojega slavnog hard rock-benda?;AC/DC;NA
1132;U čijoj se drami s kraja 16. stoljeća prvi put u književnosti pojavljuje lik demonskog bića Mefista iz njemačke pučke legende, kojemu je stari doktor Faust prodao dušu za dar bogatstva i mladosti?;Christopher MARLOWE;NA
1133;Otkriven 1924. godine i prema mjestu pronalaska nazvan „dijete iz Taunga", u kojoj je državi pronađen fosil (kosti i odljevak lubanjske šupljine) vrste koju je profesor Raymond Dart u časopisu Nature nazvao Australopithecus africanus?;REPUBLIKA JUŽNA AFRIKA;NA
1134;Prvi put otkrivena 1932. godine, po kojem je grčkom bogu nazvana skupina asteroida kojima su periheli unutar Zemljine putanje, dok su afeli u glavnom planetoidnom pojasu?;APOLON (Apolonski asteroidi);NA
1135;U Pakistanu je ovaj odjevni predmet poznat kao lehenga, Ja panci ga zovu iro-uchikake, Nigerijci aso-ebi, a u Kini ima nazi kwa. Tko tradicionalno nosi taj komad odjeće?;MLADENKE/NEVJESTE (riječ je o vjenčanicama);NA
1136;U kojem je gradu u slovenskom primorju Bobby Fisher 1958. - sa samo 15 godina - imao međunarodni debi na kojemu je u to vrijeme postao najmlađi šahovski velemajstor?;PORTOROŽ;NA
1137;Naziv im je 1928. godine, od grčke riječi za „biljku“ i latinske za „ubijanje“, skovao ruski biolog Boris P. Tokin i njihovim izlučivanjem biljke stvaraju imunitet protiv bolesti. Kako se zovu tvari koje izlučuju više biljke, a djeluju nepovoljno na niže organizme, osobito bakterije i gljivice?;FITONCIDI;NA
1138;Sa željom da se u ljudima probudi emocija i povezanost s automobilom, „Kodo - duša pokreta" službena je dizajnerska filozofija udahnjivanja života i osobnosti u automobile kojeg velikog proizvođača?;MAZDA;NA
1139;Kako se zvao njemački Židov, agronom i ekonomist te jedan od osnivača Tel Aviva, koji se početkom 20. stoljeća nalazio na čelu Palestinskog ureda Cionističke organizacije u Jaffi zbog čega je prozvan,,ocem cionističkog naseljavanja"?;Arthur RUPPIN;NA
1140;Koji Flaubertov roman iz 1869. godine prati „sagorijevanje“ ambicija Frederica Moreaua i kruga njegovih pariških prijatelja, kada je cijela generacija nakon revolucionarnih razočaranja „četrdeset osme" dobila dojam lutanja u mjestu?;SENTIMENTALNI ODGOJ;NA
1141;Poznat pod akronimom MJQ, kako se zove jazz-sastav o van 1952. godine, koji su činili John Lewis, Milt Jackson, Percy Heath i Kenny Clark?;The MODERN JAZZ QUARTET;NA
1142;Živeći i djelujući u prvoj polovici 17. stoljeća, flamanski slikar Anthony (Antoon) van Dyck bio je onodobni vodeći engleski dvorski slikar, a najslavniji su mu portreti kojega engleskog kralja i njegove obitelji, čime je snažno utjecao na buduće englesko portretno slikarstvo?;CHARLES I. / KARLO I.;NA
1143;Ponekad s podnaslovom Djevojka s očima od emajla, kako se zove slavni komični balet Léa Delibesa, jedan od najizvođenijih klasičnih baleta, napravljen prema Hoffmannovoj priči Der Sandmann?;COPPELIA;NA
1144;Kako bi naglasio riječ „prikladan“, koji je termin, ujedno anagram riječi patronim, književnik i kolumnist Franklin P. Adams skovao kao opis za ljude čija imena i zanimanja imaju blisku korespondenciju, tj. za imena koja su posebno prikladna za njihove nositelje?;APTRONIM;NA
1145;Kako se po starogrčkom mitološkom liječniku, sinu Apolona i Koronide, zove štap oko kojeg je isprepletena zmija, koji je zaštitni znak brojnih medicinskih organizacija?;ASKLEPIJEV štap;NA
1146;Uzimajući u obzir jednu boju i voće, kojom se sintagmom od dviju riječi naziva najgušće naseljen prostor i „kralježnica“ Europe, koji se proteže od južne Engleske preko zemalja Beneluksa, sjeverne Francuske, zapadne Njemačke, cijele Švicarske, krajnjeg zapada Austrije do sjeverne Italije - gospodarski najrazvijenijih i najjače industrijaliziranih dijelova navedenih zemalja?;PLAVA BANANA;NA
1147;Koje je nacionalnosti Ulf Sterner, hokejaš na ledu koji je, zaigravši 1965. za New York Rangers, postao prvi Europljanin koji je nastupio u NHL-u?;ŠVEĐANIN;NA
1148;Kojim se pridjevom označava plesno kolo iz Dalmatinske zagore, od 2011. godine na UNESCO-ovu popisu nematerijalne kulturne baštine, nastalo kao izraz protesta prema raznim osvajačima koji nisu dopuštali glazbenu pratnju plesačima, ali i kao znak povezanosti sa škrtom zemljom na kojoj su opstali?;NIJEMO;NA
1149;Do 1997. godine s jednom stranom svijeta u imenu, koja je polinezijska država u naslovu čuvene antropološke studije Margaret Mead o seksualnom životu djevojaka u tamošnjoj zajednici i utjecaju kulture na njihov psihoseksualni razvoj?;SAMOA (Coming of Age in Samoa - Odrastanje na Samoi);NA
1150;Prema posebno stiliziranom vojničkom ogrtaču koji je često nosio, koji je bio nadimak rimskog cara - rođenog kao Lucije Septimije Basijan - koji je vladao od 211. do smrti 217. godine;KARAKALA;NA
1151;Nazvan po britanskom brodu za arktičke ekspedicije od čijih hrastovih dasaka načinjen, kako se zove stol u Ovalnom uredu američkog predsjednika, koji je kraljica Viktorija 1880. godine poklonila predsjedniku Rutherfordu B. Hayesu?;RESOLUTE;NA
1152;Pod kojim je naziv poznat izrazito rijedak Hutchinson-Gilfor dov sindrom koji bi se mogao opisati kao bolest brzog stare nja?;PROGERIJA;NA
1153;Pred zapadnom obalom kojega se kontinenta nalazi otočna skupina Aleksandrovi otoci, sastavljena od oko 1100 otoka?;SJEVERNA AMERIKA;NA
1154;Prema grčkom za "lijepo", "oblik" i "promatrati", kako se zove optički instrument unutar čije su cijevi najčešće postavljena zrcala međusobno nagnuta pod oštrim kutom, a za promatračevo oko tvore vrlo lijepe i atraktivne slike?;KALEIDOSKOP;NA
1155;Koji je nagrađivani pisac autor pustolovno-znanstvenog serijala Percy Jackson i Olimpijci, pentalogije (2005. – 2009.) temeljene na grčkoj mitologiji, u čijoj prvoj knjizi naslovni lik otkriva da je Posejdonov sin, a u posljednjoj vodi bespoštednu borbus Kronom?;Rick RIORDAN;NA
1156;Kao jugoslavenski doprinos čuvenom Live Aidu 1985. godi ne, kako se zvala pjesma ad hoc benda YU Rock Misija koji je okupio gotovo sve zvijezde tadašnje jugoslavenske pop-i rock-scene?;ZA MILION GODINA;NA
1157;Koje je prezime židovske obitelji iz naslova humoristične serije koja se od 1929. do 1949, emitirala na američkom radiju, a po tom sedam godina kao televizijski sitcom?;GOLDBERG;NA
1158;Kojem su umjetničkom pravcu pripadali slikari Giambattista Tiepolo, Canaletto, William Hogarth, Thomas Gainsborough i Jean-Honoré Fragonard?;ROKOKO;NA
1159;Koji je poznati francuski maršal u siječnju 1808. godine izdao proglas o ukidanju Dubrovačke Republike unatoč protivljenju vlasti Republike i tako pripojio dubrovački teritorij Kraljevstvu Italiji, tada marionetskoj državi Francuskog Carstva?;Auguste Frédéric Louis Viesse de MARMONT;NA
1160;Jedna od najmasivnijih i najsjajnijih zvijezda ikad opaženih, R136al dio je veličanstvenog zvjezdanog jata u kojoj maglici, smještenoj u Velikom Magellanovu oblaku?;TARANTULA/ 30 DORADUS;NA
1161;Kako se zove dijeta koja se temelji na prehrani s jako niskim udjelom ugljikohidrata te visokim udjelom masti, a kojoj je cilj korištenje masti za pretvorbu u energiju te topljenje viška masnih naslaga?;KETOGENA dijeta;NA
1162;Poznat i kao „Censorius" zbog službe koju je obavljao, ali i po čuvenim završnim riječima svakoga govora u senatu, koji je rimski državnik i političar autor djela O poljodjelstvu (De agricultura), najstarijeg (oko 160. pr. Kr.) sačuvanog proznog djela rimske književnosti?;Marko Porcije KATON;NA
1163;Dijeleći ime s rodnim gradom Franka Sinatre, kako se zove katalog djela Josepha Haydna koji je kreirao nizozemski muzikolog i po čijem je prezimenu nazvan?;HOBOKEN (Anthony van Hoboken);NA
1164;Prema španjolskom izrazu, a na latinskoj osnovi, kako se u inkvizicijskom procesu zvala svečana objava presude nad optuženima zbog krivovjerja, a odvijala se uz prisutnost građana u crkvi ili na glavnom gradskom trgu?;AUTODAFÉ/AUTO-DA;NA
1165;Koktel Kir Royal priprema se, najčešće u omjeru 9: 1, od šampanjca i crème de cassis, tamnog likera proizvedenog od kojeg bobičastog voća?;CRNI RIBIZ;NA
1166;Ovaj se stil prvi put pojavljuje sredinom prošloga stoljeća u izgradnji satelitskoga grada Kebayoran Baru. Za koju je državu se, nakon vike karakterističan arhitektonski stil jengki u kojem s stoljetne nizozemske kolonijalne vlasti, reflektira američki utje caj pa ga se može opisati kao „tropsku interpretaciju američk poslijeratne modernističke gradnje"?;INDONEZIJA;NA
1167;Kako se zove kocka, svojevrsna mozgalica, koja se sastoji od sedam različitih dijelova iz kojih je moguće složiti razne oblike, a patentirao ju je Piet Hein 1933. godine?;SOMA;NA
1168;Koje životinje praktički od osnutka, po odluci Katarine Velike, čuvaju umjetnine od glodavaca u muzeju Ermitaž?;MAČKE;NA
1169;Uz broj 6, koje se osamnaesto po redu slovo grčkog alfabeta koristi kako bi se označio skup tehnika i alata kojima se nastoji poboljšati kvaliteta izlaznih proizvoda u procesu, čiji je krajnji cilj postizanje nula defekata u proizvodnji nekog proizvoda ili uslu ge?;SIGMA;NA
1170;S klingonskog prevedena kao „mač časti", koja riječ označava dvostrani zakrivljeni mač, borbeno oružje Klingonaca koje je za potrebe serije Star Trek: The Next Generation dizajnirao Dan Curry?;BAT'LETH/BETLEH;NA
1171;Kako se zvala legendarna češka princeza i proročica koja je, prema predaji, u 8. stoljeću osnovala Prag, a čije se ime našlo u naslovu tročinske opere Bedřicha Smetane, premijerno izvede ne 1881. godine?;LIBUŠE;NA
1172;U trećem stoljeću prije Krista kralj Devanampiya Tissa stvorio je prvi svjetski prirodni rezervat kada je dio šume oko pla ninskog vrha Mihintale proglasio službeno zaštićenim. Na po dručju koje današnje otočne države?;ŠRI LANKA;NA
1173;U značenju ono što treba napraviti", kako se u Južnoj Ameri ci i bivšim španjolskim kolonijama naziva veće poljoprivredno imanje ili farma s velikom kućom u središtu?;HACIENDA;NA
1174;Kako se na „M" zove zakoniti brak koji je zaključio muškarac iz vladarske ili plemićke obitelji sa ženom nižega stupnja staleško-društvene ljestvice, s tim da se žena ne uzdiže u njegov stalež, a djeca iz tog braka ne nasljeđuju očeva statusna prava (dinastička, plemićka) ni njegovu imovinu?;MORGANATSKI brak;NA
1175;Osvojivši najviše postolje 1980. i 2004. godine, Birgit Fischer postala je ujedno najmlada i najstarija osvajačica olimpijskog zlata u kojem sportu na vodi?;KAJAK I KANU na mirnim vodama / KAJAK;NA
1176;Prema grčkom za „zamjenu imena, koji pojam u lingvistici i stilistici označava promjenu osnovnog značenja riječi njezinom uporabom u prenesenom značenju koje se temelji na bliskosti dviju označenih pojavnosti?;METONIMIJA;NA
1177;Početkom osamdesetih DJ Frankie Knuckles u svom je čikaškom klubu divlje „remiksao" razne glazbene žanrove, uzimajući stare disco-klasike, nove zvukove italo disca i sintesajzerske glazbe te ih pretvarao u visokoenergetsku mješavinu recikliranog soula. Taj novi zvuk postao je žanr poznat pod kojim imenom - izvedenim iz naziva Knucklesova kluba?;HOUSE (klub je Warehouse");NA
1178;Koji je suvremeni britanski umjetnik početkom 2021. godine svoju izložbu od četrdesetak skulptura pod nazivom Mentalna eskapologija, osim u lokalnu protestantsku crkvu i obnovljeni „Forum Paracelsus“, smjestio uz zaleđeno jezero i planine u Švicarskoj?;Damien HIRST;NA
1179;Iz koje je pokrajine na jugozapadu Kine, čije se ime prevodi kao „četiri rijeke", dobri čovjek (zapravo prostitutka Shen Teh) u naslovu alegorijske drame Bertolta Brechta?;SEČUAN;NA
1180;Sklopljenim u ožujku 1878. između dviju velikih sila, Sanstefanskim mirom priznata je neovisnost Srbiji, Crnoj Gori i Rumunjskoj, a stvorena je i autonomna kneževina Bugarska s vazalnim odnosom prema Osmanskom Carstvu. U blizini kojega se velegrada nalazi mjesto San Stefano, od 1926. pod drugim, današnjim imenom?;ISTANBUL;NA
1181;Koja se pješčana pustinja u Indiji i Pakistanu, najaridniji dio Indogangeske nizine, pruža u istočnom dijelu porječja donjeg toka Inda, na visini od 100 do 200 metara?;THAR;NA
1182;Kako se zove belgijski matematičar koji je osmislio način ras podjele glasova birača u zastupničke mandate u sustavima r mjernog političkog predstavništva i njegova je medu najčešće korištenim metodama u demokratskim političkim sustavima?;Victor D'HONDT;NA
1183;Kako se zove tehnička disciplina alpskog skijanja kojom tradi cionalno započinje sezona Svjetskog kupa u Söldenu?;VELESLALOM;NA
1184;Koji je misteriozni dječak, za kojega se tvrdilo da je oteti princ prijestolonasljednik vladarske kuće Baden, pronađen na ulicama Nürnberga 1828. godine s pismom upućenim satniku konjičke regimente?;KASPAR HAUSER;NA
1185;Kako se u hrvatskom jeziku zovu posvojni pridjevi izvedeni od imena naseljenih mjesta, primjerice zagrebački, zadarski, londonski, njujorški?;KTETICI;NA
1186;Kako se zvao mladi senator iz Wyominga, koji je početkom 1950. godine optužio State Department da zapošljava članove Komunističke partije SAD-a, što je bio početak četverogodišnje histerije i optuživanja, potrage za stvarnim i izmišljenim suradnicima Sovjetskog Saveza u američkoj vlasti?;Joseph R. McCARTHY;NA
1187;Kako se zove disciplina unutar genetike u čijem su fokusu proučavanja promjene fenotipa koje nisu posljedica varijabilnosti genskog koda, već različite ekspresije gena?;EPIGENETIKA;NA
1188;Kako se zove nastamba Indijanaca algonkinske jezične skupine na američkom sjeveroistoku, najčešće kupolasta oblika, a sastoji se od drvenoga kostura prekrivenoga korom drveta ili pletenim prostirkama?;VIGVAM/VIKVAM;NA
1189;Kako nije bilo stalne discipline, već su se one mijenjale ovisno o Igrama pa se nisu mogli uspoređivati uspjesi i rekordi, ovaj sport nije bio u službenom programu olimpijskih igara od 1920. do 1972. godine. Koji sport, čiji su po osvojenim zlatima najuspješniji predstavnici Južne Koreje, SAD-a i Belgije?;STRELIČARSTVO;NA
1190;Tvrtka Digitron bila je prva europska tvrtka koja je 1971. godine proizvela džepno računalo DB 800 koristeći TI integrirane krugove i desetljećima ostala eponim za kalkulatore. Iz kojega je istarskoga grada - nekada dijela Slobodnog teritorija Trsta, a od 1954. dijela Jugoslavije u zoni B - tvrtka Digitron?;BUJE;NA
1191;Kako se zove njemački golfer, dvostruki osvajač Mastersa u Augusti i službeno prvi igrač ikad na čelu rang-liste profesionalnih golfera, formirane u travnju 1986.?;Bernhard LANGER Stariji;NA
1192;Podsjećajući naslovom na aktivnost i energiju, kako se zove drugi dugometražni film grčkog redatelja Yorgosa Lanthimosa iz 2005. godine, koji izražava osebujan autorov pristup temi, kao i njezinoj režiji te se u njemu s vrlo malo dijaloga i radnjom koju naslućujemo oslikava atmosfera napuštenosti i samoće?;KINETTA;NA
1193;Koji je proslavljeni brazilski fotograf, osim kolekcija Genesis, Sahel i Migrations, vjerojatno najpoznatiji po seriji fotografija rudnika Serra Pelada te ratnih stradavanja, u središtu priče dokumentarnog filma Wima Wendersa i fotografova sina Sol zemlje (2014.)?;Sebastião SALGADO;NA
1194;Dok je površinom ukupno najveće slano jezero Qinghai, koje je slatkovodno jezero u provinciji Jiangxi najveće takve vrste u Kini?;POYANG -FÉ;NA
1195;U kojem se hrvatskom gradu od 2016. do 2018. godine održavao turnir u polu na pijesku, jedinstveni sportski i turistički spektakl u ovom dijelu Europe, u kojemu su se uz rasne argentinske konje pojavljivale i međunarodne polo-zvijezde, rasporedene u timove od triju igrača?;ROVINJ;NA
1196;Kako se zvao slijepi pjevač i multiinstrumetalist, vjerojatno najpoznatiji aboridžinski glazbenik u australskoj povijesti, čiji je prvi soloalbum Gurrumul iz 2008, doživio trostruku platinastu nakladu i njime je stekao vojsku fanova uključujući Eltona Johna, Stinga i Björk?;Geoffrey YUNUPINGU;NA
1197;U kojoj se od šesnaest njemačkih saveznih zemalja nalazi dvorac Neuschweinstein iz 19. stoljeća, svjetska turistička atrakcija koja je poslužila kao inspiracija za čuveni Trnoružičin dvorac u Disneylandu?;BAVARSKA;NA
1198;Kako se zove vrsta neposrednoga životnog odnosa izmedu dvaju organizama u kojem samo jedan organizam od drugoga ima korist, no pritom mu ne šteti?;KOMENZALIZAM;NA
1199;Kako se zove švicarski brend luksuznih satova koji sponzori ra brojne sportaše, među kojima se ističu Rafael Nadal, Felipe Massa, Wayde van Niekerk, Ester Ledecká i Sébastien Ogier, a trenutačno u svom portfelju imaju najlakši model među mehaničkim satovima općenito, 19-gramski RM 27-01 Rafael Nadal Tourbillon?;RICHARD MILLE;NA
1200;U kojoj se državi od 1986. godine – najčešće u siječnju – odr žava četverodnevni glazbeni festival Eurosonic Noorderslag na kojemu à tri dana nastupaju izvođači s cijelog kontinenta, dok je završni dan rezerviran za glazbenu scenu domaćina festivala?;NIZOZEMSKA;NA
1201;Pjesma Waterloo koje je pop-grupe 2005. godine u Kopenhagenu, u sklopu pedesete obljetnice prvog izdanja natjecanja, proglašena najboljom pjesmom u povijesti Eurosonga?;ABBA;NA
1202;Tvorcem koje se supstancije smatra srednjovjekovni bilježnik i alkemičar Nicolas Flamel, ako se ona nalazi u naslovu jedne od knjiga iz serijala o Harryju Potteru?;KAMEN MUDRACA;NA
1203;Posljednjeg dana kolovoza 1939. godine lozinkom „Großmutter gestorben (Baka je umrla)" započeo je napad pripadnika njemačke sigurnosne službe na radijsku stanicu u Gleiwitzu i to u uniformama vojnika koje države?;POLJSKA;NA
1204;Smještena ispred sjedišta talijanske burze u Milanu, skulptura L.O.V.E. Maurizija Cattelana u obliku šake s četiri odrezana prsta negacija je fašističkog pozdrava, ali istovremeno i poruka tamošnjim financijskim elitama. Koji je prst ostao uspravan na tom provokativnom djelu?;SREDNJI;NA
1205;Koji je poluotok tijekom srednjeg vijeka bio poznat i kao Stonski rat (Puncta Stagni)?;PELJEŠAC;NA
1206;Koji je svjetski poznati vodič za restorane nastao tako što su, nakon utemeljenja uspješnog posla s gumama, maskote tvrtke ,,Bibendumi“ ili „ljudi od guma" vozačima na cestama pokazivali najbolja mjesta za jelo?;MICHELIN;NA
1207;Koji se vodoinstalater iz kasnije serije videoigara prvi put pojavio 1981. godine u videoigri Donkey Kong, kada se pod imenom Jumpman suočio s naslovnom gorilom?;SUPER MARIO;NA
1208;Pod kojim je troslovnim akronimom poznatiji amorfni termoplastični materijal koji se dobiva polimerizacijom vinil-klorida slobodno-radikalskim procesima u vodenoj suspenziji, emulziji i otopini, najčešće pri temperaturi od 50 do 70° C?;PVC;NA
1209;U prenesenom značenju (razglasiti što) "svima i svuda", kako glasi sintagma na latinskom jeziku koja označava papino obraćanje i apostolski blagoslov namijenjen „gradu i svijetu"?;URBI ET ORBI;NA
1210;Izgubivši u lipnju 2001. godine u prvom kolu Queen'sa od izvjesnog Cristiana Carattija, koji je tenisač izbjegao kvalifikacije za glavni turnir u Wimbledonu i od organizatora dobio zivnicu (wild card) kao 125. igrač svijeta u tom trenutku?;GORAN IVANIŠEVIĆ;NA
1211;Na grčkom poznato kao Litostrotos (u značenju pločnik“), a hebrejskog naziva Gabata, tradicionalno se smatra mjestom na kojem je 33. godine na smrt osuden - tko?;ISUS KRIST;NA
1212;Novinar i povjesničar umjetnosti Gustave Geffroy nazvao je 1894. godine Berthe Morisot, Mary Cassatt i Marie Bracquemond,,trima velikim damama" kojeg umjetničkog pravca, referirajući se na njihov doprinos tome pravcu?;IMPRESIONIZAM;NA
1213;Vrlo rijetka i posebna supstancija latinum, cijenjena među brojnim civilizacijama Alpha Quadranta, zbog nemogućnosti repliciranja korištena je kao fikcionalna valuta u kojoj franšiznoj SF seriji?;ZVIJEZDANE STAZE / STAR TREK;NA
1214;Kojoj vrsti glazbala pripadaju vela i mala sopela (sopila), neizostavni dio tradicijske glazbe Istre i Hrvatskog primorja?;PUHAČKI / AEROFONI;NA
1215;Oznake, po kojem je fizičaru nazvana teoretska duljina koja iznosi 1,616255 x 10-35 metara i smatra se najmanjom duljinom u svemiru ispod koje se više ne može mjeriti?;MAX PLANCK;NA
1216;Objavljen 1971. godine, po kojem gradu popularni naziv nosi Hrvatski pravopis Stjepana Babića, Milana Moguša i Božidara Finke?;LONDON;NA
1217;Koji je slikar i graver autor serije bakroreza Užasi rata (Los desastres de la guerra), slijeda od 82 djela na temu španjolske borbe protiv francuske okupacije i strahota počinjenih s obiju strana?;FRANCISCO GOYA;NA
1218;Prije nego što se u Supermanu pojavio kao Nightwing, pod kojim je mononimom, kao njegova prva inkarnacija, poznat Dick Grayson, Batmanov pomoćnik i partner s kojim je činio „Dina180 mični duo"?;ROBIN;NA
1219;Koji je drevni grad, utvrdu podignutu za cara Inka u 15. stoljeću, kao jedno od najsenzacionalnijih arheoloških otkrića 20. stoljeća, u srpnju 1911. godine otkrio istraživač Hiram Birgham?;MACHU PICCHU;NA
1220;Izgradnjom koje je brane potopljeno dvadesetak naselja, među kojima i tri grada, u Srbiji Donji Milanovac i Tekija te u Rumunjskoj Orşova?;ĐERDAPSKA;NA
1221;Osnovano u Washingtonu 1888. godine, koje je društvo jedna od najvećih znanstveno-obrazovnih udruga na svijetu, čija je misija potaknuti ljude na očuvanje okoliša i brigu o Zemlji te prenijeti znanja o svjetskoj kulturi i povijesti?;NATIONAL GEOGRAPHIC;NA
1222;Osim što predstavlja blagostanje, koje se tropsko voće koristi kao „tajni znak" u komunikaciji među swingerima radi lakšeg prepoznavanja međusobnih sklonosti?;ANANAS;NA
1223;Shogi je vrsta strateške igre na ploči za dva igrača koja se sastoji od 40 pločica raspoređenih na 81 polju, a smatra se japanskom verzijom koje popularne igre?;ŠAH;NA
1224;Ime koje je društvene mreže njezin suosnivač Jack Dorsey objasnio na sljedeći način: „Pogledali smo u rječnik i naišli na riječ koja nam je savršeno odgovarala. Definicije te riječi bile su 'kratka nevažna informacija' i 'cvrkut ptica', a upravo to bio je i naš proizvod."?;TWITTER;NA
1225;Oblik dvostruke spiralne zavojnice koje su makromolekule u pedesetim godinama 20. stoljeća otkrili Francis Crick i James Watson?;DNK / DEOKSIRIBONUKLEINSKA KISELINA;NA
1226;HD televizori reproduciraju sliku bolje kvalitete i jasnijih boja od prijašnjih, a sam naziv originalno označava koje dvije riječi?;HIGH-DEFINITION;NA
1227;Koji su hrvatski komorni ansambl 1953. godine osnovali Antonio Janigro, Stjepan Aranjoš i Ivo Vuljević?;ZAGREBAČKI SOLISTI;NA
1228;Smještena u starom teatru u kojem su nekad gostovale velike zvijezde poput ikone tanga Carlosa Gardela, El Ateneo Grand Splendid najluksuznija je knjižara Južne Amerike. U kojem se glavnom gradu nalazi ta spektakularna knjižara koju je National Geographic 2019. godine proglasio najljepšom na svijetu?;BUENOS AIRES;NA
1229;Koja je sorta jabuke nastala početkom pedesetih u SAD-u križanjem sorata jonathan i zlatni delišes (Golden Delicious)?;JONAGOLD;NA
1230;Na program mirovnih uvjeta i preoblikovanja poslijeratnog svijeta kojega se političara znamenitom izjavom referirao George Clemenceau: „Četrnaest točaka?! Ni dragi Bog nije ih dao više od deset."?;THOMAS WOODROW WILSON;NA
1231;Temeljeći libreto djelomično na djelu Heinricha Heinea o čudesnom moreplovcu iz stare mornarske priče, koju je operu napisao Richard Wagner ipak ponajviše inspiriran putovanjem jedrenjakom u London 1839. godine i strahovitim nevremenom koje ga je snašlo ispred norveške obale?;UKLETI HOLANDEZ;NA
1232;Koja je građevina, nakon što je od 1935. godine služila kao muzej, od sredine srpnja 2020. odlukom predsjednika Erdoğana ponovo pretvorena u džamiju?;AJA SOFIJA;NA
1233;Zadivljen jednostavnošću života koji je vodio taj filozof cinik, Aleksandar Makedonski jednom je izjavio: „Da nisam Aleksandar, bio bih tko?;DIOGEN IZ SINOPE;NA
1234;U pariškom slengu naziv za vrapčića“, koji je originalni nadimak kao scensko ime obilježio karijeru čuvene pjevačice, rodene 1915. godine pod imenom Édith Giovanna Gassion?;LA MÔME PIAF;NA
1235;Svojevremeno velik kao klavir, bučan i skup za korištenje, koji je uredaj Willis Carrier isprva nazivao „atmosferskim ormarom"?;KLIMA-UREĐAJ;NA
1236;Za kojom ribom iz porodice Gadidae tragaju protagonisti književne parodije Adama Robertsa The Va Dinci Cod umjesto za originalnim svetim gralom?;BAKALAR;NA
1237;Koja je meteorološka pojava uvelike utjecala na tijek Bitke kod Lützena u studenom 1632. godine, jedne od presudnih bitaka Tridesetogodišnjeg rata, u kojoj je poginuo švedski kralj Gustav II. Adolf?;MAGLA;NA
1238;Ako Anthony Hopkins glumi papu Benedikta XVI., a Jonathan Pryce kardinala Bergoglia, o kojem je filmu Ferdinanda Meirellesa riječ?;DVOJICA PAPA (THE TWO POPES);NA
1239;Kako se zove broj s jedinicom i sto nula koji je u upotrebu u svom djelu Matematika i imaginacija uveo američki matematičar Edward Kasner?;GUGOL;NA
1240;S kojega je otoka bio kipar Ivan Krstitelj, koji je radove potpisivao s opus Baptistae Arbensis i koji je od početka 16. stoljeća bio u službi Dubrovačke Republike kao cijenjeni ljevač topova i zvona u tvrđavi Revelin?;RAB;NA
1241;Našalivši se na račun njihova navodnog glavnog sastojka, kako je karikaturist Tad Dorgan nazvao tople sendviče koje je početkom 20. stoljeća na bejzbolskom stadionu Polo Grounds tijekom utakmica prodavao engleski koncesionar Harry Stevens?;HOT-DOG;NA
1242;Nakon pet južnoameričkih domaćinstava, koja je prva europska država u kojoj je održano svjetsko prvenstvo u košarci (1970.)?;JUGOSLAVIJA;NA
1243;Počevši s ubijanjem nemejskog lava, a završivši s izbavljanjem troglavog psa Kerbera iz podzemlja, koliko je uspješnih zadataka po nalogu mikenskoga kralja Euristeja izvršio Heraklo?;12;NA
1244;Za razliku od stopostotnih voćnih sokova, kojim se „slatkim" imenom naziva kategorija pića koja sadrži između 25 i 50 posto udjela voća uz mogući dodatak šećera ili meda (maksimalno 20 posto na masu gotova proizvoda)?;NEKTAR;NA
1245;Kako se zovu planetoidi ili prirodni sateliti koji dijele putanju s planetom ili nekim većim satelitom i gibaju se ispred ili iza njega pod kutom od otprilike 60°?;TROJANCI;NA
1246;Povezivan s bogom iz grčke mitologije, kako se zove maleni glasnički štap s dva krila, ovijen dvjema zmijama te simbol blagostanja i trgovine?;KADUCEJ / HERMESOV ŠTAP;NA
1247;Balfourova deklaracija iz 1917. godine bila je dokument kojim je britanska vlada poduprla stvaranje buduće domovine kojega naroda?;ŽIDOVI;NA
1248;Poigravši se sudbinom jednoga čovjeka u savršeno normalnom svijetu, koja je čudnovata priča F. Scotta Fitzgeralda inspirirana izjavom Marka Twaina kako je šteta što najbolji dio života dolazi na početku, a najlošiji na kraju?;ČUDNOVATI SLUČAJ BENJAMINA BUTTONA;NA
1249;Kako se zove selo sjeverozapadno od Budimpešte u kojem 15. stoljeću prvi put napravljene kočije, pa je tako korijen naziva tog prijevoznog sredstva ušao u gotovo sve europske jezike?;KOČ / KOCS;NA
1250;Pjesma Far From Any Road poslužila je kao glazbena tema prve sezone koje popularne serije autora Nica Pizzolatta, u kojoj su glavne uloge ponijeli Woody Harrelson i Matthew McConaughey?;TRUE DETECTIVE;NA
1251;Nazivu kojega je glazbenog žanra unutar countryja, čiji je neosporni „kralj“ Bill Monroe, podrijetlo u američkom imenu trajnice iz porodice travovki, a koja ujedno označava i nadimak regije u Kentuckyju?;BLUEGRASS;NA
1252;Iako se šuškalo da je to oporučno zahtijevao, koji je glumac 1956. godine po odluci svoga sina i bivše supruge pokopan u odijelu i plaštu legendarnog filmskog Drakule?;BELA LUGOSI;NA
1253;U kojem je carstvu tanzimat bilo razdoblje provođenja opsežnih društveno-političkih reformi između 1839. i 1876.?;OSMANSKO CARSTVO;NA
1254;U kojoj je atletskoj disciplini Alžirac Noureddine Morceli trostruki svjetski prvak, a Britanac Sebastian Coe dvostruki olimpijski pobjednik?;1500 METARA;NA
1255;Proslavljeno kao najosamljenije stablo na svijetu, drvo akacije Ténéré desetljećima je bilo svojevrsni simbol koje pustinje dok se 1973. godine (vjerojatno) pijani vozač nije zabio kamionom u njega i srušio ga, iako je bilo jedino stablo u krugu od 400 kilometara?;SAHARA;NA
1256;Pod kojim je imenom poznata grupa skladatelja koju su tvorili Georges Auric, Louis Durey, Arthur Honegger, Darius Milhaud, Francis Poulenc i Germaine Tailleferre?;LE SIX / ŠESTERO;NA
1257;Igrom riječima s aluzijom na mitsku himeru, koju su stopljenicu krajem 2006. godine skovali povjesničar Niall Ferguson i ekonomist Moritz Schularick kako bi opisali opasno neodrživ odnos između štedljive Kine i rasipne Amerike?;CHIMERICA / KIMERIKA;NA
1258;Izvodeći na scenu cijelu galeriju likova i priča, koju romanesknu formu Dubravka Ugrešić s bespoštednom ironijom,forsira" u svom NIN-ovom nagradom ovjenčanom djelu?;ROMAN RIJEKA (Forsiranje romana-reke);NA
1259;Samo je dvoje laureata (osoba) Nobelovu nagradu dobilo dva puta za istu kategoriju. Jedan je od njih John Bardeen za fiziku, a drugi je Frederick Sanger, dobitnik 1958. i 1980. godine za koje područje?;KEMIJA;NA
1260;Prvi teškoatletski (hrvački) klub na tlu Hrvatske u Zagrebu je 1905. godine osnovao Max Leidinger, a ime je dijelio s kojim titanom iz grčke mitologije, koji je za kaznu na leđima morao nositi nebeski svod?;ATLAS;NA
1261;Kako se zove ligursko priobalno područje sastavljeno od naselja Monterosso al Mare, Vernazza, Corniglia, Manarola i Riomaggiore, jedno od najslikovitijih mediteranskih područja?;CINQUE TERRE;NA
1262;U kojem Oscarom nagrađenom animiranom filmu Brada Birda štakor Remy i mladić Linguini udružuju snage te postaju vrhunski kulinarski dvojac?;RATATOUILLE;NA
1263;Kako se zove poza klasičnog baleta u kojemu je jedna noga (oslonac) ispružena i stoji na podu, a druga (ravna) podignuta za 45, 90 ili ponekad i više stupnjeva unatrag?;ARABESKA;NA
1264;Nazvan po poemi iz 12. stoljeća o životu antičkog vojskovođe, kako se zove klasični francuski dvanaestosložni rimovani stih s cezurom iza šestoga, naglašenog sloga?;ALEKSANDRIJSKI STIH / ALEKSANDRINAC;NA
1265;Prema tvorcima popularne knjige s kraja devedesetih, supružnicima Leeju Carrollu i Jan Tober, za djecu s posebnim, neobičnim i natprirodnim psihološkim sposobnostima vjeruje se da posjeduju auru - koje specifične boje?;INDIGO;NA
1266;Službenom objavom kako ondje nema osoba s invaliditetom, koja je država odbila domaćinstvo ljetnih paraolimpijskih igara 1980. godine, pa su stoga prebačene u nizozemski Arnhem?;SSSR;NA
1267;Kako se zove najjednostavnija karboksilna kiselina, formule HCOOH, koja se dobiva kao sporedni proizvod u proizvodnji octene kiseline, a osim u žalcima nekih kukaca prisutna je i u znoju, mokraći i koprivi? označava zamjenu glasova ili slogova u dvjema uzastopnim riječima?;MRAVLJA / METANSKA KISELINA;NA
1268;Koji se današnji semitski jezik smatra jedinim preživjelim „potomkom" izumrlog sikulo-arapskog jezika, koji je bio u upotrebi od 9. do 11. stoljeća na području Sicilijanskog emirata?;MALTEŠKI;NA
1269;Iako mu ime sugerira francusko podrijetlo, kroasan je pod drugim imenom zapravo nastao u kojoj današnjoj državi i to za vrijeme turske opsade njezina glavnoga grada;AUSTRIJA;NA
1270;Nakon što joj je u ožujku 2021. godine nagrađen Folklore, koja je pjevačica posala prva izvođačica s tri Grammyja za album godine? Prije toga istom su nagradom ovjenčani albumi Fearless i 1989.;TAYLOR SWIFT;NA
1271;Godišnja nagrada Viktor Kovačić“ u Hrvatskoj se od 1959. godine tradicionalno dodjeljuje za postignuća na kojem području umjetnosti?;ARHITEKTURA;NA
1272;„Svakoga dana, u svakom pogledu, sve više napredujem“, bila je krilatica kojom je dvadesetih godina prošlog stoljeća psiholog i farmaceut Émile Coué objasnio tada popularnu metodu autosugestije. Međutim, ta je rečenica našoj publici postala poznata kao mantra glavnog junaka kojega filma Emira Kusturice, nagrađenog Zlatnim lavom u Veneciji za debitantsko ostvarenje?;SJEĆAŠ LI SE DOLLY BELL?;NA
1273;S arapskog preveden kao "vrata žalosti", kako se zove tjesnac koji dijeli Afriku i Aziju te spaja Crveno more i Adenski zaljev, a otok Perim dijeli ga na dva dijela - mali na istoku i veliki na zapadu?;BAB EL-MANDEB;NA
1274;Uz 887 pobjeda, tko je tijekom cijele impresivne karijere samo dvaput potpisao „kapitulaciju" - prvi put;ALEKSANDAR KARELJIN;NA
1275;Nekada smještena između rijeka Cetine u Omišu i Žrnovnice u Stobreču i podijeljena između 12 katuna, kako se zvala blika (knežija) koja je svoju široku autonomiju uživala od 13. stoljeća do Napoleonove okupacije početkom 19. stoljeća?;POLJIČKA;NA
1276;U kojem je stoljeću živio i djelovao slikar Carel Fabritius, vjerojatno najpoznatiji po slici Češljugar (Het puttertje) koja se 186 našla u središtu priče Pulitzerom nagrađena istoimenog romana Donne Tartt?;17;NA
1277;Reality show Prinčevi iz Malibua, koji je pratio dvojicu bogate braće slavnog oca Brucea Jennera, propao je nakon nekoliko epizoda, ali je medijski lansirao novu obitelj njihova oca. Koju?;KARDASHIAN;NA
1278;Opera Otmica iz saraja (1782.) i Sonata za klavir br. 11 u A-duru (1783.), koja završava znamenitim rondom Alla Turca - poznatijim kao Turski marš - djela su kojega skladatelja?;WOLFGANG AMADEUS MOZART;NA
1279;U kojem je romanu iz 1938.godine Jean Paul Sartre likom Antoinea Roquentina filozofski ustvrdio da sve što postoji rođeno bez razloga, živi zbog slabosti i umire slučajno?;MUČNINA;NA
1280;Koja je turistička tvrtka 1872. godine povela putnike na prvo organizirano putovanje oko svijeta u trajanju od 222 dana?;THOMAS COOK & SON;NA
1281;Dijeleći ime s jednim zemljopisno-povijesnim dijelom Hrvatske, kako se zove planina u jugoistočnom Maroku, smještena u masivu Mali Atlas, na čijem se vrhu mogu vidjeti ostaci utvrde almoravidske dinastije iz 11. stoljeća?;ZAGORA;NA
1282;Za vladavine kojega je turskog sultana, koji je vlast naslijedio od oca Murata II., 1453. godine osvojen Konstantinopol?;MEHMED II. / MEHMED OSVAJAČ;NA
1283;Marangona, najveće od pet zvona na zvoniku bazilike sv. Marka u Veneciji, s 15 je serija po 16 udaraca u zalazak Sunca označavala kraj radnoga dana, a ime joj potječe od naziva za koju struku, radnike u venecijanskom Arsenalu?;DRVODELJE / TESARI / STOLARI;NA
1284;Kako se zove najbliži Jupiterov satelit, čije je tlo slično onima stjenovitih planeta (silikatne stijene i rastaljena željezna jezgra), ima oblik sfere i promjer nešto veći od Mjeseca te je vulkanski najaktivnije tijelo Sunčeva sustava?;IO / JUPITER I;NA
1285;Osvojivši svjetsko prvenstvo u reliju 2019., estonski vozač Ott Tänak prekinuo je petnaestogodišnju dominaciju dvojice vozača iz koje države?;FRANCUSKA (Loeb i Ogier);NA
1286;Kako se prezivao anglikanski svećenik i dugogodišnji djelatnik Oxforda William Archibald, po kojemu je nazvan pojam koji označava zamjenu glasova ili slogova u dvjema uzastopnim riječima?;SPOONER;NA
1287;Poznat i kao patuljasto zvonce, koji se oronim nalazi u imenu naše endemske biljke latinskog naziva Edraianthus pumilio?;BIOKOVO (biokovsko zvonce);NA
1288;Iako je završio studij pedagogije, André Bazin najpoznatiji je po angažmanu na umjetničkom polju. Naime, bavio se kritikom i teorijskom misli, a najvažniji radovi skupljeni su mu u četiri knjige Što je... - koja umjetnost?;FILM;NA
1289;U kojem se malenome mjestu u Gorskom kotaru od 2000. godine održava specifičan doček Nove godine - onaj podnevni, koji privlači mnoštvo domaćih, ali i stranih gostiju?;Fužine;NA
1290;Nastala u Drugom svjetskom ratu kao modificirana verzija protestne pjesme sezonskih radnica na poljima riže sjeverne Italije, kako se zove pjesma talijanskih partizana, svojevrsna antifašistička himna otpora i slobode?;BELLA CIAO;NA
1291;Glavni i najveći grad Solomonskih otoka Honiara smješten je na sjeverozapadu kojega otoka, poprišta šestomjesečne američko- -japanske bitke u Drugom svjetskom ratu?;GUADALCANAL;NA
1292;Koji je pojam, u značenju „mali rat" na španjolskom, postao poznat u drugim jezicima za vrijeme ustanka Španjolaca i Portugalaca protiv Napoleonove okupacije Pirenejskog poluotoka, koji za cilj ima nanošenje ljudskih gubitaka i materijalne štete u svrhu slabljenja i demoralizacije suprotne strane?;GERILA / GERILSKO RATOVANJE;NA
1293;Što se to zabavno" prvi put pojavilo u listu New York World u prosincu 1913. godine i kasnije postalo najvažnija sporedna sastavnica gotovo svih novina u svijetu?;KRIŽALJKA;NA
1294;Badnja je večer 1945. godine u gradiću Bedford Fallsu, a George Bailey (James Stewart) stoji na mostu i gleda u mračnu rijeku pred sobom spreman počiniti samoubojstvo. Opisana je scena iz kojega filmskog klasika Franka Capre?;DIVAN ŽIVOT;NA
1295;Koja su se dva starozavjetna biblijska brata (sinovi oca Amrama i majke Jokebede) našla u naslovu nedovršene Schönbergove opere, čiji je treći čin 2014. godine dovršio mađarski skladatelj Zoltán Kocsis?;ARON I MOJSIJE;NA
1296;Prema starogrčkoj riječi za „djelovanje" ili "rad", kako se zove filozofski pravac koji smatra da su ideje dobre samo kao plan učinku ili djelovanja i da imaju vrijednost prema prema koristi?;PRAGMATIZAM;NA
1297;Pobjedom u spustu 2007. godine u Åreu, koja je skijašica postala prva u povijesti koja je osvojila zlato u svih pet disciplina na svjetskim prvenstvima?;ANJA PÄRSON;NA
1298;Na jednoj od najpoznatijih fotografija u povijesti - The Blue Marble - što je u prosincu 1972. godine s udaljenosti od oko 29 000 km snimila posada svemirske letjelice Apollo 17?;PLANET ZEMLJA;NA
1299;Among the Living iz 1987. godine treći je studijski album grupe Anthrax, a posvećen je Cliffu Burtonu koji je poginuo šest mjeseci ranije, dok je sa svojim bendom bio u Švedskoj na turneji,,Damage, Inc.". U kojem je metal-bendu od 1982. do smrti basist bio Cliff Burton?;METALLICA;NA
1300;Entomologija je grana zoologije koja proučava gradu tijela i način života kojega brojnog razreda životinja?;INSECTA;NA
1301;Dio velikog epa Mahabharata, koja poema sastavljena od 700 strofa počinje pjevanjem Arduna višada joga, a završava osamnaestim pjevanjem koje nosi naslov Mokša sanjasa joga?;BHAGAVAD GITA;NA
1302;Prikazivala se na HTV-u od 1992. do 2003. godine i u tom je razdoblju promovirala kvalitetne trendove u inozemnoj i domaćoj pop-glazbi. Kako se zvala TV emisija koju su vodili Hamed Bangoura i Daniela Trbović, a koja je gotovo cijelog vremena emitiranja bila najvažnija zabavno-glazbena emisija za mlađe gledateljstvo?;HIT DEPO;NA
1303;Utemeljena 1967. godine kao kneževina na,,ničijoj zemlji“, nepriznata mikrodržava Sealand polaže pravo na vojnu platformu iz drugog svjetskog rata "Roughs Tower", smještenu u kojem moru?;SJEVERNO MORE;NA
1304;U kojoj se državi nalazi,,vruće jezero" IssykKul, nakon Titicace najveće planinsko jezero na svijetu?;KIRGISTAN;NA
1305;Uz američku mušku hokejašku i žensku nogometnu reprezen taciju, koji je košarkaški klub jedina ekipa medu individualnim osvajačima nagrade Sports Illustrateda za sportaša/sportašicu godine?;GOLDEN STATE WARRIORS;NA
1306;Preteču koje su tvrtke u svibnju 1946. godine u napuštenoj robnoj kući u Tokiju osnovali fizičar Akio Morita i inženjer Masaru Ibuka?;SONY CORPORATION;NA
1307;Pod kojim je zanatskim" imenom poznat najduži mišić (lat. musculus sartorius) ljudskoga tijela, koji obavija prednju stranu bedra i proteže se do unutarnje strane koljenskog zgloba?;KROJAČKI MIŠIĆ;NA
1308;Koji se reper, nagraden Grammyjem 1996. godine za pjesmu Gangsta's Paradise, pojavljuje u ulozi američkog mornara Frankyja u filmu Arsena Antona Ostojića Ta divna splitska noc?;COOLIO / ARTIS LEON IVEY JR.;NA
1309;Počevši svoj put u Münchenu 1972. godine, kanadski jahač Ian Millar apsolutni je rekorder po broju nastupa na olimpijskim igrama među svim sportašima. Na koliko je olimpijskih igara nastupio taj legendarni "Captain Canada" konjičkog sporta, okončavši svoju olimpijsku karijeru u Londonu?;DESET;NA
1310;Koji je pojam, od latinskog pridjeva u značenju „skriven" ili „tajanstven“, u knjizi Dogma i ritual visoke magije iz 1856. godine stvorio pisac Eliphas Lévi?;OKULTIZAM / OKULTNO;NA
1311;Osmoteka (Osmothèque) u Versaillesu, koju je 1990. godine osnovao Jean Kerléo, najveća je svjetska arhiva - čega, čuvanog na stalnoj temperaturi uz prisutnost argona?;PARFEM / MIRIS;NA
1312;Budući da oblikom podsjeća na jedan kontinent upotpunjen velikim zaljevom, kako se zove emisijska maglica u zviježđu Labud - poznata i kao NGC 7000 i Caldwell 20?;SJEVERNA AMERIKA;NA
1313;Austrijski inženjer Friedrich Schmiedl u povijesti je ostao upamćen kao prvi čovjek koji je 1931. godine poštu isporučio putem kojeg sredstva, poslavši 102 pisma s planine Schöckl u 3 km udaljeno selo Sankt Radegund?;RAKETA / PROJEKTIL;NA
1314;Nakon „buđenja", kacigu kojega rimskog vojskovode iz Drugog punskog rata Italija „stavlja na glavu" u početnim stihovima nacionalne himne Il Canto degli Italiani?;PUBLIJE KORNELIJE SCIPION AFRIČKI STARIJI;NA
1315;S Frankom Sinatrom i Kim Novak u glavnim ulogama, Čovjek sa zlatnom rukom Otta Premingera smatra se prvim velikim holivudskim filmom koji je otvoreno tematizirao ovisnost o čemu?;DROGA (HEROIN);NA
1316;Christian X., član dinastije Glücksburg, bio je danski kralj od 1912. do 1947. godine, a od neovisnosti je do uspostave republike (1918. 1944.) služio i kao jedini kralj (Kristján X.) koje države?;ISLAND;NA
1317;Utemeljena 1956. godine, kada je pokreće časopis za kulturu The Village Voice, nagrada Obie dodjeljuje se za postignuća u kojoj umjetnosti?;KAZALIŠNA;NA
1318;U lipnju 1994. NBC je izravni prijenos pete utakmice finala NBA doigravanja između Houston Rocketsa i New York Knicksa iznenada prekinuo kako bi gledatelji uživo na većem dijelu ekrana mogli pratiti policijsku potjeru za kojom sportskom zvijezdom - osumnjičenom za dvostruko ubojstvo?;O. J. SIMPSON;NA
1319;Koju je čuvenu simfonijsku rapsodiju, jedno od svojih najznačajnijih djela, prema Gogoljevu romanu između 1915. i 1918. godine skladao češki skladatelj Leoš Janáček?;TARAS BULJBA;NA
1320;Uz to što je bio misionar i franjevac, fra Lujo Marun (1857. - 1939.) zbog svog djelovanja i istraživanja smatra se utemeljiteljem koje znanosti u Hrvatskoj?;ARHEOLOGIJA;NA
1321;Kako se u hinduističkoj filozofiji naziva koncept vječnog blaženstva ili sreće povezane s ciklusom ponovnog rođenja?;ANANDA;NA
1322;Prema latinskom za,,koru", kako se zove talijanska pita od prhkog tijesta punjena voćnim nadjevom, koja je u Napulju poznata kao coppi, a u Lombardiji kao sfogliata?;KROSTATA;NA
1323;Na Svjetskoj izložbi u Parizu 1900. godine Rudolf Diesel predstavio je motor pogonjen na koje biljno ulje, dugoročno odba čeno zbog tada puno jeftinije nafte?;ULJE OD KIKIRIKIJA;NA
1324;Naslov pjesme 18002738255 iz 2017. godine repera Logica u suradnji s Alessijom Carom i Khalidom zapravo je telefonski broj američke nacionalne organizacije za prevenciju - čega?;SAMOUBOJSTVO;NA
1325;Bertie the Brain jedna je od prvih računalnih igara, koju je 1950. godine za Canadian National Exhibition kreirao Josef Kates. Igrači su se protiv četiri metra visokog računala mogli okušati u kojoj popularnoj kombinatornoj igri na devet polja?;KRIŽIĆ-KRUŽIĆ;NA
1326;Odvojivši ih od stvarnih" ljudi, kojom je petoslovnom riječju ekonomist Richard Thaler nazvao grupu ljudi koji se ponašaju kao hladnokrvni optimizatori, ekonomski su racionalni te svoje odluke donose na temelju objektivnih činjenica?;EKONI;NA
1327;Prva usustavljena pravila kojega je sporta 1867. godine objavio IX. markiz od Queensberryja?;BOKS;NA
1328;Koji je izmišljeni jezik za potrebe Disneyjeva animiranog filma Atlantida: Izgubljeno carstvo kreirao lingvist Marc Okrand, inspiriran sumerskim i sjevernoameričkim jezicima?;ATLANTIDSKI / DIG ATLANTITSAG;NA
1329;Ugovor Pacta Conventa sklopljen je 1102. godine izmedu predstavnika dvanaest hrvatskih plemena i kojega ugarskog kralja, prihvaćenog tada za hrvatskoga kralja?;KOLOMAN;NA
1330;Pred kraj Vajmarske Republike 1929. godine ulicama Berlina hoda inspektor Gereon Rath, ovisnik o morfiju i veteran Prvog svjetskog rata, istražujući čudnovato ubojstvo nepoznatog Rusa. Radnja je to s početka koje njemačke TV serije (2017.), adaptacije serije kriminalističkih romana Volkera Kutschera?;BABYLON BERLIN;NA
1331;Smatran jednim od najboljih live albuma u povijesti, u kojoj je državi na turneji Deep Purplea u ljeto 1972. godine za tri dana 192 snimljen taj album, koji uključuje hitove Smoke on the Water, Child in Time i Space Truckin?;JAPAN (MADE IN JAPAN);NA
1332;Podrijetlom iz francuskog jezika - prema latinskom nazivu za leptira - kako se zove omanja arhitektonska građevina, djelomice ili potpuno otvorena, s krovićem na stupovima, ali i pojedina zasebna zgrada unutar većega građevnog kompleksa (izložbenoga prostora, hotela, bolnice)?;PAVILJON;NA
1333;Nazvan prema novolatinskom imenu za Kopenhagen, kako se zove kemijski element atomskog broja 72, rijetki metal srebrne boje koji se koristi kao moderator u nuklearnim reaktorima?;HAFNIJ;NA
1334;Koji japanski šogunat završava restauracijom Meiji 1848. godine, kada Japanci priznaju cara kao de facto vladara?;TOKUGAWA;NA
1335;Koja se životinja, koju je autor smatrao najplemenitijom životinjom i živućim simbolom Škotskog visočja, nalazi na glasovitom ulju na platnu engleskog slikara životinja Edwina Landseera, naslovljenom Vladar doline (The Monarch of the Glen)?;JELEN;NA
1336;Kako se zove senegalski gitarist i pjevač koji sceni pojavio albumom Firin' in Fouta, u kojem je koristio zapadnjačke plesne ritmove, dok se na albumu Missing You poigrao noćnim ugođajem i zvukovima cvrčaka u pozadini?;BAABA MAAL;NA
1337;Smatran jednim od najprestižnijih na svijetu, kako se zove privatni njujorški konzervatorij za izvedbene umjetnosti, čiji polaznici osvajaju najznačajnije nacionalne nagrade iz područja glazbe, plesa i kazališne umjetnosti?;THE JUILLIARD SCHOOL;NA
1338;Kako se zove treća tebanska drama starogrčkog tragičara Sofokla, koja se nastavlja na Kralja Edipa, a prethodi Antigoni i napisana je nedugo prije autorove smrti?;EDIP NA KOLONU;NA
1339;U kojem se današnjem glavnom gradu 1871. godine dogodio prvi štrajk na području zemalja bivše Jugoslavije, kada su štrajkali tipografi i tako prisilili poslodavce da im povećaju nadnice?;ZAGREB;NA
1340;U psihologiji označava pojam za sliku u našoj glavi koja nesvjesno u sebi sadrži pozitivne, ali i negativne osobine naših roditelja koje utječu na partnerski odnos. Koji pojam tražimo ako ista riječ u biologiji označava završnu fazu rasta i razvoja kukaca tijekom metamorfoze?;IMAGO;NA
1341;Smještena kod Babina Polja na južnoj obali otoka Mljeta, atrak tivna špilja jajolikog oblika, promjera nekoliko desetaka metara, nosi koje mitološko ime?;ODISEJEVA ŠPILJA;NA
1342;Uz atletiku, biciklizam, mačevanje i gimnastiku, koji je još sport u programu natjecanja svih dosadašnjih modernih ljet nih olimpijskih igara?;PLIVANJE;NA
1343;Izravnom kritikom na bjelačku nadmoć, problemom ovisnosti crnačke populacije o cracku, retorikom crnačkog nacionalizma te represivnim društvom, politički i socijalno angažiran It Takes a Nation of Millions to Hold Us Back jedan je od najvažnijih žanrovskih albuma svih vremena, a ujedno i drugi studijski album koje hiphopgrupe, osnovane na njujorškom Long Islandu 1985. godine?;PUBLIC ENEMY;NA
1344;Dok se boca zapremnine 4,5 litre za mirna vina naziva „jeroboam", ista se količina pjenušavog vina puni u boce nazvane po kojem Salomonovu sinu, prvom kralju Kraljevstva Juda nakon diobe jedinstvene države Izrael?;REHOBOAM / ROBOAM;NA
1345;Dok mnogi misle da je ime dobila po gradu u američkoj saveznoj državi Maryland, ova je klasifikacija virusa na temelju njihova načina sinteze glasničke RNKa ipak nazvana po virologu koji ju je iznio 1971. godine u svom radu Expression of Animal Virus Genomes. Kako se preziva taj dobitnik Nobelove nagrade?;BALTIMORE (DAVID);NA
1346;Nazvavši ga prvotno paddle rackets, koji je sport, kombinirajući pravila skvoša, rukometa i paddle balla, 1950. godine osmislio Amerikanac Joe Sobek?;RACQUETBALL;NA
1347;Engleskom riječju u značenju vrebati", kako se u internetskoj kulturi nazivaju članovi neke online zajednice koji prate i promatraju što druge osobe objavljuju i komentiraju, ali sami ne sudjeluju postovima?;LURK(ER);NA
1348;Kako se zove najveći i najnaseljeniji kineski otok, ali ujedno i najmanja te najjužnija kineska provincija?;HAINAN;NA
1349;Nadimka „Močvarna Lisica", kako se zvao general iz Američkog rata za nezavisnost koji se, zbog svoje taktike napada iz zasjede pri obrani Južne Karoline od britanske okupacije, smatra jednim od očeva modernoga gerilskog ratovanja?;FRANCIS MARION;NA
1350;Osim što su tim imenom stari Rimljani nazivali repu, s kojim slovom grčkog alfabeta ime dijeli rod biljaka u koje se ubrajaju blitva, šećerna repa i cikla?;BETA;NA
1351;Koji je muzej 1986. godine otvoren na mjestu stare željezničke postaje koja je postala neupotrebljiva za dulje vlakove i bila napuštena?;MUZEJ D’ORSAY;NA
1352;Nazvan prema inicijalima pokretača, kako se zvao jazzklub u zagrebačkoj Teslinoj ulici u kojemu su od otvaranja 1988. do njegova zatvaranja dvadeset i tri godine kasnije nastupali brojni domaći i svjetski jazzglazbenici?;BP CLUB (BOŠKO PETROVIĆ);NA
1353;S naslovom preuzetim iz zahtjeva upućena telefonskim operaterima pri pozivu, kako se zvao popularni NBCjev radijski kviz (1938. 1951.) u kojem je panel vrsnih kvizaša odgovarao na pitanja iz opće kulture koja su postavljali slušatelji?;INFORMATION PLEASE;NA
1354;U doslovnom prijevodu s tagaloškog jezika udarac“, koji tradicionalni sport na Filipinima, povezan sa sepak takrawom, ime dijeli s hrvatskim nazivom životinjskog reda iz razreda glavonožaca?;SOS;NA
1355;Poznat pod akronimom ISA, ovaj oblik anemije uzrokuje RNK virus iz roda isavirusa, koji posebno pogađa jednu vrsta riba pustošeći njihova staništa u Atlantskom oceanu. O kojoj je vrsti riba riječ, po kojoj ovaj virus nosi znanstveno ime?;LOOS (INFECTIOUS SALMON ANEMIA VIRUS);NA
1356;Nazvana po prezimenu japanskog umjetnika Hajimea, kako se zove optička iluzija pri kojoj se čini da krug u sredini lebdi nad pozadinom?;OUCHEJEVA ILUZIJA;NA
1357;Koji se termin koristi za tradicionalnu piratsku zastavu tijekom 18. stoljeća, a pretpostavlja se da traženi engleski naziv dolazi od francuskog izraza za lijepa crvena"?;JOLLY ROGER;NA
1358;Kao znak zahvale zbog spominjanja i promocije grada u pjesmi Spanish Bombs grupe The Clash iz 1979., koji je andaluzijski grad početkom 2013. godine jednom svom trgu dodijelio ime punkikone Joea Strummera?;GRANADA;NA
1359;Kako se prezivao meksički kriminalac Ernesto Arturo, kojemu pri uhićenju u Phoenixu 1963. godine nisu pročitana njegova prava?;MIRANDA;NA
1360;Nazivan i „Dachau Sredozemnog mora", kako se zove nenaseljeni grčki otok u Egejskome moru, dio skupine Ciklada, koji je od 1948. do 1974. služio kao kaznenopopravni zatvor za tisuće lijevih političkih disidenata?;JAROS / GYAROS;NA
1361;Te se trake najčešće nose oko vrata, a koriste se uglavnom na frekventnim mjestima (željezničke stanice, aerodromi, trgovački centri) kako bi se zaposleni diskretno upozorili da osoba ima posebne potrebe. Koja se jednogodišnja zeljasta biljka iz porodice glavočika kao simbol nalazi na trakama?;SUNCOKRET;NA
1362;Česta u usmenoj književnosti, kako se zove stilska figura nizanja izraza bez upotrebe veznika, danas prisutna u modernom pjesništvu?;ASINDETON;NA
1363;Koji je slikar autor Kupačica (Les Baigneuses) iz 1919. godine, ulja na platnu na kojem su dvije žene, za razliku od Cezanneovih, iznimno krupne te s debelim rukama i nogama?;PIERRE-AUGUSTE RENOIR;NA
1364;Medunarodno natjecanje Latinski kup, u kojemu su sudjelovali predstavnici Španjolske, Portugala, Italije i Francuske, održavalo se od 1949. do 1957. godine u kojem sportu?;NOGOMET;NA
1365;Životnim prostorom vezanim uglavnom za Sinaj i saharsku pustinju, fenek je s četrdesetak centimetara dužine (bez repa) najmanja vrsta iz kojega roda životinja, latinskog imena Vulpes?;LISICA;NA
1366;Za vrijeme tradicionalnog seoskog festivala u španjolskoj prona ulici skaču muškarci - vinciji Burgos, preko koga ili čega odjeveni poput crvenožutih vragova - - u skoku poznatom kao ,,El salto del Colacho"?;BEBE / MALA DJECA;NA
1367;Opremljeno visokotehnološkim sonarom i kamerama, kako se mitološkim imenom zvalo plovilo za istraživanje podmorja, koje je 1985. godine prvo otkrilo olupinu Titanica?;ARGO;NA
1368;Vjerojatno prvi put spravljen početkom prošloga stoljeća, po kojem je slavnom tenoru nazvan koktel koji u jednakim omjerima (originalno po 3 cl) sadrži džin, svijetli vermut i liker od mente?;ENRICO CARUSO;NA
1369;Prema arapskom za,,dolinu“ ili „korito", kako se zove suha, stjenovita i neravna dolina strmih strana u pustinjskim i polupustinjskim područjima sjeverne Afrike i Arapskog poluotoka, kroz koju za rijetkih i jakih kiša povremeno poteče bujičasta rijeka koja brzo ispari ili je upije pijesak?;VADI;NA
1370;U rimskoj i etrurskoj religiji, ali i ezoteriji općenito, kako se zove spoznaja, promatranje i otkrivanje simbola te analogijsko tumačenje utrobe žrtvovanih životinja?;HARUSPICIJ / EKSTISPCIJ;NA
1371;Koju je pjesmu skladatelja Dorda Novkovića i izvođačice Nede Ukraden 1987. godine obradio nizozemski pjevač Piet Veerman pod nazivom Sailin' Home?;ZORA JE (SVANULA);NA
1372;Od latinskog, ali i grčkog za „strah od praznine", kako se u slikarstvu zove pojava izbjegavanja praznih površina dodavanjem detalja i sadržaja koji nisu u neposrednoj vezi s osnovnim motivom ili namjenom djela?;HORROR VACUI / KENOFOBIJA;NA
1373;Osvojivši zlatne medalje od Melbournea 1956. do Mexico Cityja 1968. godine, koji je bacač diska postao prvi sportaš sa zlatnim medaljama u istoj disciplini na četirima uzastopnim olimpijskim igrama?;AL OERTER;NA
1374;Građani antičke Grčke ispisivali su imena pretjerano ambicioznih političara ili nepoćudnih sugrađana, koje su željeli izbaciti iz grada, na pločici za glasanje koja se zvala - kako, s grčkog prevedeno kao glineni crijep"?;OSTRAKON;NA
1375;Na kojem je sveučilištu Phillip George Zimbardo izveo slavni psihološki eksperiment 1971. godine, koji je bio osmišljen radi proučavanja psihološkog učinka uloge zatvorenika ili zatvorskog čuvara, a proveden je među dvadeset i četvero nasumce izabranih studenata?;STANFORD;NA
1376;Nastao prema autobiografskim stripovima Marjane Satrapi, kako se zove film o mladoj djevojci na pragu zrelosti tijekom islamske revolucije u Iranu, koji je autorica radila zajedno s Vincentom Paronnaudom?;PERSEPOLIS;NA
1377;Karlheinz Stockhausen, jedan od pionira eksperimentiranja elektroničkim zvukovima u ozbiljnoj glazbi, izveo je 1995. godine jedinstveno glazbeno djelo koje zapravo predstavlja treći čin njegove opere Srijeda od svjetlosti (Mittwoch aus Licht), a uključivalo je četiri violinista u četiri ista prijevozna sredstva, čime se postiglo međusobno prožimanje vibrirajućih violinskih dionica. Koje je prijevozno sredstvo korišteno u izvedbi te kompozicije?;HELIKOPTER;NA
1378;Nakon kolapsa dinastije Han, period u kineskoj povijesti nazvan je razdobljem triju kraljevstava. Na sjeveru je bilo Wei, na jugozapadu Shu, a na jugoistoku koje kraljevstvo dvoslovnog imena?;WU;NA
1379;Prema talijanskom se imenu Suska naziva cijela endogamna zajednica toga otoka (Sansegoti), a korijen riječi dolazi od grčkog sansegus za koju začinsku biljku iz porodice usnača, rasprostranjenu po livadama cijelog otoka?;ORIGANO / MRAVINAC / DIVLJI MAŽURAN;NA
1380;U kojem se bavarskom gradu nalazi Fuggerei, najstarije socijalno naselje na svijetu još uvijek u uporabi, utočište za najsiromašnije i beskućnike, koje je 1521. osnovao bogati građanin i trgovac Jakob Fugger?;AUGSBURG;NA
1381;SF film Snowpiercer iz 2013. godine, temeljen na stripu Le Transperceneige Jacquesa Loba i Jean-Marca Rochettea, prvi je film na engleskom jeziku kojega Oscarom nagrađenog južnokorejskog redatelja?;BONG Joon Ho;NA
1382;Nazvana po hrvatskom otoku gdje je prvi put opažena, kako se zove nasljedna kožna bolest koja se očituje zadebljanjem rožnatog sloja kože na dlanovima i tabanima?;MLJETSKA bolest;NA
1383;Russel Hobbs fikcionalni je glazbenik i bubnjar kojega virtualnog britanskog benda, koji su 1998. osnovali frontmen grupe Blur Damon Albarn i stripovski umjetnik Jamie Hewlett?;GORILLAZ;NA
1384;Koji se sociolingvistički pojam koristi za označavanje jezika ili govora svake osobe pojedinačno, prepoznatljivost pojedinca po specifičnom načinu govora, upotrebi gramatike i vokabularu?;IDIOLEKT;NA
1385;Zbog pogreške novinara Carla Kohlera nastale na turneji po južnoj Africi 1965., argentinska ragbijaška reprezentacija nosi nadimak „Pume", iako amblem njihova nacionalnog ragbijaškog saveza krasi druga zvijer (Panthera onca) - najveća mačka obiju Amerika. Koja?;JAGUAR;NA
1386;Mnogi svjetski znanstvenici tvrde da je za dugovječnost stanovnika japanskog otoka Okinawe i niski indeks tjelesne mase zaslužno staro konfucijansko načelo hara hachi bu, koje nalaže da se hrana konzumira do trenutka kada želudac pun u kojem okruglom postotku, što bi trebao biti znak za prestanak obroka?;80 posto;NA
1387;Od pet najduljih rijeka Pirenejskog poluotoka samo se jedna ulijeva u Sredozemno more. Koja 910 kilometara duga rijeka, cijelim tokom na teritoriju Španjolske?;EBRO;NA
1388;Kako su se u SAD-u početkom 20. stoljeća popularno nazivale dvorane za prikazivanje filmova na filmskom platnu, čije je ime kovanica od žargonske riječi za pet centi, koliko je koštala ulaznica i grčke riječi za kazališnu građevinu?;NICKELODEON;NA
1389;Opisujući put sina siromašnog ribara iz Paname do zvijezde MLB-a, koji je legendarni bejzbolaš - nadimka Sandmansvoju autobiografiju naslovio The Closer aludirajući na bacačku funkciju koju je imao nastupajući od 1995. do 2013. godine za New York Yankees?;Mariano RIVERA;NA
1390;Kako se u logici nazivaju različiti pojmovi koji dijele neke za jedničke odrednice i imaju djelomično isti opseg i sadržaj?;INTERFERENTNI / UNAKRSNI pojmovi;NA
1391;U pjesmi Bjankarija (Kiša) Tončija Huljića i grupe Madre Badessa kao instrumentalna pratnja pojavljuje se Victor Espínola, multiinstrumentalist i virtuoz na skraćenoj harfi, specifičnom instrumentu koji nosi naziv po kojoj južnoameričkoj državi - Espínolinoj domovini - čiji je ona nacionalni simbol?;PARAGVAJ;NA
1392;Kako se zove umjetnički stil u fotografiji u kojem fotografi manipuliraju fotografijom i na taj se način približavaju slikarskim motivima, izrazima i tehnikama?;PIKTORIJALIZAM;NA
1393;Po mnogima „najjapanskiji“ od svih japanskih redatelja jer su mu gotovo svi filmovi odraz kulture i tradicije njegove zemlje, koji je redatelj autor remek-djela Tokijska priča (1953.), koje je na top-listi časopisa Sight & Sound redovito među deset najboljih filmova svih vremena?;Yasujiro OZU;NA
1394;U značenju „pioniri" na afrikaansu, kako su se zvali Buri i nji hovi potomci koji su tridesetih 19. stoljeća napustili britansku koloniju Rt dobre nade te se otisnuli u unutrašnjost sjeverno i istočno od rijeke Oranje, gdje su utemeljili nekoliko svojih autonomnih zajednica?;VOORTREKKERI / FORTREKERI;NA
1395;Koji je u botanici uz gutaciju drugi oblik izlučivanja vode iz biljke, koji se događa u obliku vodene pare na površinama koje graniče s atmosferom, a odvija se u prvom redu preko listova?;TRANSPIRACIJA;NA
1396;Na svjetskom prvenstvu u hokeju na ledu 1957. godine naslov je, nakon bojkota SAD-a, Kanade i nekih zapadnih zemalja zbog sovjetske represije u Mađarskoj, osvojila reprezentacija Švedske u tijesnoj završnici koju je gledalo više od 50 tisuća gledatelja, što je bio svjetski rekord u posjećenosti sve do 2001. Na prvenstvu je najboljim napadačem proglašen koji čuveni švedski igrač, poznat po tome što je nastupao u nogometnoj i golfskoj reprezentaciji Švedske te bio švedski prvak u skijanju na vodi?;Sven TUMBA / Sven Olof Gunnar JOHANSSON;NA
1397;Prvi put primijenjeno na dorskim stupovima, kojim se pojgrčkoga podrijetla označava neznatno zadebljanje srednjeg dijela stupa kako bi se izbjegla optička varka da je uleknut?;ENTAZIS;NA
1398;Nazvana po američkom klimatologu, kako se zove klimatska klasifikacija temeljena na evapotranspiraciji i njezinu odnosu prema padalinama, a dijeli se na prevlažnu, vlažnu, poluvlažnu, polusuhu i suhu?;THORNTHWAITEOVA klasifikacija klima;NA
1399;Koji se afrički grad našao u naslovu nagrađivanog world music albuma iz 1994. godine, na kojem su surađivali malijski gitarist Ali Farka Touré i slavni Ry Cooder?;TIMBUKTU (Talking Timbuktu);NA
1400;Koji je pojam od dviju riječi i njegovu oznaku (n) 1970. godine u teoriju skupova uveo hrvatsko-srpski matematičar Duro Kurepa postavivši hipotezu kojom je tvrdio da za svaki prirodni broj n veći od 1 vrijedi tvrdnja (!n, n!) = 2", tj. najveći zajednički djelitelj takvih dvaju brojeva uvijek je 2?;LIJEVI FAKTORIJEL;NA
1401;Kao simbol mira na sedam mora i sedam kontinenata, kruna od sedam krakova na Kipu slobode inspirirana je krunom s koje građevine i jednog od čuda antičkog svijeta?;KOLOS s Roda;NA
1402;Koju su internetsku stranicu sredinom siječnja 2001. godine pokrenuli Jimmy Wales i Larry Sanger, imenovavši je stopljenicom jedne havajske i jedne grčke riječi?;WIKIPEDIA.org;NA
1403;Jedanaesti studijski album kojega je pjevača Blue Moves iz 1976. godine, ujedno prvi koji je objavila njegova izdavačka kuća Rocket Records Ltd.?;ELTON JOHN;NA
1404;Koju je zloglasnu organizaciju na Badnjak 1865. godine u Pulaskiju, u Tennesseeju, osnovala skupina konfederacijskih veterana?;KU KLUX KLAN;NA
1405;Kome je 1971. godine kraljica Elizabeta dodijelila plemićku titulu (DBE) za književne zasluge, čime je do danas jedina spisateljica kriminalističkih romana s tim počasnim naslovom?;AGATHA CHRISTIE;NA
1406;S površinom od gotovo milijun km2, sjeveroistočni dio kojega je otoka najveći nacionalni park na svijetu?;GRENLAND;NA
1407;Koje je gazirano piće nastalo 1886., kada je John Pemberton ugljičnom kiselinom zasitio mješavinu jednog alkaloida i kofeina iz vrste zapadnoafričkog oraha (porodica Malvaceae)?;COCA COLA;NA
1408;Osvojivši 2018. godine Zlatnu loptu France footballa, koji je nogometaš madridskoga Reala prekinuo desetogodišnju dominaciju Christiana Ronalda i Lionela Messija?;LUKA MODRIĆ;NA
1409;Isprva se vjerovalo da ih je 48, ali je američko-indonezijski citogenetičar Joe Hin Tjio 1955. postao prva osoba koja je otkrila da ljudske stanice ipak imaju dva manje - čega?;KROMOSOMI;NA
1410;U posljednjem poglavlju drugog dijela romana saznajemo njegovo pravo" ime - Alonso Quijano, ali je taj bistri vitez širom svijeta poznatiji pod kojim naslovnim imenom?;DON QUIJOTE;NA
1411;Od latinskog za,,neoženjen", koji se izraz koristi za obvezu katoličkih redovnika i redovnica da se ne vjenčaju (zavjet čistoće), a -1085.) te na općim crkvenim saborima 1074. i 1123. godine?;CELIBAT;NA
1412;Slikar, kipar, karikaturist i scenograf Zlatko Bourek surađivao je na raznim projektima vezanima uz kazalište i film, a široj publici najpoznatiji je kao scenograf koje slavne animirane serije, najuspješnijeg projekta Zagrebačke škole crtanog filma?;PROFESOR BALTAZAR;NA
1413;Nastao oko 750. pr. Kr., koji grčki ep s temom gnjeva najjačeg Ahejca obuhvaća oko 16 tisuća heksametara koje su b filolozi prema slovima grčkog alfabeta podijelili helenistički na 24 pjevanja?;ILIJADA;NA
1414;Iako je i prije bilo pokušaja bijega, braća John i Clarence Anglin te Frank Morris jedini su zatvorenici u povijesti koji su u lipnju 1962. godine uspješno pobjegli iz kojega ozloglašenog zatvora?;ALCATRAZ;NA
1415;Poznat po seriji fatalnih napada morskih pasa, otok Amity uz obalu Nove Engleske fiktivno je mjesto radnje koje filmske franšize?;JAWS;NA
1416;Pisana štokavskim narječjem, Disertacija iliti Razgovor darovan gospodi poklisarom... iz 1832. godine prvi je hrvatski politički program u kojemu je njegov autor tražio ujedinjenje svih hrvatskih i slovenskih zemalja te Bosne u Veliku Iliriju unutar Habsburške Monarhije. Koji je preporoditelj i političar autor Disertacije?;Grof JANKO DRAŠKOVIČ;NA
1417;S najvećom instaliranom snagom na svijetu od 22500 MW, hidroelektrana Tri klanca (Sanxiá) smještena je na kojoj velikoj rijeci?;JANGCE;NA
1418;Svjetski dan populacije slavi se svake godine u srpnju, na dan rođenja Mateja Gašpara - rođenog 1987. godine. On je tada službeno postao koji po redu stanovnik Zemlje?;PET MILIJARDITI;NA
1419;Koji je plivač i višestruki olimpijski pobjednik nosio nadimak,,Mark the Shark"?;Mark SPITZ;NA
1420;S kojim slavenskim bogom vjetra i likom iz Priča iz davnine ime dijeli 255 svjetlosnih godina udaljena zvijezda (HD 75898) u zviježđu Ris, imenovana 2019. godine u čast Hrvatske?;STRIBOR;NA
1421;Objavljena 1983. godine na albumu War, kako se zove politička pjesma benda U2 fokusirana uglavnom na krvavi događaj u sjevernoirskom Derryju jedanaest godina ranije?;SUNDAY BLOODY SUNDAY;NA
1422;Nakon šesnaest sezona Tim Gunn i poznata suvoditeljica napuject Runway kako bi snimali Making the Cut za Amazon Prime stili su 2018. godine reality-emisiju o modnim dizajnerima ProVideo. Koja se Gunnova kolegica i supermodel na svom profia Instagramu od emisije, među ostalim, oprostila riječima: lu na „Auf Wiedersehen"?;HEIDI KLUM;NA
1423;Nastala u okviru javnoga života antičke Grčke, u kojoj su se pred sudskim, političkim i filozofskim forumima redovito održavala govornička natjecanja, kako se zove umijeće i teorija govorenja?;RETORIKA;NA
1424;O životu kojega je slavnog skladatelja Oktavijan Miletić 1944. godine režirao prvi hrvatski dugometražni igrani film?;Vatroslav LISINSKI;NA
1425;U nordijskoj mitologiji Bifrost je most koji povezuje svijet bogova Asgard sa svijetom ljudi Midgardom, a sačinjen je od koje meteorološke pojave?;DUGA;NA
1426;Koji je ljudski organ krajem 1967. godine prvi put u povijesti uspješno transplantirao kirurg Christiaan Barnard u južnoafričkom Cape Townu?;SRCE;NA
1427;Kako se latinskim imenom zove pojava na južnoj hemisferi kojoj je na sjevernoj ekvivalent aurora borealis?;AURORA AUSTRALIS;NA
1428;Ime koje je automobilske kompanije, sa sjedištem u Ingolstadtu, nastalo kao latinski prijevod prezimena njezina osnivača Augusta Horcha, čiji imperativni oblik ima značenje slušaj/čuj“?;AUDI;NA
1429;Prije uvođenja službene ljestvice 1973. godišnji poredak igrača sportskog novinara i povjesničara sporta Lancea Tingaya bio je najrelevantniji i „jedini koji se računao" u kojem sportu?;TENIS;NA
1430;Budući da ju je u poznatom filmu Davida Leana nosio lik Omara Sharifa, kako je na Zapadu također poznata tradicionalna ruska košulja kosovorotka?;Košulja. ŽIVAGO;NA
1431;Koji je slavni fizičar u članku O elektrodinamici tijela u pokre tu opovrgnuo teoriju o apsolutnom vremenu i opisao način sinkronizacije udaljenih satova?;Albert EINSTEIN;NA
1432;Održana u HNK-u u Zagrebu početkom 1898. godine, praizvedba Jele Bele pl. Adamovića Cepinskog, čija je grada uzeta iz bajke u stihovima pjesnika Friedricha Rückerta, tvička jezera Srećka Albinija smatra se jednom od prvih izvedbi kojeg scenskog oblika u Hrvatskoj?;BALET;NA
1433;U trećoj sezoni showa Britain's Got Talent 2009. godine pobijedila je plesna grupa Diversity. Koja je 48-godišnjakinja, unatoč hvalospjevima, u finalnom nadmetanju ipak završila na drugome mjestu?;Susan BOYLE;NA
1434;Dijeleći ime s filmom iz 1995. godine, kako se zvalo imanje na sjevernoj obali Jamajke, gdje je Ian Fleming napisao seriju romana o Jamesu Bondu?;GOLDENEYE;NA
1435;Iz koje se današnje države, oslobodivši se abasidske središnje vlasti, u razdoblju od 868. do 905. na istočna područja širila te uspostavljala svoju vlast dinastija Tulunida?;EGIPAT;NA
1436;Čije ime nosi moskovski prirodoslovni muzej, prvi svjetski muzej evolucije, koji je 1907. godine osnovao zoolog Aleksandr Kots?;Charles DARWIN;NA
1437;Herodotovo kapitalno djelo Povijest (oko 440. pr. Kr.) u modernoj je verziji podijeljeno u devet knjiga, od kojih je znakovito, svaka posvećena i nazvana po - komu?;MUZAMA;NA
1438;U kojem se gradu od 2017. godine svakoga srpnja održava Thrill Blues Festival gdje uz dobru glazbu posjetitelji mogu uživati u jahanju, raftingu na Cetini i lokalnim gastronomskim delicijama?;TRILJ;NA
1439;Za vrijeme kojega se rata odvija radnja nagrađivanog ratnog mjuzikla Blakea Edwardsa Špijunka Darling Lili s Julie Andrews i Rockom Hudsonom u glavnim ulogama?;WWI;NA
1440;Kulinarstvo spojeno sa znanošću na novom, inovativnom području tvori kuhinju koja nalikuje malom kemijskom laboratoriju u kome se mogu naći stvari i sastojci netipični za kuhinju kao što su refraktometri, centrifuge, spektrometri, laseri, injekcije, homogenizatori te kalcijev klorid i tekući dušik, a naziva se kako?;MOLEKULARNA kuhinja;NA
1441;Smješten na vrhu otoka Ellesmere, rt Columbia najsjevernija je točka koje države?;KANADA;NA
1442;S obzirom na to da podsjeća na putnički zrakoplov razvijen zajedničkim francuskim i engleskim snagama, kako kirurzi nazivaju deformaciju pri kojoj je vrh muškog spolovila obješen jer glavić nije nabrekao, iako ostatak penisa jest?;Deformacija CONCORDE;NA
1443;Naziv koje viteške igre u Hrvatskoj, čije je ime dobiveno od turskoga halqa za,,obruč“ili „prsten", potječe od detalja podloge stremena na sedlu zaplijenjenog konja turskog serasker-paše Čelića?;ALKA;NA
1444;Budući da su pčele medarice važan simbol mormona, koja američka savezna država, uz prikaz košnice na zastavi, ima i nadimak,,The Beehive State"?;UTAH;NA
1445;Prema antičkoj pučkoj etimologiji ratnice Amazonke bile su žene bez čega - jer su to rezale ili spaljivale kako im ne bi smetalo pri napinjanju luka?;DOJKA;NA
1446;Temeljen na njegovoj istoimenoj autobiografskoj knjizi, Glazba tišine (La musica del silenzio) iz 2017. godine film je o životu kojega slavnog tenora?;Andrea BOCELLI;NA
1447;Na ulazu u općinu Kumrovec u krajobrazu Zelenjak od 1935. godine u formi obeliska sa središnjom figurom Antuna Mihanovića nalazi se spomenik čemu?;LIJEPA NAŠA/HRVATSKA HIMNA;NA
1448;U Fotheringhamovoj biografiji nazvan i napola čovjekom, napola biciklom, koji je slavni belgijski biciklist višestruki osvajač Tour de Francea i Giro d'Italia, trostruki svjetski prvak i beskompromisni natjecatelj s nadimkom „The Cannibal"?;Edouard Louis Joseph MERCKX;NA
1449;Vjerojatno najpoznatije djelo pop-art-umjetnika Petera Blakea omot je glazbenog albuma iz 1967. godine, koji je postao simbol vremena, a na kojemu se nalaze filmske zvijezde, pisci, filozofi, pjesnici, sportaši, istraživači te u sredini članovi kojega slavnog benda?;BEATLES (Sgt. Pepper Lonely Hearts Club Band);NA
1450;Koja je serija, čija pilot-epizoda kulminira eksplozijom purničkog zrakoplova u letu, s prikazivanjem počela u studenome 2001. godine i ubrzo postala najrelevantnija serija u kuupravo zbog činjenice što se glavni lik Jack Bauer obraču nava s teroristima kao glavnom prijetnjom državi?;24;NA
1451;U plamenu rastućih protesta početkom 2014. godine, larni predsjednik koje je države pobjegao iz zemlje usred dogadaja poznatog kao Euromajdan?;UKRAJINA;NA
1452;Na južnom dijelu kojega se otoka nalazi najviši jadranski otočni vrh - 778 metara visoka Vidova gora?;BRAČ;NA
1453;Kada je 1776. godine požar uništio milansko kazalište Teatro Regio Ducale, austrijska carica Marija Terezija dodijelila je gradu crkveni prostor, gdje je u samo dvije godine dvorski graditelj Giuseppe Piermarini izgradio koje „najljepše kazalište“u Italiji?;Teatro alla SCALA;NA
1454;Koja mjera u Ujedinjenom Kraljevstvu označava 4,54 litre, a u SAD-u 3,78 litara?;GALON;NA
1455;U kojem su sportu Hrvatsku predstavljale bivše sovjetske zvijezde Irina Kirilova, Tatjana Sidorenko i Jelena Čebukina?;ODBOJKA;NA
1456;Album Akwaba Beach kojega je gvinejskog pjevača, preminula u svibnju 2020. godine, svojevremeno bio najprodavaniji afrič ki glazbeni album, čija je najveća uspješnica Yé ké pé ké 1988. godine zasjela na vrhove europskih glazbenih ljestvica?;Mory KANTE;NA
1457;Koje je povrće iz porodice pomoćnica glavni sastojak smjese za tradicionalnu irsku palačinku boxty?;KRUMPIR;NA
1458;Kemičar William Ramsay 1904. godine dobio je Nobelovu nagradu za otkriće skupine kemijski inertnih elemenata poznate - pod kojim imenom?;PLEMENITI PLINOVI;NA
1459;U autobiografskom putopisnom romanu Zima na Majorci (1841.) George Sand opisala je svoju vezu s kojim skladateljem?;Frederic CHOPIN;NA
1460;Zbog male količine metana u atmosferi koji apsorbira crvenu svjetlost sa Sunca, a odbija svjetlost druge boje natrag u svemir, Neptun kolokvijalno nazivamo i „planetom koje boje"?;PLAVE;NA
1461;Uz to što im je amputiran dio malog prsta (yubitsume), pripadnicima koje je kriminalne organizacije tijelo često prekriveno tradicionalnim tetovažama irezumi?;YAKUZA;NA
1462;U bitki kod ukrajinskog Hotina (Hoćima) 1673. koalicijske snage Poljsko-Litavske Unije pod vodstvom Jana Sobjeskog porazile su vojsku kojega carstva?;OSMANSKOG;NA
1463;Prije nego što je na velikom platnu 2018. godine utjelovio Freddieja Mercuryja, koji je glumac nagraden Emmyjem za ulogu asocijalnog hakera Elliota Aldersona u televizijskoj seriji Mr. Robot?;Rami Said MALIK;NA
1464;Kako se zove tradicijsko glazbalo podrijetlom iz istočnog Sredozemlja, a danas kod nas rašireno na dubrovačkom području i u istočnoj Hercegovini, čiji su trup i vrat načinjeni od jednog komada drveta (javorovine ili orahovine), dok šupljinu trupa pokriva tanka daska,,glasnjača" preko koje su napete tri žice namijenjene povlačenju gudalom?;LIRICA/VIJALO;NA
1465;Koji je slikar na prijelazu iz 19. u 20. stoljeće bio najvažniji predstavnik bečke secesije s izrazitim simbolističkim stilom?;Gustav KLIMT;NA
1466;Cilj je kartaške igre blackjack da igrač raspoloživim kartama postigne rezultat od koliko bodova ili što bliže tome broju kako bi pobijedio?;21;NA
1467;Kako se, prema talijanskom nazivu, zove gusta, nekoliko metara visoka vazdazelena sredozemna šikara, nastala degradacijom prirodnih vazdazelenih šuma, najčešće pod čovjekovim utjecajem, te teško prohodna ili potpuno neprohodna?;MAKIJA;NA
1468;Tučci cvijeta koje su biljke, znanstvenog imena Crocus sativus, najskuplji začin na svijetu, čija cijena na tržištu doseže i po nekoliko tisuća dolara za kilogram?;ŠAFRAN;NA
1469;U početku dobivan besplatno isključivo sa svakim njihovim kupljenim računalom, softver GarageBand koje tvrtke dočekuje korisnika s preporukom da snimi svoj idući veliki hit"?;APPLE;NA
1470;Pobijedivši u finalu Ernesta Hoosta, koji je hrvatski kickboxer osvojio prvi ikad održan K-1 Grand Prix 1993. godine, čime je $ 38 godina postao ujedno i najstariji borac ikad s tom titulom?;Branko CIKATIĆ;NA
1471;Kemičar Franjo Hanaman početkom je 20. stoljeća s Aleksandrom Justom razradio postupak proizvodnje žarne niti od kojega kemijskog elementa, čime se zbog njegova visokog tališta nit mogla zagrijati na višu temperaturu i postići veću svjetlosnu učinkovitost?;WOLFRAM;NA
1472;Smješten na vrhu planine Ararat, koji se objekt iz biblijske Knjige Postanka nalazi u središnjem dijelu armenskog nacionalnog grba?;NOINA ARKA;NA
1473;Nazvan prema proizvođaču i prodavaču namještaja, čiji prodajni asortiman najčešće zahtijeva montažu, kako se zove psihološki efekt kognitivne pristranosti u kojem potrošači nerazmjerno vrednuju proizvode koje su djelomično sami stvorili?;IKEA efekt;NA
1474;Panarapska pjesma Allahu Akbar 1969. godine prihvaćena je kao službena himna koje države?;LIBIJA;NA
1475;Poznat kao zvijezda nijemih filmova - s angažmanom u tridesetak filmova - pas Rin Tin Tin pripadao je kojoj pasmini?;NJEMAČKI OVČAR;NA
1476;Kako se prezivao škotski inženjer koji je početkom 19. stoljeća otkrio novu metodu postavljanja ceste s pomoću nabijena pijeska, šljunka i kamena bez upotrebe vezivnoga sredstva?;MAKADAM;NA
1477;Iako još nije u potpunosti utvrđeno je li vlasnik partiture izgubio posljednja dva stavka koja su sasvim sigurno započeta, zna se da je Schubertova dvostavačna Osma simfonija (u h-molu) specifičnog lirsko-tragičnog ugođaja poznatija kao kakva simfonija?;NEDOVRŠENA;NA
1478;Muslimani ga zovu nikah, židovi kiddushin, a hindusi vivaah sanskar. O kojem je obredu riječ?;VJENČANJE;NA
1479;S kojim je državnikom Oliver Stone između 2015. i 2017. godine vodio petnaestak razgovora iz kojih je proizašla četverodijelna dokumentarna serija dajući gledateljima uvid u njegov privatni i politički život?;Vladimir PUTIN;NA
1480;Nakon što je 1991. godine zamijenjen austral, u kojoj se državi počela primjenjivati valutna politika vezivanja nove valu-,,uno a uno"?;ARGENTINA;NA
1481;Pravim imenom Matt Murdock, pod kojim je mononimom poznatiji stripovski junak koji je kao devetogodišnjak oslijepio, ali su mu se istovremeno razvila druga osjetila?;DAREDEVIL;NA
1482;Dijeleći ime s velikim gradom na obali Kaspijskog jezera, kako se zove čudovište iz japanskog folklora s glavom slona, repom bika i šapama tigra, za koje se vjeruje kako se hrani ljudskim noćnim morama?;BAKU;NA
1483;Osvojivši u Sapporu 1972. godine zlato u slalomu, Francisco Fernadez Ochoa postao je prvi i zasad jedini osvajač zlatne medalje za koju državu na zimskim olimpijskim igrama?;ŠPANJOLSKA;NA
1484;Na epitafu kojega čuvenog arhitekta u londonskoj katedrali sv. Pavla stoji zapisano:,,Si monumentum requiris, circumspice (Ako tražiš spomenik, osvrni se)"?;Christopher WREN;NA
1485;Pozabavivši se idejom vremena i kretanja te onoga što propuštamo vidjeti kad stvari promatramo na uobičajen način, škotski je umjetnik Douglas Gordon 1993. godine postavio instalaciju koja je uključivala 24-satno prikazivanje kojega čuvenog filma iz 1960.?;PSIHO;NA
1486;Među 29 briljantnih umova koji su na čuvenoj petoj Solvayevoj konferenciji u Bruxellesu raspravljali o novoutemeljenoj kvantnoj teoriji, bila je prisutna samo jedna žena. Koja?;Marie CURIE;NA
1487;Iako su planirana tri zasebna albuma svakih pola godine, na kraju je smanjen broj pjesama i Stadium Arcadium je 2006. godine objavljen kao dvostruki album s 28 pjesama. Deveti je to studijski album kojega rock-sastava i posljednji na kojem je, prije ponovnog povratka 2019., sudjelovao gitarist John Frusciante?;RED HOT CHILLI PEPPERS;NA
1488;Zbog preskupog iskopa u jami Tupljak je 1999. godine ugašen Rimskom posljednji rudnik kojega energenta u Hrvatskoj?;UGLJEN;NA
1489;Nakon samoubojstva Nerona počela su previranja u Carstvu i izmjene na carskom prijestolju, pa je tako 69. godina u povijesti ostala zapamćena kao godina koliko careva?;ČETIRI;NA
1490;Analogna Chandrasekharovoj granici za bijele patuljaste zvijezde, Tolman-Oppenheimer-Volkoffova linija gornja je granica mase kojih hladnih i gustih zvijezda nastalih kao rezultat supernove?;NEUTRONSKE zvijezde;NA
1491;Najizvorniji suvenir Trilja ogrlica je grotulja kojom su nekada momci u znak ljubavi darivali svoje odabranice, a sastoji se od niza povezanih plodova listopadnog drveća iz kojega roda, znanstvenog imena Juglans?;ORAH;NA
1492;U kojoj je državi dvadesetih godina 20. stoljeća izmišljen pesäpallo, sport koji još zovu i tamošnjim bejzbolom?;FINSKA;NA
1493;Koji i su termin osmislili lingvisti Maxime Koessler i Jules Derocquigny u svojoj knjizi iz 1928. godine, a koristi se u situacijama kad neka riječ zvuči slično na dva jezika, ali zapravo ima različita značenja u svakome od tih jezika?;LAŽNI PRIJATELJI/LAŽNI PARTNERI;NA
1494;Nastala adaptacijom trinaestostoljetne epske poeme o naslovnom arturijanskom vitezu i njegovoj potrazi za svetim gralom, kako se zove posljednja dovršena opera Richarda Wagnera?;PARSIFAL;NA
1495;Nagraden Zlatnom palmom u Cannesu 1982. godine, film Put (Yol) o petorici osuđenika koji su privremeno pušteni iz zatvora te odlaze obiteljima u siromašne i zabačene krajeve svoje zemlje, gdje se suočavaju s tamošnjim problemima ubijanja iz časti i kriminalom, predstavlja jedan od vrhunaca kinematografije koje države?;TURSKA;NA
1496;Sa Sjevernom Korejom kao jedinim primjerom na svijetu, kako se zove oblik vlasti koji djeluje po pravilima umrlih vladara i gdje najvažniju političku ulogu imaju vječni vode“?;NEKROKRACIJA;NA
1497;U kojem je stoljeću živio i djelovao svojevremeno najvažniji londonski portretist Allan Ramsay, blizak prijatelj s filozofom i povjesničarom Davidom Humeom, čiji se portret ističe u slikarovu opusu? Ramsey je neko vrijeme radio i kao dvorski slikar kralja George III.;18;NA
1498;U kojoj se nagrađivanoj britanskoj humorističnoj seriji iz kasnih osamdesetih i ranih devedesetih, koja je satirizirala britansku konzervativnu vladu toga doba, pojavljuje lik političara Alana B'Starda?;NEW STATESMAN/DRŽAVNIK NOVOG KOVA;NA
1499;Dok su mu a rukopisi O prirodi cvijeća i O izboru supruge izgubljeni, djelo O plovidbi Benedikta Kotruljevića iz 1464. godine čuva se u Beinecke Rare Book and Manuscript Library na kojem američkom sveučilištu?;YALE;NA
1500;Koja je 2428 kilometara duga euroazijska rijeka na starogrčkom bila poznata kao Daïkos?;URAL;NA
1501;Terminom populariziranim u knjizi Charlesa R. Morrisa The Two Trillion Dollar Meltdown, kako se u američkom žargonu petoslovnim ratničkim akronimom nazivaju subprime-zajmovi klijentima koji su bez dohotka, posla i imovine?;NINJA (No income no job or assets);NA
1502;Antički olimpijski pentatlon započinjao je utrkom na jedan stadij (192 metra), nastavio se bacanjem koplja, diska te skokom u dalj. Koji je sport bio završna disciplina?;HRVANJE/PALE;NA
1503;Latinskog imena Proteus anguinus, kako se zove jedini europski podzemni kralježnjak, endemski vodozemac koji prebiva isključivo u podzemnim vodama dinarskog krškog reljefa, a na popisu je zaštićenih vrsta Republike Hrvatske?;ČOVJEČJA RIBICA;NA
1504;Na kojem se patuljastom planetu nalaze planina Kubrick, velika pjega Mordor, kanjon Serenity i krater Spock?;HURON;NA
1505;Zbog izrazito grube igre i čestih sukoba s drugim momčadima, koja je NBA momčad u osamdesetima i početkom devedesetih nosila nadimak „Bad Boys", a u tom je periodu osvojila dva NBA naslova zaredom, od ukupno triju momčadskih zasad?;DETROIT PISTONS;NA
1506;Koji izraz u najširem smislu označava osobu, u pravilu ženu, koja nastoji ostvariti ljubavnu ili seksualnu vezu s nekom slavnom osobom, a u užem smislu označava obožavateljice rock-glazbenika ili skupina (od čega dolazi originalni naziv)?;GROUPIE;NA
1507;Pojam Herostratova slava kao težnja za stjecanjem slave i popularnosti vezana je uz zlodjelo paljenja kojeg poznatog antičkog hrama?;ARTEMIDIN hram;NA
1508;Koji se latinski naziv od dviju riječi pojavljuje u naslovu glazbene kompozicije Arva Pärta iz 1977. godine, a u filozofiji označava postavku po kojoj je individualno ljudsko biće rođeno bez unaprijed predvidenih osobina, tj. one se upisuju" stečenim iskustvom?;TABULA RASA;NA
1509;Kako se zove proljetni mjesec francuskoga revolucionarnog kalendara (od 21. ožujka do 20. travnja) iz naslova remek-djela Émilea Zole o neljudskim uvjetima života i rada rudara u sjevernoj Francuskoj?;GERMINAL;NA
1510;U kojem se gradu u listopadu 1934. dogodilo prvo kamerom zabilježeno ubojstvo u povijesti (u ovom slučaju atentat)?;MARSEILLE (Alexandar I);NA
1511;Nazvan u čast moreplovca i istraživača, a ne njegova brata - čuvenog skladatelja iz „Moćne gomilice" - kako se zove arhipelag od šest otoka i nekoliko hridi u Japanskome moru, sedamdesetak kilometara jugozapadno od Vladivostoka?;RIMSKI-KORSAKOV;NA
1512;Kako se zove trudnički pregled prilikom kojega se promatra izgled plodove vode kako bi se procijenila zrelost fetusa i njegova potencijalna ugroženost?;AMNIOSKOPIJA;NA
1513;Soundtrack za videoigru The Last of Us iz 2013. godine sastoji se od pjesama koje je komponirao koji argentinski skladatelj, od ranije poznat po glazbi za filmove Planina Brokeback i Babel?;Gustavo SANTAOLLALLA;NA
1514;Mediteranskom obalom od Portugala do koje je države rasprostranjeno oko 5800 kilometara povezanih mravinjaka u kojima žive milijarde argentinskih mrava, najveća superkolonija zabilježena u povijesti?;ITALIJA;NA
1515;Kako se zvao britanski ekonomist (1842. - 1924.), utemeljitelj i najistaknutiji predstavnik kembričke škole, čiji su glavni doprinosi ekonomskoj teoriji na području teorije vrijednosti i raspodjele, a ustvrdio je da ponuda i potražnja određuju cijene kao izraz vrijednosti dobara? Prezime dijeli s američkim generalom i državnim tajnikom zaslužnim za plan poslijeratne obnove Europe i dobitnikom Nobelove nagrade za mir 1953.;Alfred MARSHALL;NA
1516;Dok se Sonyjev robotski pas zove AIBO, koji je petoslovni naziv za Hondina čovjekolikog robota kreiranog 2000. godine, koji hoda i mijenja smjer kretanja, a ime mu je sadržano u prezimenu jednog pisca znanstvene fantastike?;ASIMO;NA
1517;Po kojoj je državi nazvana štafeta u kojoj prvi atletičar trči 100 metara, drugi 200, treći 300, a četvrti 400 metara?;ŠVEDSKA;NA
1518;Ime kojega afričkog glavnog grada, smještena na rijeci Niger, na jeziku bambara znači „krokodilov rep"?;BAMAKO;NA
1519;Koja se osobna zamjenica nalazi u naslovu filma Gordona Douglasa iz 1954. godine, fantastičnog horora nominiranog za Oscara u kategoriji najboljih specijalnih efekata i jednog od prvih filmova iz svojevrsnog podžanra o „nuklearnim čudovištima"?;ONI/THEM;NA
1520;Prema legendi, u rimsko su doba na trima brdima iznad Krapine živjela braća Čeh, Leh i Meh koja su nakon ubojstva rimskog namjesnika, strahujući od odmazde, pobjegla na sjever i osnovala tri slavenske države. Koju je državu utemeljio Meh?;RUSIJA;NA
1521;U kojem stripovskom remek-djelu Osamu Tezuke mladi liječnik posjećuje zabačeno japansko planinsko selo kako bi istražio podrijetlo najnovijeg medicinskog misterija, bolesti monmow koja ljude pretvara u zvijeri nalik psu?;ODA KIRIHITU;NA
1522;Koji su američki hip-hop-duo 1992. godine osnovali André 3000 i Big Boi, čiji se premijerni album Southernplayalisticadillacmuzik smatra klasikom južnjačkog hip-hopa"?;OUTKAST;NA
1523;Nazvan po hebrejskoj riječi za proroka, kako se naziva slikarski pokret iz 19. stoljeća koji se protivi naturalizmu, a uzore pronalazi u simbolizmu i japanskoj grafici?;NABIZAM;NA
1524;Zadnji je mjesec zul-hidže i označava odlazak na hadž. Kojim mjesecom, u značenju,,zabranjen", započinje islamski kalendar?;MUHARRAM;NA
1525;Španjolski konkvistador Pedro de Valdivia nakon služenja vojske u Italiji i Flandriji poslan je 1534. u južnu ameriku gdje se kao Pizzarovu poručnik borio protiv Indijanaca, a ostao je upamćen po osnivanju glavnog grada koje države, čiji je prvi guverner postao 1549.?;ČILE;NA
1526;Bogata podzemnom faunom vrlo specifično prilagođenom životu u uvjetima mraka i tišine, trideset i pet metara duboka Manita peć najljepša je špilja unutar kojega nacionalnog parka?;PAKLENICA;NA
1527;Primijenivši iskustva sa svojeg ranijeg izuma - stroja za sjetvu riže, jedan je liječnik 1862. godine patentirao strojnicu, a bila je riječ o višecijevnom oružju s rotirajućim cijevima koje su pokretane ručicom koja se njemu u čast zove - kako?;GATLINGOVA strojnica;NA
1528;Nadimka „The Birdman", skejter Tony Hawk u San Franciscu je 1999. godine prvi na svojem rekvizitu izveo dokumentirani okret od koliko stupnjeva, postavši predvodnikom ekstremnog i vertikalnog skejtbordinga?;900;NA
1529;Po kojem su starogrčkom matematičaru nazvana geometrijska tijela, poliedri kojima su strane pravilni, ali ne svi međusobno jednaki mnogokuti? Otkrio ih je trinaest, među kojima su skošena i krnja kocka, kuboktaedar i rombikosadodekaedar.;ARHIMED;NA
1530;Koji je glavni grad u naslovu pjesme Georgea Ezre s albuma Wanted on Voyage (2014.)? Prema vlastitim riječima, zbog neplanirana mamurluka u tisuću kilometara udaljenom Malmöu do njega nikad nije stigao, pa mu je posvetio barem naslov tog velikog hita.;BUDAPEST;NA
1531;U prijevodu „neka kupac bude oprezan“, kako glasi latinski izraz od dviju riječi koji se vezuje uz ranije anglosasko pravo, a odnosi se na to da kupac sam odgovara za rizik ako kupljena roba ne odgovara njegovim očekivanjima?;CAVEAT EMPTOR;NA
1532;Poigravši se imenom kojega slavnog glumca i španjolskom riječi za „,med", Čileanka Yohanna Agurto zbog naziva svoje linije meda i fotografije traženog glumca (lik iz njegova Oscarom nagradena filma iz 1995.) na staklenci, ušla je s njim u pravnu bitku oko autorskih prava?;MIEL GIBSON;NA
1533;Omiški kraj poznat je po dvama gotovo izumrlim zanatima, kalafatstvu i salbunarstvu. Dok prvi označava izgradnju brodova, drugi se odvija na ušću Cetine i vezan je uz - što?;VAĐENJE PIJESKA;NA
1534;Kako se zove južnoturkijski jezik koji se uglavnom govori u istoimenoj moldavskoj autonomnoj pokrajini te ponešto u Ukrajini i Bugarskoj? Počevši od 1957. godine, u upotrebi je bilo ćirilično, dok se današnje pismo zasniva na latinici, po uzoru na moderni turski.;GAGAUSKI jezik;NA
1535;U kojem se dalmatinskom naselju nalazi han - najveći spomenik turskoga graditeljstva u Hrvatskoj i najzapadnija građevina islamske arhitekture na tlu nekadašnjeg turskog carstva - čiju je gradnju u 17. stoljeću pokrenuo vezir Jusuf Mašković?;VRANA;NA
1536;Kako se zove zbornik španjolskih narodnih, pretežno kraćih pjesama ljubavnog sadržaja, najstarija i jedna od najznačajnijih zbirki narodne poezije?;ROMANCERO;NA
1537;Kako se zove tradicionalna američka folk-pjesma, balada koja govori o tome kako je život pojedinca u New Orleansu otišao u krivom smjeru, čije su najuspješnije verzije otpjevali The Animals 1964. i Frijid Pink 1970. godine?;HOUSE OF RISING SUN;NA
1538;Od francuskog naziva za „stavljanje na pozornicu", kako se zove scenski aranžman i raspored glumaca na pozornici pri izvođenju kazališnog djela?;MIS-AN-SCENE;NA
1539;Krajem pedesetih godina 20. stoljeća u humorističnoj emisiji Radio Zagreba Porodica Veselić komičarka Nela Eržišnik pojavila se kao kućna pomoćnica s kojim imenom i prezimenom?;MARICA HRDALO;NA
1540;Kako glasi četveroslovno ime djevojke koja je bila ovdje" u naslovu instrumentalne skladbe Davida A. Stewarta i saksofonistice Candy Dulfer, svojevremeno velikom hitu u Nizozemskoj, ali i u nekoliko drugih europskih zemalja te Australiji? Pjesma je bila dio soundtracka u nizozemskom filmu De Kassière iz 1989. godine.;LILIY;NA
1541;Središte jedne od najznačajnijih i najsloženijih pretpovijesnih kultura, Lepenski vir mezolitsko je i neolitsko nalazište u kojem su oko 6000 godina pr. Kr. nastala jedna od prvih sela u Europi, a nalazi se u kojoj državi?;SRBIJA;NA
1542;Smješteno u blizini rta Kamenjak, kako se zove najjužnije naseljeno mjesto istarskog poluotoka koje se nalazi u sastavu općine Medulin - oko 10 km južno od Pule?;PREMANTURA;NA
1543;Budući da predstavljaju najveći izazov u lovu, među lovcima u Africi postoji izraz „velika petorka" za najpoželjnije životinjske „trofeje" - slona, lava, crnog nosoroga, afričkog bivola i koje još zvijeri iz porodice mačaka?;LEOPARD;NA
1544;U obliku kojega je predmeta dizajner Pavao Gavranić u prvoj polovici 20. stoljeća izrađivao duhovite pljoske koje su lako mogle stati na kućne police pa su bile praktične za prikrivanje sklonosti alkoholu?;KNJIGA;NA
1545;Na kojim je zimskim olimpijskim igrama (grad ili godina) prvi put u hokejaškom turniru dopušten nastup igračima iz NHL-a?;NAGANO 1998.;NA
1546;Koji je hrvatski odvjetnik branio Josipa Broza Tita u poznatom Bombaškom procesu, ali i kardinala Alojzija Stepinca, za čiju je obranu samo jednom razgovarao s optuženim kardinalom i čiji se obrambeni govor unatoč tomu smatra biserom odvjetničke vještine? Za osobite zasluge na unapređenju i afirmaciji odvjetništva kao samostalne i neovisne službe, Hrvatska odvjetnička komora od 1977. godine dodjeljuje plaketu s njegovim imenom kao najvišu nagradu hrvatskog odvjetništva.;Ivo POLITEO;NA
1547;Nastala najčešće zbog lokalnoga toksičnog oštećenja, ageuzija je primarno gubitak kojega osjeta?;OKUS;NA
1548;S 3343 metra visokim vrhom Penia, planinska skupina Marmolada najviši je dio kojega europskog planinskog masiva, izgrađenog većinom od istoimenih karbonatnih stijena?;DOLOMITI;NA
1549;Budući da je nakon atentata 1908. godine nadživio oca dvadesetak minuta i samim ga time tehnički naslijedio, Luís Filipe se prema Guinnessovoj knjizi rekorda smatra kraljem s najkraćom vladavinom u povijesti. Kojoj je dinastiji pripadao?;BRAGANZA;NA
1550;Na kojem je jeziku Lina Wertmüller režirala film za koji je 1977. godine kao prva žena u povijesti Oscara nominirana za najbolju režiju?;TALIJANSKI (Pasqualino Settebelleze);NA
1551;Koja se voćka iz roda Rubus našla u imenu serije sitnih i jeftinih računala, prvi put proizvedenih 2012. godine, koja djecu uvode u računalno programiranje zabavnim i lakim projektima koje je jednostavno učitati i podijeliti s drugima?;MALINA (RASPBERRY);NA
1552;Ako je Pierre & Natasha pretposljednja pjesma iz mjuzikla skladatelja i tekstopisca Davea Malloya, kako se zove završna pjesma koju izvodi ansambl zajedno s Pierreom?;The GREAT COMET of 1812;NA
1553;Kako se zove talijanski barokni kipar i graditelj, najpoznatiji po čuvenoj Fontani četiriju rijeka na Trgu Navona u Rimu?;Gian Lorenzo BERNINI;NA
1554;Koji je hrvatski otočni grad pod opsadom u naslovu komične opere Samuela Arnolda i Johna O'Keefea iz 1786. godine, o obrani lokalnog stanovništva od Turaka na blagdan Velike Gospe?;KORČULA;NA
1555;Nagrađena Zlatnim medvjedom u Berlinu 1977. godine, sovjetska ratna drama Larise Šepitko Uspon (Voskhozhdeniye) snažno je intonirana alegorijska priča o kalvariji ratnog zarobljeništva i moralnim iskušenjima dvojice partizana, gdje je autorica likom bivšeg učitelja Sotnikova, pomirena sa smrću, jasno i otvoreno aludirala nakoga?;ISUS KRIST;NA
1556;Dolazeći od grčke riječi za „kamenčić“, psefologija je grana politologije koja se u najširem smislu bavi kvantitativnom analizom i proučavanjem - čega?;IZBORA;NA
1557;Prvi ga je 1920. opisao američki psiholog Edward Thorndike. Kako se u psihologiji zove efekt ili pogreška pri procjenjivanju ljudi, koja se sastoji u proširivanju općeg dojma o pojedincu (pozitivnog ili negativnog) na njegove pojedinačne karakteristike ili pak u donošenju suda o nekoj osobi na temelju neke njezine izražene osobine ili svojstva?;HALO EFEKT;NA
1558;Tvrdoće 2 na Mohsovoj skali, sulfidni mineral stibnit glavni je izvor kojega rijetkog polumetala s atomskim brojem 51?;ANTIMON;NA
1559;Nakon što je njegovu omiljenom Evertonu poništen regularan zgoditak protiv Accrington Stanleyja u važnoj utakmici 1889., inženjer gradevinarstva John Alexander Brodie došao je do revolucionarne ideje koja je promijenila nogomet u smislu postizanja pogodaka. Sto je tada osmislio Brodie, inovaciju bez koje je nemoguće zamisliti današnji profesionalni nogomet?;GOL MREŽA;NA
1560;Koja je dizajnerica i dvostruka dobitnica Oscara za najbolji dizajn kostima kreirala vjenčanu haljinu Grace Kelly za njezino vjenčanje s monegaškim princem Rainierom III. 1956. godine?;HELEN ROSE;NA
1561;Koji je vulkanski otok bio poznat i kao „Helena Zapadne Indije" (Helen of West Indies) zbog činjenice da je od 1663. do 1814. godine zbog stalnih sukoba Engleske i Francuske čak po sedam puta bio naizmjenično pod kontrolom obiju država?;SV. LUCIJA;NA
1562;Osnovan 1981. godine u Los Angelesu kada se sestrama Vicki i Debbi Peterson pridružila Susanna Hoffs, kako se zove pop- -rock-bend poznat po hitovima koji su se osamdesetih našli na vrhu američkih glazbenih ljestvica: Manic Monday, Walk Like an Egyptian, Hazy Shade of Winter, In Your Room, Eternal Flame?;The BANGLES;NA
1563;Ulaskom spermija u oocitu (žensku spolnu stanicu) i spajanjem dviju stanica koje imaju polovičan (haploidan) broj kromosoma nastaje diploidna stanica koja se zove - kako?;ZIGOTA;NA
1564;Koji je najistaknutiji predstavnik ranorenesansnog slikarstva u Firenci autor freske Izgon iz raja kojom je stvorio prve naturalističke, anatomski korektne prikaze ljudskih aktova nakon razdoblja antike?;MASACCIO;NA
1565;Krvavi meridijan (1985.) svrstava se među najbolje suvremene američke romane, Svi lijepi konji (1992.) dobitnici su National Book Award, Nema zemlje za starce (2005.) ekranizirala su braća Coen i osvojila Oscara za najbolji film, a za Cestu (2006.) nagrađen je Pulitzerom. Koji je pisac autor tih nagradivanih romana?;Cormac McCARTHY;NA
1566;Duboke 2212 i 2197 metara, Verjovkina i Krubera najdublje su poznate špilje na Zemlji, a obje se nalaze na teritoriju koje kavkaske države?;GRUZIJA;NA
1567;Prema kečuanskom za „,izmet", kako se zove zemljasta ili tvrda masa koja većinom nastaje raspadanjem izmeta i strvina uginulih morskih ptica u dodiru sa zrakom bez djelovanja vode, a čija su najveća nalazišta na obalama Čilea i Perua?;GUANO;NA
1568;Igraju je dva ili četiri igrača s malim štapovima na kvadratnoj ploči s rupama za ubacivanje površine oko 1 m2, a u rupe se umjesto kugli ubacuje mali pak. Kako se zove ta igra - vrlo popularna na sjeveru Europe - nazvana i baltičkim ili skandinavskim bilijarom?;NOVUS/KORONA;NA
1569;Kako se zove vrsta tamnog piva s puno hmelja te nižom razinom alkohola, originalno nastala od triju vrsta piva koje je pomiješao vlasnik čuvenog bara u 18. stoljeću i nazvao ga po nosačima, tipičnoj klijenteli njegova lokala? ko;PORTER;NA
1570;Termin,,željezna zavjesa" skovao je Winston Churchill po jemu se ona spustila na europski kontinent na području od Trsta na jugu do kojeg poljskog grada na ušću Odre - na sjeveru zamišljene linije?;SZCZECIN;NA
1571;Skovan od grčkih riječi za „donositi“i „poticaj", koji su biokemijski pojam, važan za izazivanje reakcija kod pripadnika iste vrste, prvi put 1959. godine u časopisu Nature spomenuli njemački biokemičar Peter Karlson i švicarski entomolog Martin Lüscher?;FEROMON;NA
1572;Koji je čuveni saksofonist uz Bennyja Harrisa autor jazz-standarda Ornithology, skladbe koju je 1946. godine prvi put izveo septet s njegovim imenom?;Charlie PARKER / BIRD;NA
1573;Nazvana po javanskom lučkom gradiću i nekadašnjem glavnom gradu istoimenog sultanata, kako se zove patuljasta indonezijska kokoš (ime se danas koristi i za drugu manju perad) koja je posudila" ime težinskoj kategoriji u borilačkim sportovima?;BANTAM;NA
1574;Smatran ocem portugalske drame i tvorcem tamošnjeg nacionalnog kazališta, kako se zvao renesansni dramatičar čiji se s obično dijeli na pastorale, moralitete, farse, viteške komade i alegorije? Njemu u čast nazvan je nogometni klub iz Barcelosa.;Gil VICENTE;NA
1575;Okosnicu priče Oscarom nagrađena dokumentarnog filma Kraljevi ringa (When We Were Kings) Leona Gasta iz 1996. čini čuveni meč održan 22 godine ranije u kojem gradu?;KHINSASA (Rumble in the jungle);NA
1576;Kako se na „K“zove važan element kompozicije u kiparstvu, usklađena ravnoteža istodobnih pokreta figure usmjerenih u suprotnim smjerovima?;KONTRAPOST;NA
1577;Kako se zove protestantski teolog, filolog i povjesničar čije se najvažnije djelo Ključ Svetoga pisma, svojevrsni enciklopedij ski i hermeneutički rječnik Biblije, smatra prvim djelom protestantske hermeneutike? Po latiniziranoj verziji prezimena njegovi sljedbenici nazivali su se flacijanistima.;Matija VLAČIĆ ILIRIK;NA
1578;Klezmer je glazbeni žanr koji se tradicionalno vezuje uz koju skupinu Židova, jednu od dviju glavnih prema geografskom podrijetlu i kulturnoj tradiciji? Uglavnom se sastoji od plesnih melodija i zabavnih instrumentalnih skladbi za vjenčanja i druge proslave.;AŠKENAZI;NA
1579;Uz brojne varijante s inćunima, češnjakom i drugim začinskim biljem, glavni su sastojci tapenade usitnjene masline i plodovi koje primorske grmolike biljke, po čijem je provansalskom imenu nazvan ovaj namaz?;KAPARI;NA
1580;Koju je povijesnu dramu iz 1997. godine režirao Steven Spiela priberg, a temeljena je na istinitoj priči o pobuni na brodu zap jevoz robova iz 1839. tijekom koje su oteti robovi iz plemena Mende pobili gotovo čitavu posadu i preuzeli kontrolu nad brodom te međunarodnoj pravnoj bitki koja je uslijedila nakon što ih je ponovo zarobio strani američki trgovački brod?;AMISTAD;NA
1581;Američki šahist Abhimanyu Mishra postao je krajem lipnja 2021. najmlađi velemajstor na svijetu u dobi od 12 godina i 4 mjeseca, oborivši za tri mjeseca rekord iz 2003. godine kojega ukrajinsko-ruskog čuda od djeteta"?;Sergej KARJAKIN;NA
1582;Kojom se znanošću primarno bavio hrvatsko-američki sveučilišni profesor Vilim Feller koji je objavio niz radova i knjigu čiji je predgovor u ruskom izdanju napisao veliki Andrej Kolmogorov?;MATEMATIKA (teorija vjerojatnosti);NA
1583;Nekada naseljene, no danas posve puste, kako se zajedničkim imenom zovu travnate krške doline okružene šumovitim kosama i stjenovitim kukovima, koje se protežu u dužini od oko pet kilometara pri južnom kraju Srednjeg Velebita, na oko 700 metara nadmorske visine?;DABRI;NA
1584;Kako se, riječju latinskog podrijetla, zovu najstariji proizvodi tiskarstva od njegovih početaka oko 1445. do približno 1500.? Sačuvano je oko petsto tisuća primjeraka tiskanih u više od tisuću tiskara.;INKUNABULE;NA
1585;Koja je dvostruka oskarovka 1982. u svojoj četrdeset i petoj godini objavila knjigu u kojoj daje upute za praktičnu vježbu te iznosi svoja gledanja vezana uz prehranu i tjelesne aktivnosti?;Jane FONDA;NA
1586;Rođena Amerikanka djevojačkog prezimena Barbey, Hélène de Pourtalès nastupala je pod švicarskom zastavom u Parizu 1900. godine i postala prva žena sa zlatnom olimpijskom medaljom. Kao dio pobjedničkog tima, u kojem je sportu ostvarila taj povijesni uspjeh?;JEDRENJE;NA
1587;Za svako povećanje nezaposlenosti od 1 % realni BDP neke države manji je za 2 % od potencijalnog - kaže čiji zakon?;OKUNOV zakon;NA
1588;Kako se u etici naziva učenje o sretnom i veselom životu, prema kojemu su sreća i ugodnost krajnji cilj ljudskoga života?;EUDAJMONIZAN;NA
1589;Koji je britanski bend, čije je ime slengovska referencija na korisnika amfetamina, prestao postojati 40 godina nakon osnutka, kada je krajem 2015. godine umro vokal i basist Ian „Lemmy" Kilmister?;MOTORHEAD;NA
1590;Natjecanje u maratonu na Olimpijskim igrama u Rimu 1960. započelo je na Piazzi di Campidoglio, a završilo ispod Konstantinova slavoluka. Kojom se antičkom cestom, duž koje je 71. pr. Kr. sve do Kapue bilo razapeto oko 6000 Spartakovih pobunjenika, većinom trčao maraton?;Via APPIA;NA
1591;Kojim se imenom, podrijetlom iz grčkog u značenju „dva" i jezik", zove usporedna upotreba dvaju jezika u nekom druš tvu, čiji je naziv uveo američki jezikoslovac Charles Ferguson za oblik standardizacije jezika u kojoj supostoje dva varijeteta (idioma) u cijeloj govornoj zajednici, svaki od njih s posebnom ulogom?;DIGLOSIJA;NA
1592;U značenju „danas" na baskijskom, kako se zvala avangardna umjetnička grupa osnovana 1966. godine u Gipuzkoi, čiji je rad bio povezan s tadašnjim rastućim društvenim i ekonomskim promjenama te krizom baskijskog identiteta? Četveroslovno ime dijeli sa životinjom poznatom i kao indijski bizon.;GAUR;NA
1593;Jedan od najslavnijih kompozitora filmske glazbe, koji je madarsko-američki skladatelj i dirigent imao značajnu ulogu u glazbi holivudskih filmova, za koje je sedamnaest puta bio miniran, a tri puta dobio Oscara - za Hitchcockovu Začaranu (Spellbound, 1945.), Cukorov Dvostruki život (A Double Life, 1947.) i Wylerova Ben Hura (1959.)? ki no;Miklos ROSZA;NA
1594;Pod kojim je prezimenima poznat britanski umjetnički klizački par, zlatni s Olimpijskih igara u Sarajevu 1984., kada su otplesali na Ravelov Bolero i zadivili cijeli svijet, dobivši za svoju izvedbu jedini u povijesti umjetničkog klizanja dvanaest savršenih "šestica"?;TORVILL i DEAN;NA
1595;Nazvan po suosnivaču korporacije Intel, kako se zove zakon koji se temelji na njegovu zapažanju da se broj tranzistora koji stati na jediničnu površinu integriranog kruga naizgled udvostručava svakih osamnaest mjeseci? mogu;MOOREOV zakon;NA
1596;Dijeleći ime s poznatom izvedbom francuskog skladatelja Gabriela Fauréa, kako se naziva dvorski ples izrazito polagana ritma, nastao u 16. stoljeću u Italiji?;PAVANA/PADOVANA;NA
1597;Prema latinskom za kornjaču, kako se zvala taktička formacija koju je koristila rimska vojska, a činili su je gusto zbijeni legionari koji su držali svoje štitove ispred, ali i iznad sebe kako bi sebi i svojim suborcima pružili maksimalnu zaštitu od neprijateljskih strijela i drugih projektila?;TESTUDO;NA
1598;Koji se naziv koristi za biljke koje rastu na drugim biljkama, ali su za razliku od parazita autotrofne, tj. fiziološki neovisne? Biljku domadara - u prvome redu stabla i grane, rjeđe listove drveća-te biljke koriste kao podlogu koja im omogućuje povoljnije osvjetljenje.;EPIFITI;NA
1599;Korištena u mnogim Disneyjevim crtanim filmovima kao jedna od najstarijih tehnika (izumio ju je 1915. godine Max Fleischer), kako se zove tehnika animacije koja se sastoji od snimanja realnih scena, kasnije projektiranih na zamagljenom staklu preko kojega animator iscrtava pokrete?;ROTOSKOPIJA;NA
1600;Iako je većina ptica monogamna, kod malog postotka zabilježeno je da se mužjaci pare s nekoliko ženki i obrnuto te je naziv te pojave izveden od oba moguća odnosa u poligamiji, a zove se - kako?;POLIGINANDRIJA;NA
1601;Brak sklopljen između dvoje nekrštenih u Katoličkoj crkvi koji se razrješuje u korist vjere kako bi osoba koja se obrati i primi krštenje mogla živjeti svoju vjeru i sklopiti novi kršćanski brak, kaziva se povlasticom kojega kršćanskog sveca i obraćenika?;SV. PAVAO;NA
1602;Koja je popularna animirana serija započela epizodom Space Pilot 3000, emitiranom u ožujku 1999. godine?;FUTURAMA;NA
1603;Svojevrsna posveta kojem su glazbenom instrumentu riječi virtuoza Andrésa Segovije:"Nagnite tijelo blago prema naprijed kako biste je oslonili uz prsa jer poezija ove glazbe treba odjekivati u vašem srcu."?;GITARA;NA
1604;Animirani film Snjeguljica i sedam patuljaka iz 1937. godine prvi je film proizišao iz kojeg čuvenog filmskog studija?;Walt DISNEY Animation Studios;NA
1605;Hiroo Onoda, koji je oružje položio 1974. godine na filipinskom otoku Lubang, smatra se posljednjim vojnikom kojega rata?;DRUGI SVJETSKI rat;NA
1606;Pod nazivom Modulex, Godtfred Kirk Christiansen je 1963. godine na tržištu predstavio svoje precizno dimenzionirane kockice namijenjene odraslima, ponajprije arhitektima. U to vrijeme Christiansen je bio vlasnik koje poznate tvrtke, naslijedivši je pet godina ranije od svoga oca stolara?;LEGO;NA
1607;Iako je primarna meta bio grad Kokura, zbog čega u japanskom postoji izraz „Kokurina sreća"za izbjegavanje nesreće, a da toga niste ni svjesni, koji je grad umjesto Kokure u kolovozu 1945. pogodila velika nesreća?;NAGASAKI;NA
1608;Koji je europski planinski sustav u 20. stoljeću devet puta bio mjestom održavanja zimskih olimpijskih igara?;ALPE;NA
1609;Hessov zakon u termokemijskim reakcijama temelji se na činjenici da ukupna reakcijska toplina neke kemijske promjene ne ovisi o putu reakcije, već samo o početnom i krajnjem stanju sustava. Taj je zakon poznat i kao zakon o očuvanju - čega?;ENERGIJA;NA
1610;Prema Forbesovoj listi jedan od najbogatijih fiktivnih likova, Rich Uncle Pennybags maskota je koje društvene igre?;MONOPOLY;NA
1611;Kojim se engleskim izrazom označava raznorodni duhovni po kret nastao šezdesetih godina 20. stoljeća u zapadnim zemlja ma, čiji je naglasak na mističnom i duhovnom kao najvažnijoj dimenziji ljudskoga postojanja te na prirodnom zdravlju, d hovnom iscjeljivanju i novoj, planetarnoj svijesti?;NEW AGE;NA
1612;Na zahtjev sirakuškog tiranina Hijerona II., koji je matemati čar i astronom oko 240. pr. Kr. dizajnirao 110-metarsku Sirakuziju koja se smatra najvećim brodom antičkog svijeta?;ARHIMED;NA
1613;Inženjer i direktor organizacije metalurških kompanija André Waterkeyn bio je gotovo do kraja života vlasnik autorskih prava na sve reprodukcije kojeg simbola Bruxellesa, gradevine koju je dizajnirao za EXPO 1958. godine?;ATOMIUM;NA
1614;Pomorac Alexander Selkirk je nakon brodoloma engleskog bro da Cinque Ports gotovo četiri i pol godine živio na nenaseljenom otoku u južnom Tihom oceanu, sve dok ga na svom trećem putovanju oko svijeta 1708. godine nije pronašao i spasio William Dampier. Kojem je piscu Selkirkova priča o preživljavanju poslužila kao inspiracija za čuveni roman, objavljen jedanaest godina kasnije?;Daniel DEFOE (Robinson Crusoe);NA
1615;U kojem se organu nalazi najmanja i najkraća kost u ljudskom tijelu - duga oko 3 milimetra, latinskog imena stapes?;UHO (stremen);NA
1616;Koji je slavni umjetnik izradio logo Chupa Chups i veliku metalnu skulpturu na pozornici za španjolsko domaćinstvo Eurosonga 1969. godine?;Salvador DALÍ;NA
1617;Od koliko se većih otoka jonske skupine sastojala oligarhijska republika, grčkog imena Heptanesos Politeia, koja je pod ruskim i otomanskim patronatom na tom području postojala od 1800. do 1807. godine?;7 (Republika sedam otoka);NA
1618;Upamćen u teniskoj povijesti, kojim je ishodom završio meč Jaroslava Drobnyja i Budgea Pattyja u Lyonu 1955. godine?;REMI/NERIJEŠENO;NA
1619;Premda se kasnije pokazalo netočnom informacijom, kanadski stjuard Gaëtan Dugas sredinom je osamdesetih godina 20. stoljeća identificiran kao „nulti pacijent u SAD-u zaražen kojim virusom? Istražujući njegovu seksualnu prošlost, pokazalo se da je većina rano zaraženih bila u kontaktu s njim.;HIV;NA
1620;Tri strofe pjesme Zemljo brda, zemljo na rijeci Paule von Prerasu na Mozartovu glazbu 1946. godine službenom himnom koje države? dović postale;AUSTRIJA;NA
1621;Budući da je bilo malo materijala, snimanje zvučnog dijela kojega je filma Alana Croslanda iz 1927. godine trajalo samo dva tjedna, pa su tako u filmu izgovorene samo 354 riječi koje gotovo sve izgovara Al Jolson?;PJEVAČ JAZZA;NA
1622;Nakon što je kao petnaestogodišnjak bio impresioniran njegovom operom Lohengrin, bavarski je kralj Ludvig II. stupanjem na prijestolje 1864. godine postao čiji mecena?;Richard WAGNER;NA
1623;Prema francuskom izrazu, écossaise je vrsta plesa u dvočetvrtinskom taktu imenom vezana uz koji konstitutivni dio Ujedinjenog Kraljevstva? Osobito je bio popularan u Francuskoj i Velikoj Britaniji u 18. i 19. stoljeću, a glazbene kompozicije namijenjene za écossaise skladali su Beethoven, Schubert i Liszt.;ŠKOTSKA;NA
1624;Smatrajući da je za njezin naslov bez dopuštenja iskorišten naziv njihova popularnog singla, protiv producenata koje je serije, originalno prikazivane od 2007. do 2014. godine, bend Red Hot Chili Peppers podnio tužbu?;CALIFORNICATION;NA
1625;Koje je najpoznatije ime „vjetrovitoga"grada ako su ostala imena Te Whanganui-a-Tara, Upoko o te Ika a Maui i Pöneke?;WELLINGTON;NA
1626;Jedan od naših prvih proizvoda s oznakom izvorno hrvatsko", kako se zove Kraševa pralina koju čini spoj nugata od lješnjaka i badema s kakaom, a ime je dobila po orijentalnoj plesačici?;BAJADERA;NA
1627;Na kojoj je dalmatinskoj rijeci poduzeće izumitelja, poduzetnika i političara Ante Šupuka 1895. godine sagradilo hidroelektranu, čime je njegov rodni grad medu prvima u svijetu dobio javnu rasvjetu na izmjeničnu struju?;KRKA;NA
1628;Poznat i kao „Wilt the Stilt", koji je košarkaš u dresu Philadel phije u sezoni 1961./62. imao nestvarni prosjek od 50,4 koša po utakmici?;Wilton Wilt" Norman CHAMBERLAIN;NA
1629;Gotovo dvadeset i jedan mjesec nakon revolucije u svojoj zem lji, koji je tadašnji predsjednik vlade u rujnu 1960. godine odr žao legendarni četverosatni govor na glavnoj skupštini UN-a?;Fidel CASTRO;NA
1630;Slijedeći etimologiju, koji je hladni umak najvjerojatnije ime dobio po Mahónu, glavnom gradu španjolske Menorce?;MAJONEZA;NA
1631;Nazivan i petim agregatnim stanjem tvari, kondenzat eksperimentalno nastao hladenjem razrijeđenog plina rubidijevih atoma gotovo do temperature apsolutne nule, imenovan je po dvo jici fizičara koji su ga teoretski predvidjeli. Jedan je Satyendra Nath Bose, a drugi je - tko?;Albert EINSTEIN (Bose- -Einsteinov kondenzat);NA
1632;Referirajući se na Marlona Branda, Ala Pacina, Jamesa Caana, Roberta Duvalla, Johna Cazalea i Diane Keaton, za casting ko jega je filma Stanley Kubrick izjavio kako je najbolji u cijeloj filmskoj povijesti?;KUM;NA
1633;Koji kanal odvaja poluotok Peloponez od grčkoga kopna čineći ga tako otokom?;KORINTSKI kanal;NA
1634;Svjetski poznata po ručno dovršenom i modernom nakitu pristupačnih cijena, kako se - poput mitološke žene titana Epimeteja - zove danska tvrtka, nakon Tiffanyja i Cartiera najveći svjetski proizvođač nakita?;PANDORA;NA
1635;U Firenci zbog svoje iznimne ljepote nazvana La bella Simonetta, plemkinja Simonetta Vespucci poslužila je kao model Venere za djelo kojega renesansnog slikara?;Sandro BOTTICELLI;NA
1636;Nazvano po češkom gradu, kako se zove pivo nastalo 1842. godine, kada je lokalna pivovara zatražila od bavarskog pivara Josefa Grolla da napravi pivo visoke kvalitete pri čemu je, koristeći njemačku metodu hladnog vrenja, stvorio lagano i osvje žavajuće pivo bistre zlatne boje?;PILSNER;NA
1637;Smatrajući da pripadaju aminima, koje je nutrijente biokemičar Kazimierz Funk po otkriću početkom 20. stoljeća imenovao s dodatkom životni (vital)"u nazivu?;VITAMINI;NA
1638;Kako se zvao posljednji hrvatski kralj narodne krvi", koji je poginuo 1097. godine u bitki na sjevernom podnožju gore Gvozd?;Petar SNAČIĆ/SVAČIĆ;NA
1639;Najviši afrički kip, 52 metra visoka bakrena skulptura Spomerenesanse, izgrađen je po ideji tadašnjeg predsjednika nik afričke Abdoulayea Wadea i od 2010. godine nalazi se u Ouakamupredgradu glavnoga grada koje države?;SENEGAL;NA
1640;Koja pjesma Metallice s albuma Kill 'Em All ime dijeli s filmom o mladom jazz-sviraču bubnjeva i njegovu maestralnom učitelju?;WHIPLASH;NA
1641;lako je izvjesno da je originalne drvene figure za Šahovsku olimpijadu u Dubrovniku 1950. godine, proglašene najboljima na svijetu zbog optimalnog odnosa veličine figura i veličine polja te pogodnoga prstohvata, dizajnirao kipar Petar Poček, kojemu se hrvatskom slikaru i karikaturistu (kojemu neki izvori pripisuju i original), s malim odstupanjima od originalnog seta, desetak godina kasnije pripisuje dizajn gotovo jednako cijenjenih figura Dubrovnik II?;Andrija MAUROVIĆ;NA
1642;Danas slavljen kao simbol otpora protiv ropstva, Zumbi se smatra posljednjim kraljem zajednice odbjeglih afričkih robova (quilombo") u Palmaresu, kraljevstvu koje je između 1605. i 1694. godine postojalo na istoku koje današnje države?;BRAZIL;NA
1643;Prema pozdravu na jeziku zemlje domaćina, kako se zvala maskota Svjetskog nogometnog prvenstva 1990. godine?;CIAO;NA
1644;Kardiolog Conrad Murray osuđen je 2011. godine na četverogodišnju zatvorsku kaznu zbog ubojstva iz nehaja koje poznate osobe dvije godine ranije?;Michael JACKSON;NA
1645;Koja je životinja u nazivu misaonog eksperimenta, često opisivanog kao paradoks, koji je osmislio austrijski fizičar Erwin Schrödinger 1935. godine?;MAČKA;NA
1646;Dokumentarni film Čovjek koji se igrao s vatrom (Mannen som lekte med elden) iz 2018. godine opisuje život i nasljede kojega pisca te njegovu revolucionarnu borbu protiv desničarskih ekstremista?;Stieg LARSSON;NA
1647;Koja je TV serija tijekom pet sezona dostigla „dikensovsku dimenziju"jer je u potpunosti uspjela prikazati društvenu panoramu Baltimorea?;ŽICA;NA
1648;Koji je slikar i sunarodnjak Henrika Ibsena izradio scensku skicu za predstavu njegove drame Sablasti na berlinskoj izvedbi 1906. godine?;Eduard MUNCH;NA
1649;Koji grad,tisuću minareta"ima najstariju i najveću filmsku te glazbenu industriju u arapskom svijetu?;KAIRO;NA
1650;Koju je pjesnikinju s otoka Lezba zemljak i suvremenik Al kej nazvao „časnom te s uvojcima poput ljubičica"i onom mednim smiješkom"?;SAPFA/SAPFO;NA
1651;Bulgogi je jelo pripremljeno od tanko isječenih i mariniranih komada junetine ispečenih na roštilju, a originalno ime toga specijaliteta s kojega bi se matičnog jezika moglo prevesti kao vatreno meso"?;KOREJSKI;NA
1652;Studijski album Kind of Blue po mnogim kritikama jedan je od najvećih jazz-albuma svih vremena i remek-djelo kojeg jazz-glazbenika?;Miles DAVIS;NA
1653;Kako se zove oblak međuzvjezdane tvari sačinjen od prašine i plinova, čija se svojstva mijenjaju ovisno o sastavu, kemijskom podrijetlu i okruženju u kojem se nalaze?;MAGLICA/NEBULA;NA
1654;Kako se zove jedina hrvatska plivačica koja je osvojila zlatnu olimpijsku medalju - onu iz Meksika 1968. godine?;Durdica BJEDOV;NA
1655;Dok su ostali članovi benda bili uvjereni da se bubnjar Joey Kramer referira na knjigu Sinclaira Lewisa, on je objasnio da je inspiraciju za njihovo ime ipak pronašao slušajući album Aerial Ballet Harryja Nilssona. O kojem je legendarnom bendu, osnovanom 1970. godine i često nazivanom „the Bad Boys from Boston", riječ?;AEROSMITH (knjiga je Arrowsmith);NA
1656;Oplošje kojega je geometrijskog tijela jednako zbroju površina njegovih baza i plašta, a računa se po skraćenoj formuli 2rz x (r+b)?;VALJAK;NA
1657;Temeljena na istoimenoj knjizi Philipa Rotha, HBO-ova mini serija The Plot Against America iz 2020. godine alternativnim povijesnim pristupom prati politički uspon i pobjedu na američkim izborima 1940. kojega slavnog zrakoplovca i istraživača, koji SAD okreće prema fašizmu?;Charles LINDBERGH;NA
1658;Od malajskog „jong", kako se zove dalekoistočni drveni jedrenjak povišene krme i nižeg pramca s jednim ili više jarbola od pletera pojačanog bambusom? Duljine 16-40 metara, služio je i kao trgovački i ribarski brod na području Indokine.;DŽUNKA;NA
1659;Kojem je političaru film Ubojice (The Killers) iz 1964. godine bio posljednji film prije aktivne političke karijere?;Ronald REAGAN;NA
1660;Koje je petoslovno ime proizvoda u svojoj prijavi za patent 1888. godine George Eastman sumirao na sljedeći način: „Prvo -kratko je. Drugo - ne može se pogrešno izgovoriti. Treće - ne može ga se povezati ni s čim osim s njim samim."?;KODAK;NA
1661;S 1038 metara Carrauntoohil je najviši planinski vrh koje europske države?;IRSKA;NA
1662;Od grčkih riječi za „cijeli“ i „slovo“, kako se zove vrsta trodimenzionalne slike koja nastaje tako da se laserska zraka podijeli na dva dijela, od kojih se jedan dio odbija od predmeta snimanja te zatim križa s drugim dijelom zrake koja se reflektira od zrcala?;HOLOGRAM;NA
1663;Koji je NBA klub u lipnju 1998. godine ostvario svoj drugi three-peat"u samo osam godina, čime su po mnogima potvrdili status jedne od najboljih momčadi u povijesti klupske košarke?;CHICAGO BULLS;NA
1664;Kao jedan od najčešćih oblika daltonizma, deuteranopija je vrsta nedostatka kolornog vida gdje su odsutni fotoreceptori za dio spektra koje boje?;ZELENA;NA
1665;Glumeći ubojicu Aileen Wuornos, koja je glumica 2004. godine postala prva osoba iz Afrike nagrađena Oscarom za najbolju glavnu ulogu?;Charlize THERON;NA
1666;Kao veliki ljubitelj klasicističkih građevina, kralj Ludvig je naručivanjem njihove izgradnje imao viziju pretvaranja kojega grada u „Atenu na rijeci Isar"?;MÜNCHEN;NA
1667;Kemičar Andreas Sigismund Marggraf prvi je 1747. godine otkrio i izolirao saharozu iz koje biljke znanstvenog imena Beta vulgaris var. altissima, što je dovelo do razvoja suvremene industrije šećera?;ŠEĆERNA REPA;NA
1668;Zbog svoje prepoznatljivosti i utjecaja na modnu industriju n zivan modnom Biblijom", kako se zove jedan od najvažnijih modnih i lifestyle-časopisa, mjesečnik pokrenut najprije kao tjednik u New Yorku davne 1892. godine?;VOGUE;NA
1669;Koja svjetska gradevina na svom istočnom kraju završava ulazeći gotovo dvadeset metara u Bohajsko more?;KINESKI ZID;NA
1670;Nakon Montreala 1976. i braće Hansen oni su druga braća veslači koja su osvojila olimpijsko zlato. Kako se prezivaju hrvatski veslači s tim podvigom (dvojac na pariće - Rio 2016.)?;SINKOVIĆ;NA
1671;U kojoj su državi, poslije stjecanja nezavisnosti, 1952. godine održani do tada najmasovniji parlamentarni izbori na svijetu, na kojima je više od 170 milijuna ljudi iskoristilo pravo glasa?;INDIJA;NA
1672;Pravim imenom Jennifer Susan Walters, ona je zapravo odvjetnica koja je nakon nesreće transfuzijom primila krv svog bratića te postala veća i snažnija, gotovo poput njega. Koji je stripovski superjunak donirao krv Jennifer?;HULK/Bruce BANNER;NA
1673;U koju se američku saveznu državu zaputio Tony Christie kako bi pronašao djevojku Marie u svom velikom hitu (Is This The Way To) Amarillo?;TEKSAS;NA
1674;Nazvana po gaju u sjeverozapadnome dijelu Atene, posveće nom atičkom junaku iz grčke mitologije, kako se zove filozofska škola koju je 387. godine pr. Kr. utemeljio Platon?;AKADEMIJA;NA
1675;Koji roman iz 1848. godine prati sudbine dviju žena - Amelije Smedley iz ugledne obitelji i siročeta Becky Sharp - koje ulaze u društveni svijet devetnaestostoljetne Engleske u potrazi za ugledom i bogatstvom?;SAJAM TAŠTINE;NA
1676;Koje monumentalne zidine započinju tvrdavom Koruna, a završavaju tvrdavom Veliki kaštio, dok je Bartolomeo najveća utvrda te 5,5 kilometara duge fortifikacijske strukture?;STONSKE zidine;NA
1677;Na jugu koje se europske države nalazi pustinja Tabernas, područje poznato po snimanju vesterna od pedesetih godina 20. stoljeća zbog sličnosti sa sjevernoameričkim suhim područjima Divljeg zapada?;ŠPANJOLSKA;NA
1678;Uz Johna Forda i Josepha L. Mankiewicza, Alejandro Iñarritu jedini je dobitnik dvaju uzastopnih Oscara za režiju. Navedite bilo koji od dva fima koja su Iñarrituu donijela „kipić".;BIRDMAN ili POVRATNIK;NA
1679;Koji je rimski car, čiji su vojnici na štitovima imali iscrtane kristograme kao znak zaštite kršćanskog Boga, pobijedio Maksencija 312. godine u Bitki kod Milvijskog mosta?;KONSTANTIN I. Veliki;NA
1680;lako postoji više varijanti pripravljanja, koje je rezano povrće iz porodice Brassicaceae uobičajeno glavni sastojak glasovite ruske juhe šči?;KUPUS;NA
1681;Koja je rijeka ponornica i krški fenomen s tridesetak metara dužine najkraća rijeka u Hrvatskoj i jedna od najkraćih u svijetu?;OMBLA/RIJEKA DUBROVAČKA;NA
1682;Smatran jednim od najvećih igrača u povijesti, izrazito efikasni Dhyan Chand u razdoblju je 1928. - 1936. godine triput osvajao olimpijsko zlato u kojem sportu? Na njegov se rodendan u Indiji svake godine slavi nacionalni dan sporta.;HOKEJ (na travi);NA
1683;Osnovan 705. godine, Nishiyama Onsen Keiunkan smatra se najstarijim primjerom čega na svijetu?;HOTEL;NA
1684;Kako glasi naziv za srednju vrijednost u nizu elemenata statističkog skupa poredanih od najmanjeg do najvećeg, koja dijeli skup na dva jednaka dijela?;MEDIJAN;NA
1685;Po arapskom za „znak Božji", kako se zove visoka titula koja se dodjeljuje šijitskim vodama, a ima religijsko i političko značenje?;AJATOLAH;NA
1686;Nakon što se razvela od Georgea Harrisona, za kojega se pjevača i gitarista 1979. godine udala rock'n'roll-muza"šezdesetih i sedamdesetih Pattie Boyd, kojemu je bila inspiracija za pjesme Layla i Wonderful Tonight?;Eric CLAPTON;NA
1687;Prethodeći alfa-generaciji, kojim se latiničnim slovom u zapadnom svijetu uobičajeno naziva generacija ljudi rođena između 1997. i 2012. godine?;Z (Zoomers");NA
1688;U kojem je sportu 1958. godine Njemačka na domaćem terenu pobijedila Luksemburg rezultatom 46 - 4, što je do danas rekordna pobjeda na svjetskim prvenstvima?;RUKOMET;NA
1689;lako se često pripisuje Francisu Baconu, rečenica „Znanje je bljena sedamdesetak godina kasnije u latinskom izdanju glaso moć prvi je put izvorno, frazom,,Scientia potentia est, upotrije vitog filozofsko-političkog djela Levijatan kojega engleskog filozofa i političkog teoretičara?;Thomas HOBBES;NA
1690;lako se Nikefor smatra prvim pripadnikom njihova plemićkoga roda, Andronikov sin Mihael VIII. utemeljitelj je koje srednjovjekovne carske dinastije i ujedno prvi car obnovljenog carstva pod njihovom vladavinom?;PALEOLOZI;NA
1691;Koja je bliskoistočna država u Egiptu", u naslovu Händelova biblijskog oratorija praizvedena u Londonu 1739. godine?;IZRAEL;NA
1692;Koje se otočje nalazi u naslovu fantastičnog romana Kurta Vonneguta iz 1985. godine, u kojem nakon velike ekonomske krize i bolesti koja je poharala Zemlju prežive samo stanovnici otoka Santa Rosalia, ali generacije koje dolaze evoluiraju u ži votinje slične morskim lavovima, s dugim surlama i zakržljalim prstima pa je roman i posveta Charlesu Darwinu i njegovoj prirodnoj selekciji?;GALÁPAGOS;NA
1693;Koji je filozof njemačkog idealizma autor Filozofije prava iz 1820. godine, prvog djela koje je objasnilo međusobne odnose kapitalističke ekonomije, države i nacije?;Georg Wilhelm Friedrich HEGEL;NA
1694;Kojem je crkvenom redu, utemeljenom na području današnjeg Izraela u 12. stoljeću, do smrti u Auschwitzu pripadala Edith Stein, jedna od svetica zaštitnica Europe, filozofkinja i preobraćenica sa židovstva na katoličanstvo?;KARMELIČANKE;NA
1695;U orkestralnoj suiti Gustava Holsta Planeti, djelu koncepcijski utemeljenom na astrološkim, a ne astronomskim načelima, sedam je stavaka naslovljeno prema imenima planeta, a skladatelj je svakim stavkom namjeravao prikazati ideje i osjećaje koje se povezuje s utjecajem planeta na ljudsku psihu. Koji od današ njih osam planeta Sunčeva sustava nedostaje u Holstovoj suiti?;ZEMLJA;NA
1696;Prema kasnolatinskom za „cjelovit“ ili „sastavni", kako se zove funkcija ili veličina koja je ili rješenje diferencijalne jednadžbe ili limes zbroja vrijednosti neke funkcije?;INTEGRAL;NA
1697;Pobjednici Roland Garrosa 1999. godine u muškoj i ženskoj pojedinačnoj konkurenciji vjenčali su se dvije godine kasnije u Las Vegasu. Između kojih je tenisača i tenisačice nakon pariske titule zaiskrila ljubav?;Andre AGASSI i Steffi GRAF;NA
1698;Kako su u antičkoj Grčkoj nazivani ljudi koji nisu sudjelovali u javnom životu polisa, odnosno oni koji su gledali samo svoje privatno i nisu marili za pitanja političke vlasti?;IDIOTES/IDIOTI;NA
1699;Koji se grad kiti epitetom grada tartufa i kajkavaca"jer se uz hvaljenu deliciju u cijeloj Istri jedino u njemu i okolnim mjestima govori kajkavskim narječjem?;BUZET;NA
1700;U značenju „Park blaga", palača Norbulingka do 1959. godine služila je kao čija ljetna rezidencija?;DALAJ-LAMA;NA
1701;Dijeleći ime s jednim modelom Renaultova automobila, kako se zvala dinastija koja je vladala Perzijskim Carstvom od 1794. do 1925. godine?;KADJAR/QAJAR;NA
1702;Od 20. meridijana na istoku do ušća u Atlantski ocean, rijeka Oranje dijelom svog toka prati 967 km dugu međunarodnu granicu Republike Južne Afrike s kojom državom?;NAMIBIJA;NA
1703;Po kojem je slikaru rane nizozemske renesanse, poznatom po religiozno-alegorijskim slikama te moralističkim žanrovskim prikazima, ime dobio losandeleski detektiv iz serije od dvadeset i četiri romana Michaela Connellyja, nastala izmedu 1992. i 2022. godine?;Hieronymus BOSCH;NA
1704;Redatelj Mel Brooks odigrao je dvije uloge, Skrooba i Yogurta, u kojem klasiku iz 1987. godine, parodiji na Ratove zvijezda, Zvjezdane staze, Alien i Planet majmuna?;SVEMIRSKE LOPTE/SPACEBALLS;NA
1705;Udružena flota zapadnokršćanskih sila u posljednjoj je pomorskoj bitki Sredozemlja, u kojoj su se koristile isključivo galije s veslima, 1571. godine porazila osmansku flotu pokraj koje luke na ulazu u Korintski zaljev?;LEPANT/NAFPAKTOS;NA
1706;Iako mnogi vjeruju da im je scensko ime u vezi s bivšom zvijezdom NBA-a, CeeLo Green i Danger Mouse to su demantirali. Pod kojim imenom nastupa dvojac navedenih glazbenika u čijoj su diskografiji zasad dva studijska albuma - St. Elsewhere (2006.) i The Odd Couple (2008.)?;GNARLS BARKLEY;NA
1707;Kako se filmskim"imenom zove granica izmedu osvijetljenog i neosvijetljenog dijela Zemlje ili nekog nebeskog tijela?;TERMINATOR/SUMRAČNICA;NA
1708;U kojem se sportu koriste tehnike udaraca ap chagi, yeop chagi, naeryo chagi, dollyo chagi i huryo chagi?;TAEKWONDO;NA
1709;Dok se pet nagrada dodjeljuje u Stockholmu, za koju jedinu Nobelovu nagradu laureati moraju otići u Oslo?;Za MIR;NA
1710;Kako se zove naslovni protagonist - njujorški policajac koji nakon ubojstva obitelji kreće u osvetnički pohod - neonoirovskog serijala računalnih igara, kojega je u istoimenoj filmskoj adaptaciji iz 2008. godine utjelovio Mark Wahlberg?;MAX PAYNE;NA
1711;Koji je grad u imenu špiljske spužvice, jedine podzemne slarkovodne spužve na svijetu, ugrožene vrste pronađene u svega jest podzemnih sustava na području između Gorske i Panonske Hrvatske?;OGULIN;NA
1712;Iz koje je države autor romana Schindlerova arka, po čijem je predlošku jedanaest godina kasnije snimljen uspješni i nagradi vani film Schindlerova lista?;AUSTRALIJA (Thomas Keneally);NA
1713;Smješten uz samu granicu sa Slovenijom, u kojoj ga zovu Trdinov vrh, kako se zove najviši vrh Žumberačke gore, ali i cijele sjeverozapadne Hrvatske, sporna točka hrvatsko-slovenskih odnosa, zbog slovenskog TV odašiljača te vojnog kompleksa na hrvatskoj strani?;SVETA GERA;NA
1714;Kojim se instrumentom primarno služio jazz-majstor i veoma produktivan skladatelj Thelonious Monk, postumno nagraden Grammyjem 1993. te Pulitzerom 2006. godine za cjelokupno umjetničko stvaralaštvo?;KLAVIR;NA
1715;Kojim pojmom opisujemo hipotetički konstrukt koji označa va sveopći, naslijeđeni okvir cjelokupnog iskustva. To je prvotni mitski, obredni ili simbolički obrazac, a kod Junga primordijal na slika prisutna u kolektivnoj svijesti?;ARHETIP;NA
1716;Poznat po godišnjem jazz-festivalu, ali i trodnevnom koncertu iz 1967. godine, koji je kalifornijski grad mjesto radnje Steinbeckovih romana Tortilla Flat i Cannery Row?;MONTEREY;NA
1717;Godine 2006. sonda New Horizons odaslana je sa Zemlje uz raketno ubrzanje do gotovo 60 tisuća km/h, što je čini najbržim tijelom koje je poletjelo sa Zemlje, a poslana je u istraživanje kojeg svemirskog objekta?;PLUTON;NA
1718;Na Zimskim olimpijskim igrama 1956. godine u kojem je sportu održano natjecanje na jezeru Misurina kao jedino nadmetanje izvan Cortine d'Ampezzo?;BRZO KLIZANJE;NA
1719;Kravat pukovnija počasna je satnija koja svake godine izvodi program smjene straže i ophodnje u užem središtu Zagreba, a odjevena je u odore kakve su hrvatski vojnici nosili u kojem ratu?;TRIDESETOGODIŠNJI rat;NA
1720;Adermatoglifija je genski poremećaj kod ljudi koji su rođeni bez - čega?;OTISCI PRSTIJU;NA
1721;Uokviren crveno, u gornjem lijevom kutu zastave nalazi se križ kralja Dure (Georgea) koji je kao orden dodijeljen za izuzetnu hrabrost tijekom Drugoga svjetskog rata. Takva zastava usvojena je u rujnu 1964. godine pri stjecanju neovisnosti koje države i po tome što na svojoj zastavi ima orden druge države, jedinstvena je u svijetu?;MALTA;NA
1722;Koji je slavni gotički slikar i preteča talijanske renesanse, čije je ime važno i zbog jedne europske svemirske misije, početkom 14. stoljeća dovršio sliku Poklonstvo mudraca kao dio ciklusa freski u padovanskoj kapeli Scrovegni, na kojoj je - smatra se - u obliku zvijezde naslikan Halleyjev komet?;GIOTTO di Bondone;NA
1723;Koji su heavy metal-bend - čije bi se ime s portugalskog moglo prevesti kao grobnica"- 1984. osnovala braća Igor i Max Cavalera, kao groove/thrash metal-bend, ali su kasnije stvarali čak pod utjecajem punka, što je uključivalo Ramonese, Sex Pistols i Black Flag? U dvijetisućitima rade zanimljive konceptualne albume-2006. godine Dante XXI koji je temeljen na Danteovoj Božanstvenoj komediji i 2009. A-Lex, koji je inspiraciju pronašao u romanu Paklena naranča.;SEPULTURA;NA
1724;Fujitina ili F-ljestvica, nazvana po japanskom meteorologu, služi za stupnjevanje koje meteorološke pojave prema učinjenoj šteti? Ima pet stupnjeva, pri čemu je FO mala, a F5 katastrofalna šteta.;TORNADO;NA
1725;Balzacova Ljudska komedija podijeljena je u tri skupine studija, medu kojim je prva Analitičke studije, a bavi se osnovnim načelima koja upravljaju ljudskom egzistencijom. Od planiranih pet,, dovršena je samo jedna 1829. godine, a naslovljena je Fiziologija-čega?;BRAK;NA
1726;Nadimkom istovjetnim poznatom koktelu, kako su, zbog obraču nas njima, protestantski protivnici prozvali kćer Henrika VIII.- englesku kraljicu od 1553. do smrti 1558. godine?;BLOODY MARY/KRVAVA MARIJA;NA
1727;Pronašavši inspiraciju u djelima velikog nizozemskog slikara Pieta Mondriana, koji je modni dizajner kreirao tzv. Mondrian-haljinu koristeći tri osnovne boje koje je kombinirao s bije lim prazninama i crnim crtama?;Yves Saint-LAURENT;NA
1728;Najpoznatija po igrama FarmVille i Poker, kako se zove tvrtka za proizvodnju online društvenih igara, osnovana 2007. godine i nazvana po imenu psa njezina suosnivača Marka Pincusa, zbog čega se u logu nalazi obris američkog buldoga?;ZYNGA;NA
1729;Prema grčkoj riječi za „badem, kako se zove glikozid u košticama mnogih plodova, osobito marelica i gorkih badema, koji hidrolizom daje otrovnu cijanovodičnu kiselinu?;AMIGDALIN;NA
1730;S prijevodom Augusta Šenoe i dirigentskom palicom Ivana pl. Zajca, koja je Verdijeva opera 1871. godine izvedena u Narodnom zemaljskom kazalištu na Markovu trgu kao prva inozemna opera u Zagrebu na hrvatskom jeziku?;TRUBADUR/II TROVATORE;NA
1731;Kategorija slobodni stil pojedinačno za plivače na Olimpijskim igrama u Parizu 1900. bila je zastupljena trima disciplinama, medutim samo je jedna još uvijek u službenom rasporedu olimpijskih igara. Koliko metara iznosi dužina te discipline?;200 metara (ostale su 1000 i 4000 m);NA
1732;Uz to što je poznat kao suosnivač odjevnih tvrtki The North Face i Esprit, Douglas Tompkins posljednjih je tridesetak godi na života proveo kao čuvar prirode i bioraznolikosti te obnovi telj autohtonih divljih vrsta kupivši sa suprugom gotovo milijun hektara divlje površine i pretvorivši ih u dio nacionalnih parkova na jugu kojega kontinenta?;JUŽNA AMERIKA;NA
1733;Koji se neindoeuropski jezik uralske skupine dijeli na južne i sjeverne dijalekte, od kojih su najznačajniji vóro, seto, mulgi, keskmurre i saartemurre?;ESTONSKI;NA
1734;Iako je neki smatraju dijelom numizmatike, od sedamdesetih 20. stoljeća razvila se u zasebnu granu proučavanja. Kako se, latinskoj riječi za „bilješku“ ili „oznaku"i grčkoj za „ljubav", naziva disciplina koja se bavi proučavanjem i skupljanjem papirnatog novca? prema;NOTAFILIJA;NA
1735;Kako se u nordijskoj mitologiji zove bog plodnosti, sin boga mora i ribarenja Njorda?;FREY;NA
1736;Istog imena i prezimena, kako se zove talijanski liječnik iz 16. i 17. stoljeća, koji je prvi u medicini počeo provoditi kvantitativne fiziološke eksperimente sustavno mjereći različite promjene organizma, a smatra se izumiteljem termometra te autorom posebnih vrsta higrometra i anemometra? Krajem 16. stoljeća boravio je u Hrvatskom primorju u službi grofa Zrinskoga.;Santorio SANTORIO;NA
1737;Operne pjevačice Cecilia Bartoli, Elina Garanča, Joyce DiDonato, Vesselina Kasarova i Katherine Jenkins u svojim izvedbama pjevaju uloge namijenjene ponajprije kojem pjevačkom glasu?;MEZZOSOPRAN;NA
1738;Dijeleći ime s jednom od žena boga Šive, kako se u hinduizmu naziva ritualno spaljivanje udovica na istoj lomači na kojoj gori tijelo preminulog supruga? Unatoč tome što se indijske vlasti i zakonski bore protiv te prakse, ona se i danas provodi u nekim područjima.;SATI/SUTTEE;NA
1739;Prema ruskom za „laticu", kako se zove maska od tkanine namijenjena filtriranju radioaktivnog aerosola iz atmosfere?;LEPESTOK;NA
1740;Koji je novinar, romanopisac i prevoditelj pod pseudonimom Timothy Tatcher objavio više humorističkih i kriminalističkih romana, među kojima je najuspješniji Mrtvacima ulaz zabranjen? Vjerojatno je još poznatiji kao urednik i prevoditelj Alana Forda za jugoslavensko tržište.;Nenad BRIXY;NA
1741;Kako zovemo biljke slanih staništa, koje žive na tlima u kojima je prisutna veća količina soli?;HALOFITI;NA
1742;Pjesmu/Believe I Can Fly, soundtrack filma Space Jam iz 1996. godine, njezin je izvođač dvije godine poslije uvrstio u svoj tre či soloalbum kojega jednoslovnog imena? Na albumu su se, medu ostalima, našle i pjesme Gotham City, Home Alone, Half on a Baby i I'm Your Angel.;R. (R. Kelly);NA
1743;Za koju je kalifornijsku plemenitu sortu vinove loze crap. ga grožda, koju u nekim dijelovima Dalmacije zovu crljenak kaštelanski i tribidrag, još 1970. godine vinar Miljenko Grgić (Mike Grgich) ustvrdio postojanje morfološke sličnosti i vjero jatne rodbinske veze s plavcem malim?;ZINFANDEL;NA
1744;U kojoj se državi nalazi vulkanski otok Samosir, smješten u jezeru Toba i s površinom oko 630 km2 najveći otok na svijetu smješten unutar nekog otoka?;INDONEZIJA;NA
1745;Kojom se devetoslovnom riječju latinskog podrijetla nazivaju vanjski simboli vlasti ili službe, kao što su npr. kraljevska kruna ili žezlo?;INSIGNIJE;NA
1746;Poznat i kao „firentinski sindrom", kako se zove poremećaj nazvan po francuskom piscu koji je prvi opis tog fenomena dao tije kom svoje turneje po Italiji 1817. opisane u knjizi Napulj i Firenca: put od Milana do Reggia, kada je zapisao da je neobičan emotivni stadij doživio nakon susreta sa senzacionalnim djeli ma umjetnosti, što je uključivalo udaranje srca i osjećaj da ga život napušta zbog prevelike ljepote"?;STENDHALOV sindrom;NA
1747;O omiljenoj zagrebačkoj glumici i članici HNK-a preminuloj 1913. u četrdesetoj godini, u kazalištu Komedija 1991. godine Nino Škrabe i Arsen Dedić postavili su mjuzikl Lady - koje prezime nedostaje?;SRAM (Ljerka);NA
1748;Album Whatever People Say I Am, That's What I'm Not kojeg je benda, osnovana u Sheffieldu 2002., prvotjednom prodajom više od 360 tisuća primjeraka u siječnju 2006. godine postao do tada najbrže prodan debitantski album u povijesti britanske glazbe?;ARCTIC MONKEYS;NA
1749;Koja je boja u nadimku pod kojim je nastupao meksički hrvači glumac Alejandro Muñoz Moreno,,,demon"s četrdeset godina dugom karijerom, smatran jednom od najvećih legendi lucha li-bre?;PLAVA (Plavi Demon");NA
1750;Koji se starovjekovni grad našao u imenu radijske emisije - konceptu Zdenka Zmazeka i Voje Šiljka - prve zabavne radijske emisije u stereotehnici, emitirane od 1969. do 1974. godine na 2. programu Hrvatskog radija?;BABILON („Taxi za Babilon");NA
1751;Smatran i prvim pastirskim romanom, kako se zove roman renesansnog pisca Jacopa Sannazara, pisan kombinacijom stiha i proze, u kojem je ocrtan sretan i idiličan pastirski život u nevinoj prirodi, netaknutoj civilizacijom i urbanim životom?;ARKADIJA;NA
1752;Nakon Kanade i SAD-a, druga najduža granica na svijetu, sa 6846 km ukupne dužine, nalazi se između Rusije i koje države?;KAZAHSTAN;NA
1753;lako se negdje spravlja od magarećeg mlijeka, kumis, tradicionalno piće središnje Azije, originalno se dobiva fermentacijom mlijeka koje životinje, uz prisutnost bakterija? Slično je kefiru, ali s razlikom što to mliječno vino"sadrži do 2,5 posto alkohola.;KOBILA;NA
1754;Prijedlog nomenklature čega je 1971. godine objavio hrvatski šahist Braslav Rabar razvrstavši ih u tri skupine označene slovima D, E i R?;ŠAHOVSKO OTVARANJE;NA
1755;U kojem je južnoameričkom glavnom gradu u prosincu 1933. godine potpisana međunarodna konvencija o definiranju, pravima i dužnostima države kao subjekta medunarodnog prava?;MONTEVIDEO;NA
1756;Koji je bend 1980. godine izdao debitantski album Dogcajt - jednu od temeljnih ploča jugoslavenskog punka - na kojem se nalaze pjesme Totalna revolucija, Pazi, fant, ura zvoni, Otroci i Računite z nami?;PANKRTI;NA
1757;Umjesto živinih, zadnjih su godina u upotrebi termometri od netoksične tekućine galinstana, koji su točniji od živinih i sigurniji za uporabu jer ne predstavljaju opasnost za okoliš. Samo joj ime, naime, kaže da je legura sastavljena od galija, indija i kojeg još kemijskog elementa, zastupljenog do 16 posto u samoj leguri?;KOSITAR (stannum);NA
1758;Pripadnica zlatne generacije austrijskih spustašica, kako se zove skijašica nadimka „Speed Queen", osvajačica jednog velikog i deset malih Kristalnih globusa te jedanaest medalja sa zimskih olimpijskih igara i svjetskih prvenstava? Iz natjecateljskog skija nja povukla se 2009. godine.;Renate GÖTSCHL;NA
1759;Koju je englesku stopljenicu 1969. skovao arhitekt Paolo Soleri kako bi objasnio djelovanje arhitektonskih rješenja u naseljenim područjima, uz minimalan utjecaj na ekologiju prostora, odnosno urbanističko planiranje uz smanjenje ljudskog djelovanja na okoliš i prirodne resurse? Prototip je toga koncepta eksperimentalni grad Arcosanti u Arizoni, izgrađen sedamdesetih.;ARCOLOGY;NA
1760;The Upside Down naziv je alternativne dimenzije paralelne s ljudskim svijetom, prisutne u kojoj SF seriji braće Duffer, koja se 2016. godine počela prikazivati na Netflixu?;STRANGER THINGS;NA
1761;Nazvana po velikom hrvatskom prevoditelju, kako se od 2005. godine zove nagrada koju dodjeljuje Ministarstvo kulture RH za „najbolja ostvarenja u području prevođenja književnih djela"?;ISO VELIKANOVIĆ;NA
1762;Želeći „spasiti čovječanstvo od praznovjerja", u kojem je azij skom glavnom gradu bolivijski nadrealistički slikar Benjamin Mendoza izvršio neuspješan atentat na papu Pavla VI. tijekom njegova službenog posjeta 1970. godine?;MANILA;NA
1763;Smješten uz južnu obalu ruskog Primorskog kraja - od ušća rijeke Tumen na zapadu do rta Povorotni na istoku - kako se zove najveći zaljev u Japanskome moru?;Zaljev PETRA VELIKOG;NA
1764;Pod kojim su imenom poznate djevojke iz sela Gorjani koje u proljeće, na blagdan Duhova, odjevene kao kraljevi i kraljice obilaze selo i izvode ritual sastavljen od osobitih pjesama i plesa sa sabljama?;LJELJE;NA
1765;Bio je pjevač kratkotrajnog pop-dua Seona Dancing, satirični The 11 O'Clock Show poslužio mu je kao odskočna daska, dok ga većina najviše pamti kao glumca i sukreatora serije The Of fice. Koji je britanski komičar i „podcaster"uz navedeni angažman stigao napisati i serijal knjiga Flanimals?;Ricky GERVAIS;NA
1766;Na kojem se europskom otoku od 1907. godine vozi motoristič ka utrka Tourist Trophy, poznata i jednostavno po imenu otoka, a smatra se najopasnijom i najrizičnijom utrkom na svijetu?;MAN (utrka „Isle of Man");NA
1767;Osnovana pod okriljem UNESCO-a 1949. godine, nevladina organizacija IPSA okuplja zajednicu stručnjaka u razvoju koje znanosti, gradeći akademske veze izmedu svih dijelova svijeta?;POLITOLOGIJA;NA
1768;Simfonijska bajka Peća i vuk iz 1936. godine djelo je kojega skladatelja, koji je tim sjajnim glazbenim repertoarom nastojao uputiti najmlade slušatelje kako slušati orkestralnu glazbu i shvatiti njezin sadržaj?;Sergej PROKOFJEV;NA
1769;Imenovan po tanzanijskom znanstveniku, kako se zove efekt (stanje) kada se ista količina početno toplije vode smrzne brže od iste količine početno hladnije vode?;Efekt MPEMBA;NA
1770;Nagraden Zlatnom palmom 1997. godine, kako se zove film Abbasa Kiarostamija o čovjeku koji vozi kroz predgrade Teherana tražeći nekoga tko će ga pokopati nakon što počini samoubojstvo?;OKUS TREŠNJE;NA
1771;Kako se zvao grčki vojnik iz Trojanskog rata poznat po svojem snažnom, „brončanom glasu"koji je, prema Homeru, mogao vikati za pedesetoricu i pred čijim su glasom suparničke vojske bježale u strahu?;STENTOR;NA
1772;Kojim je pismom napisana Povaljska listina, jedan od najstarijih dokumenata na hrvatskom jeziku, koji je u 13. stoljeću po nalogu hvarskog biskupa Nikole napisao kanonik i notar Ivan?;Hrvatska (zapadna) CIRILICA/BOSANČICA;NA
1773;Imenovan zbog sličnosti s jednom od tehnika emajliranja, kako se zove umjetnički stil svojstven postimpresionističkom slikarstvu, u kojem plošnu boju okružuju istaknuti crni obrisi?;KLOAZONIZAM;NA
1774;Premda je pri usponu na Nanga Parbat ostao bez šest nožnih prstiju, koji je alpinist iz južnog Tirola bio prvi osvajač Mount Everesta (1978.) bez boca s kisikom, što se do tada smatralo nemogućim, te prvi alpinist koji je osvojio svih 14 osamtisućnjaka"?;Reinhold MESSNER;NA
1775;Tupiq je tradicionalna inuitska nastamba za toplija razdoblja, šator koji se izrađuje od kože soba ili najčešće od osušene kože kojeg perajara?;BRKATI TULJAN;NA
1776;Roden u istoj godini kao Händel i Bach, koji je talijanski barokni skladatelj autor 555 sonata nazvanih Vježbe za čembalo?;Domenico SCARLATTI;NA
1777;Eddie Eagan jedini je sportaš u povijesti koji se okitio zla nim medaljama na ljetnim i na zimskim olimpijskim igrama. Uspjeh je postigao u Lake Placidu 1932. nastupajući z u bobu četverosjedu, dok je prije toga zlato na l za SAD ljetnim igrama osvojio u Antwerpenu 1920. u kojem individualnom sportupobijedivši u finalu Sverrea Sørsdala?;BOKS;NA
1778;Termin skovan za opis ruske financijske krize (1998.), a nazvan po američkom postkejnzijanskom ekonomistu bjeloruskog podrijetla, kako se zove iznenadni, veliki kolaps vrijednosti imovine što označava kraj faze rasta ciklusa poslovne aktivnosti?;Trenutak MINSKY/MINSKYJEV trenutak;NA
1779;Poznato i kao „ningyó jöruri", kojom se sedmoslovnom riječju naziva tradicionalno japansko kazalište lutaka, u čijim predstavama sudjeluju tri vrste izvođača: ningyotsukai, tayi te sha misen-glazbenici?;BUNRAKU;NA
1780;Zbog pjesme Blurred Lines Robin Thicke i Pharell Williams mo rali su 2015. godine isplatiti gotovo 5 milijuna dolara odštete obitelji kojeg pokojnog pjevača i princa soula, nakon odluke suda kako je riječ o plagijatu njegove pjesme Got to Give It Up iz 1977:;Marvin GAYE;NA
1781;Koji se mitološki lik, kći kralja Alkinoja, našao u naslovu mange slavnog redatelja i mangake Hayaoa Miyazakija, postapokaliptičnom serijalu (1984.-1992.) o princezi koja biva uvučena u rat iz medu dvaju kraljevstava dok Zemlji prijeti ekološka katastrofa?;NAUSIKAJA (Nausikaja iz Doline vjetra);NA
1782;Za razliku od endoreičkih i areičkih, kako se zovu područja s kojih sve tekućice površinski otječu prema jezeru, moru ili oceanu, a čine oko 75 posto površine Zemlje? pravo-;EGZOREIČKA;NA
1783;Nazvana po njemačkom matematičaru iz 19. stoljeća Augustu Ferdinandu, kako se zove traka (vrpca) koja nastaje od p kutne trake tako što se jedna stranica zarotira za 180 stupnjeva i zalijepi sa suprotnom stranicom, a predstavlja primjer neorijentabilne površine?;MOBIUSOVA traka;NA
1784;Nastao kao reakcija na elitizam i komercijalizam u umjetnosti šezdesetih godina 20. stoljeća, kako se zvao smjer u talijanskoj umjetnosti koji je obuhvaćao instalacije i ambijentalne radove od prirodnih i industrijskih materijala?;ARTE POVERA/SIROMAŠNA UMJETNOST;NA
1785;Kako se zvao osmanski putopisac iz 17. stoljeća koji je svoja najznačajnija putovanja opisao u djelu Putopis u 10 knjiga, gdje opisuje vlastite doživljaje i daje jedinstvena svjedočanstva za kulturnu povijest? Prigodom 400. obljetnice njegova rođenja UNESCO je 2011. proglasio njegovom godinom.;Evlija ČELEBI (Evliya ÇELEBI);NA
1786;Nazvan i tamošnjim trostrukim klarinetom, launeddas je puhački instrument s trima cijevima od trske, koji se tradicionalno vezuje uz glazbu kojega europskog otoka?;SARDINIJA;NA
1787;Kad jezgra atoma klora zahvati elektronski neutrino, dolazi do nastanka radioaktivnog izotopa kojega plemenitog plina-nazvana prema grčkom za neaktivan"- čiji je atomski broj za jedan veći od klora?;ARGON;NA
1788;Tko je uz Mikea Hawthorna jedini vozač Formule 1 koji je postao svjetski prvak pobijedivši u samo jednoj utrci sezone? Naslov je osvojio 1982. godine vozeći za tim Williams.;Keijo Erik Keke" ROSBERG;NA
1789;U turopoljskom selu Šćitarjevu nalaze se ostaci kojega rimskog municipija, izgrađena u 1. stoljeću u obliku izduženih šesterokuta s vodovodom i kupalištem u gradu te riječnom lukom na Savi? Od 1994. godine na tom lokalitetu nalazi se istoimeni arheološki park.;ANDAUTONIJA;NA
1790;Kako su se prezivala braća John Harvey i Will Keith iz Michigana, koja su eksperimentiranjem s usitnjenim pšeničnim zrnjem slučajno otkrila proces proizvodnje žitnih pahuljica te 1906. godine osnovala Battle Creek Toasted Corn Flake Company, preteču današnje poznate tvrtke?;KELLOGG;NA
1791;Koji se grad nalazi u imenu kodeksa originalnog naslova Historia general de las cosas de la Nueva España, etnografske studije misionara Bernardina de Sahagúna iz 16. stoljeća o religiji, običajima i društvenim prilikama naroda Srednje Amerike?;FIRENCA;NA
1792;U kojoj se društvenoj igri, čiji naziv na svahiliju znači graditi", 54 jednake pravokutne pločice slažu u toranj i igrači nakon toga naizmjence izvlače po jednu pločicu pazeći da se toranj ne uruši?;JENGA;NA
1793;Kako se zove infinitivni glagolski oblik u latinskom jeziku koji u kosim padežima zamjenjuje infinitiv, a na hrvatski se prevodi glagolskom imenicom? Engleski jezik također poznaje taj oblik koji se najčešće koristi kao imenica i tvori se dodava njem nastavka -ing na infinitivni oblik.;GERUND;NA
1794;Prema babilonskom cpu Enuma Elišu, kako se zvala božica borbe pobijedio Marduk i od njezina tijela stvorio zemlju i nepraoceana i čudovišno utjelovljenje kaosa, koju je nakon teške beski svod?;TIAMAT;NA
1795;Često lišen i najosnovnije glazbene strukture, kako nazivamo glazbeni žanr koji bi trebalo slušati i doživljavati kao različi te uzorke zvukovnih kolaža, od kojih svaki ima svoju zasebnu teksturu"? Jedan od najpoznatijih svjetskih izvođača te glazbe japanski je umjetnik Masami Akita, poznat kao „Merzbow".;NOISE music/BUČNA glazba;NA
1796;Nazivan i „francuskim Scorseseom", koji je redatelj i scenarist za zatvorsku dramu Prorok (2009.) u Cannesu nagraden Velikom nagradom žirija te na istom festivalu Zlatnom palmom za film Dheepan (2015.) o tamilskom imigrantu u svijetu francuskog kriminala?;Jacques AUDIARD;NA
1797;Kojim se latinskim izrazom od dviju riječi u kaznenom pravu označava situacija kada je netko uhvaćen na djelu, kada zatekne u samome činu?;IN FLAGRANTI;NA
1798;Poznat po eksperimentu koji je nazvan po njemu, a odnosi se na povezanost električnih signala u mozgu i sadržaja svijesti, kako se zove jedan od vodećih znanstvenika na polju ljudske svijesti i prvi dobitnik Virtualne Nobelove nagrade za psihologiju (2003.)?;Benjamin LIBET;NA
1799;U medicinskom smislu grčenje ili uvijanje, kako se, prema latinskom za „zamršen"ili zapleten", zove vještina prisilnog izvijanja mišića i udova, ekstremna fizička fleksibilnost karakteristična za akrobate, cirkuske umjetnike te druge performere u izvedbenim umjetnostima?;KONTORZIJA/KONTORCIJA/KONTORCIONIZAM;NA
1800;Kako se petoslovnim imenom zove instrumentalna skladba namijenjena svladavanju određenih tehničkih vještina sviranja, koja se razvila usporedno s procvatom virtuoziteta, poglavito na glasoviru i violini?;ETIDA;NA
1801;Obrativši se Pitiji u Delfima, Mnesarh i Partenis doznali su da će dobiti mudro i lijepo dijete, pa je budući otac promijenio ime ženi u Pitais („Pitijka"), a dijete nazvao-kako, u prijevodu onaj kojega je navijestila Pitija"? Traži se ime starogrčkog matematičara i filozofa.;PITAGORA;NA
1802;Premda ih je on odlučno odbacio, za koji je film Steven Spielberg često bio izložen optužbama kako ga je plagirao iz scenarija za neproducirani film The Alien indijskog redatelja i scenarista Satyajita Raya?;E.T. the Extra-Terrestrial;NA
1803;Samozatajna domaćica Mies Giep u jeku Drugoga svjetskog rata riskirala je vlastitu sigurnost da spasi članove dviju židovskih obitelji u Nizozemskoj, a svijet ju je zapamtio ponajviše kao osobu koja je spasila čiji dnevnik i nakon rata ga predala njezinu ocu Ottu?;Anne FRANK;NA
1804;Smješteno u južnom dijelu otoka Luzona, Laguna de Bay površinom je najveće jezero koje države?;FILIPINI;NA
1805;Tko je još kao dvanaestogodišnjak stvorio ZuckNet, platformu za čavrljanje koja je umrežila stomatološku ordinaciju njegova oca s obiteljskim računalom?;Mark ZUCKERBERG;NA
1806;Izuzev četiriju Igara (1908. 1924.), lica (dvaput i naličja) medalja s Ljetnih olimpijskih igara od početka krasi lik koje božice iz grčke mitologije?;NIKA;NA
1807;Uz to što pokazuje položaj kemijskog elementa u periodnom sustavu, atomski broj (Z) ujedno označava i broj kojih subatomskih čestica u atomskoj jezgri?;PROTONI;NA
1808;Godišnjom inicijativom „Global Greening", koja se organizira 17. ožujka, diljem svijeta obilježava se nacionalni praznik koje države?;IRSKA (sv. Patrik);NA
1809;Kako se zovu brzorotirajuće neutronske zvijezde snažnoga ma gnetskog polja?;PULSARI;NA
1810;Prevedeno kao „baza", ime koje je zloglasne organizacije r lo osamdesetih 20. stoljeća od naziva za kampove gdje su u afganistanskim planinama obučavani mudžahedini?;AL QAIDA;NA
1811;U avanturističkoj komediji Terryja Gilliama iz 2018. godine, redatelj Toby snima reklamu u ruralnoj Spanjolskoj i nade se zarobljen u divljim iluzijama starog postolara Javiera, uvjerenog da je koji literarni junak?;DON QUIJOTE;NA
1812;Objavljen 1977. godine, Never Mind the Bollocks, Here's the jedini je studijski album kojega britanskog benda, koji je unatoč popularnosti i utjecaju originalno postojao tek 26 mjeseci?;SEX PISTOLS;NA
1813;Od sanskrtskog za sreću", kako se zove križ s četiri jednaka kraka, od kojih svaki završava produžetkom pod pravim kutom, a javlja se u najrazličitijim kulturama već od neolitika kao ornamentalni motiv s određenim simboličnim značenjem?;SVASTIKA;NA
1814;U koliko sati iza podneva polazi vlak za zatvor smješten u Arizoni, u kultnoj vestern-drami iz 1957., vjerojatno najpopularnijem ostvarenju nagrađivana scenarista i redatelja Delmera Davesa?;3:10;NA
1815;Rođen kao Nguyên Sinh Cung, koji je kasniji politički voda kao sous-chef radio u pariškom hotelu Ritz početkom dvadesetih prošlog stoljeća?;HO ŠI MIN;NA
1816;Smješten u gorju Wilhelmina, Julianatop je s 1280 metara visine do 1975, bio službeno najviši vrh Nizozemske. U kojoj je državi danas Julianatop najviši planinski vrh?;SURINAM;NA
1817;Kako se zove TV serija lutkara Jima Hensona, originalno prikazivana u pet sezona (1976. - 1981.), sa žapcem Kermitom kao glavnom zvijezdom i domaćinom showa?;The MUPPET Show;NA
1818;Pobijedivši u finalu 1997. godine Janu Novotnu, koja je tenisačica sa 16 godina i devet mjeseci nakon Charlotte Dod postala najmlada osoba koja je osvojila pojedinačnu titulu u Wimbledonu?;Martina HINGIS;NA
1819;Ciklus od petnaest soneta organiziranih tako da od drugoga do četrnaestoga soneta svaki na početku ponavlja završni stih zove se sonetni - što? Inače, u toj formi završni prethodnoga, ili majstorski sonet"(magistrale) sastoji se od početnih stihova svih četrnaest soneta.;VIJENAC;NA
1820;Priču o koja su dva lika iz Knjige Postanka u svojim naslovnim pjesmama ispričali Paul Anka 1960., a Bob Seger 2014. godine?;ADAMI EVA;NA
1821;Nekoć u staroj Grčkoj obilan prvi obrok u danu - ariston-zamijenjen je u 5. st. pr. Kr. akratismom, jednostavnim komadom pšenične pogače umočene u koje piće, čime se organizmu omogućavala toplina i snaga u prohladnim jutarnjim satima te razbuđivanje i probava teške večere?;VINO;NA
1822;Koji je astronom u svom glavnom djelu O gibanjima nebeskih tijela (De revolutionibus orbium coelestium) iz 1543. godine izložio teoriju o heliocentričnom modelu svemira, što je bila prekretnica u astronomiji i poticaj otkrićima Keplera i Newtona?;Nikola KOPERNIK;NA
1823;Zamijenivši Lisabon izmedu 1808. i 1821. godine, koji je grad bio prijestolnica Portugala, čineći ga tako jedinom europskom državom kojom se de facto upravljalo iz kolonije?;RIO de Janeiro;NA
1824;Koje je životinje iz Irske, prema legendi, sveti Patrik protjerao tako da ih ni dandanas nema na tom otoku?;ZMIJE;NA
1825;U postavi baletne skupine mariborskog kazališta, Radio and Juliet baletno je uprizorenje Shakespearove drame, premijerno izvedeno 2005. godine uz glazbu kojega britanskog benda?;RADIOHEAD;NA
1826;Sudeći po pilot-epizodi TV serije iz 2007. godine, kojom su žargonskom frazom sebe nazivali marketinški stručnjaci koji su pedesetih 20. stoljeća radili na Aveniji Madison?;MAD MEN;NA
1827;Prozvan i „britanskom kulturnom baštinom", koji je autor prirodoslovnih dokumentaraca jedan od najvažnijih svjetskih zagovaratelja borbe protiv pada broja vrsta na planetu te predvodnik u naporima za očuvanje prirode?;David ATTENBOROUGH;NA
1828;Niz bešćutne rijeke kada se zaputih/vidjeh da brodari ne vuku me više/Indijanci drečeć gadali ih ljuti/i na šarene kolce pribiše ih - početni su stihovi koje poznate pjesme Arthura Rimbauda?;PIJANI BROD;NA
1829;Iako je katolički preobraćenik Robert Catesby bio,,mozak"p kušaja atentata u engleskom parlamentu, lutke s čijim se likom tradicionalno pale 5. studenoga, u znak obilježavanja neuspješ ne Barutne zavjere iz 1605. godine? po-;Guy FAWKES;NA
1830;Po kojoj nordijskoj mitološkoj dvorani ime nosi najveći krater i tzv. udarni bazen sa sustavom koncentričnih prstenova na Jupiterovu satelitu Kalisto, promjera većeg od 3000 km?;VALHALLA;NA
1831;Koja je tvrtka 1983. godine proizvela 8-bitnu igraću konzolu za japansko tržište pod nazivom Famicom (Family Computer)?;NINTENDO;NA
1832;Na centralnom groblju kojega se grada u kasno proljeće 1987. pojavio natpis – „Ne znaju što su propustili"- prikazavši potpunu ekstazu nakon što je njihov omiljeni klub osvojio naslov državnog prvaka s relativno prosječnom momčadi, ali predvodenom Diegom Maradonom?;NAPULJ;NA
1833;Koja je tada već etablirana - zvijezda akcijskih filmova početkom devedesetih 20. stoljeća utemeljila hibridnu borilačku vještinu chun kuk do?;Chuck NORRIS;NA
1834;Molekularni biolog Joshua Lederberg dobio je 1958. godine Nobelovu nagradu za medicinu ili fiziologiju za istraživanje genetike kojih mikroorganizama, pokazavši da je njihov genski sustav sličan onomu u višestaničnih organizama?;BAKTERIJE;NA
1835;Imena najvjerojatnije podrijetlom od mandarinske riječi u značenju „vrabac“, kako se zove popularna strateška igra sa setom od 144 pločice za tri ili četiri igrača?;MAHJONG;NA
1836;Službenog naziva Naval Support Facility Thurmont, pod kojim je imenom poznatije odmaralište američkog predsjednika, smješteno u Catoctin Mountain Parku u Marylandu? Predsjednik Roosevelt nazvao ga je Shangri-La, a kasnije mu je, u čast svom ocu i unuku, ime promijenio Dwight Eisenhower.;CAMP DAVID;NA
1837;Dobitnik nagrada Hugo i Nebula, koji je pisac za svoje kapitalno djelo bio nadahnut istraživačkim izletom u Oregon 1959. godine, kada su tamošnji stanovnici bili uznemireni zbog državnih nastojanja da se lokalne dine prekriju travom kako bi se spriječilo njihovo daljnje pomicanje?;Frank HERBERT;NA
1838;Nakon što je otkrio da u glumačkoj branši već postoji neki David White, jedan od protagonista koje je kultne humoristične serije autora Johna Sullivana umjetničko prezime Jason, po vlastitim riječima, odabrao zbog ljubavi prema starogrčkom epu Jazon i Argonauti?;MUĆKE/ONLY FOOLS AND HORSES;NA
1839;U kojem su se tadašnjem kraljevstvu 1811. godine rodili blizanci Chang i Eng Bunker, spojeni zajedničkim jetrima i dijelom prsne kosti?;SIJAM;NA
1840;Sa 730 km2 površine, Oljhon (Olkhon) treći je po veličini jezerski otok na svijetu te ujedno najveći otok smješten na kojem dubokom jezeru?;BAJKALSKO jezero;NA
1841;Uz pomoć tamošnje vojske britanski general Robert Clive u Bitki kod Plasseya 1757. godine pobijedio je vladara Siraja ud-Daulaha i njegovu savezničku francusku vojsku i za sva vremena zaustavio prodor Francuza u koju današnju državu?;INDIJA;NA
1842;Temeljena na drami Aleksandra Puškina, opera Boris Godunov djelo je kojeg ruskog skladatelja?;Modest Petrovič MUSORGSKI;NA
1843;Od 1986. godine časopis The Economist koristi cijenu kojeg prehrambenog proizvoda u različitim svjetskim gradovima kao više- -manje ozbiljnu osnovu za indeks usporedbe pariteta kupovne moći među valutama?;BIG MAC;NA
1844;Nazvane Palio di Provenzano i Palio dell'Assunta, ove poznate konjske utrke održavaju se dva puta godišnje (srpanj i kolovoz) oko Piazze del Campo, u povijesnom središtu kojega toskanskog grada?;SIENA;NA
1845;Ime koje grane medicine dolazi od grčkog za rad rukama"?;KIRURGIJA (heir + érgon);NA
1846;Kako glasi osobno ime prodavača osiguranja, čiju svakodnevicu i privid običnog života 24 sata dnevno prate milijuni gledatelja preko malih ekrana u filmu Petera Weira iz 1998. godine?;TRUMAN;NA
1847;Tri sukoba vođena od 1958. do 1976. godine, poznata kao Bakalarski ratovi, vodila su se između Ujedinjenog Kraljevstva i koje europske države radi prava na izlov ribe u sjevernom Atlantskom oceanu?;ISLAND;NA
1848;Kojem je privatnom detektivu u kariranom zelenom odijelu (originalnog prezimena Knatterton), u hrvatskoj verziji crtane serije glas posuđivao prvak drame HNK-a Siniša Popović?;Nick PRASKATON;NA
1849;Specijalitet iz kraja koji je nekad zauzimala Poljička republika, kako se zove tradicionalna tanka pita od tijesta, blitve i luka, premazana maslinovim uljem i protisnutim češnjakom?;SOPARNIK;NA
1850;Strabizam je stručni termin za koji poremećaj očiju, koji pogada oko 3 posto djece?;RAZROKOST/HETEROTROPIJA;NA
1851;Domišljata je Ali Marshall, vrtlarica opatije Torre u engleskom Torquayu, 2009. godine došla na ideju da jedan dio vrtova starog samostana posveti „biljkama ubojicama"koje su opisane i korištene u čijim romanima, stvorivši tako osebujan i atraktivan „otrovni vrt"?;Agatha CHRISTIE;NA
1852;Koje je boje bila zastava imaginarne konceptualne „države"Nutopije, koju su - kao zemlju u kojoj bi se živjelo prema idealima iz pjesme Imagine - početkom sedamdesetih godina 20. stoljeća predstavili Yoko Ono i John Lennon?;BIJELA;NA
1853;Na licu svake novčanice (od 50 do 1000 šilinga) koje se države nalazi tamošnji prvi predsjednik Jomo Kenyatta?;KENIJA;NA
1854;Višestruki osvajač Grammyja, pjevač, tekstopisac i producent Finneas glazbeno surađuje s mnogim izvođačima, uključujući i svoju mlađu sestru. Ona je koja pjevačka zvijezda?;Billie EILISH;NA
1855;Prirodni fenomen bijelih noći inspirirao je turističku zajednicu kojeg ruskog grada kako bi organizirala istoimeni godišnji festival koji okuplja najpoznatije baletane, operne pjevače i klasične glazbenike?;SANKT-PETERBURG;NA
1856;Koji je podanik medijskog kralja Astijaga, vojskovođa i zakonodavac, utemeljio Ahemenidsko Carstvo - poznato i kao prvo Perzijsko Carstvo - a nakon zauzimanja Babilona 539. pr. Kr."okitio"se titulom „kralja četiri kuta svijeta"?;KIR II./KIR VELIKI/KIR STARIJI;NA
1857;Iako je bio uspješan u hrvanju i dizanju utega, u kojem je sportu Momčilo Tapavica 1896. godine osvojio broncu polufinalnim porazom od Dionysiosa Kasdaglisa i tako postao prvi (etnički) Slaven s olimpijskom medaljom i prvi predstavnik Madarske (na Igrama su odvojeno nastupali oni i Austrijanci) s tim podvigom?;TENIS;NA
1858;Tko je u skupocjenoj haljini dizajnera Jeana Louisa u svibnju 1962. godine, uz pratnju jazz-pijanista Hanka Jonesa, Johnu F. Kennedyju otpjevao Happy Birthday, Mr. President?;Marilyn MONROE;NA
1859;Ako vrijednost funkcije cos 90° iznosi 0, kolika je, po standardnoj formuli izračuna, vrijednost funkcije sin 90°?;1;NA
1860;Château de Chambord, jedan od najpoznatijih dvoraca francuske renesansne arhitekture, najveći je među više od tristo dvoraca u dolini koje rijeke?;LOIRE;NA
1861;Među najpoznatijim djelima kojeg su američkog skladatelja i pijanista orkestralne kompozicije Amerikanac u Parizu i Rapsodija u plavom te jednočinska jazz-opera Plavi ponedjeljak (Blue Monday)? to-;George GERSHWIN;NA
1862;Kako glasi naziv za tiskarska slova veličine 12 tipografskih t čaka (4,513 mm), koja su ime dobila prema rimskom govorniku i političaru, nakon što je Guttenbergov suradnik Peter Schöffer 1466. godine tiskao njegova poznata Pisma?;CICERO;NA
1863;Kako se naziva hadron cjelobrojnog spina u osnovi građen od kvarka i antikvarka?;MEZON;NA
1864;Zastava koje suverene države jedina na svijetu ima različit izgled lica i naličja? Na grbu s prednje strane naziv je države, a na stražnjoj strani uz žutoga lava natpis Paz y Justicia.;PARAGVAJ;NA
1865;Koja je povijesna ličnost prva dobila povlasticu da trajno nosi pobjednički vijenac (corona triumphalis) koji je rimski Senat dodjeljivao vojskovodama, a kasnije svim rimskim carevima?;Julije CEZAR;NA
1866;U funkciji od 1993. do 2009. godine, kako se zvala Microsoftouz naplatu dostupva digitalna multimedijska enciklopedija, na na CD-u, DVD-u i online?;ENCARTA;NA
1867;Smatran jednim od najvećih spomenika"koji je glazba posvetila holokaustu, iz kojega je europskoga glavnog grada preživjeli u naslovu kratke, ali moćne kantate Arnolda Schönberga o brutalnosti i identitetu u Drugom svjetskom ratu?;VARŠAVA;NA
1868;Objavljen 1967. godine u obliku albuma, Ružna Lulu (La Vilaine Lulu) strip je kojega modnog dizajnera?;Yves Saint LAURENT;NA
1869;Imena izvedena od izraza „,dik dagh"iz lokalnih jezika u značenju šiljasta planina", Dykh-Tau (Dih Tau) s 5205 metara službeno je drugi najviši vrh kojega kontinenta?;EUROPA;NA
1870;Djelo Nekoliko napomena o paraboli (Nonnullae propositiones de parabola, 1603.) vezano je uz istraživanja paraboličnih zrcala, a donosi dokaz da su sve parabole jednako prikladne za konstrukciju paraboličnih zrcala, a ne samo presjeci uspravnoga, pravokutnog stošca. To je jedno od kapitalnih djela kojeg dubrovačkog matematičara?;Marin GETALDIĆ;NA
1871;U pekarskoj industriji Chopinov alveograf i Brabenderov farinograf uređaji su koji putem nekoliko parametara mjere kvalitetu i specifična svojstva - čega?;BRAŠNO;NA
1872;Pod kojim su imenom od 2016. godine poznati povjerljivi dokumenti pravne tvrtke Mossack Fonseca, koji su sadržavali 2,6 terabajta (oko 11,5 milijuna dokumenata) nekada tajnih podataka o offshore bankovnim računima kojima se svjetska elita služi za skrivanje novca?;PANAMA papers/PANAMSKI dokumenti;NA
1873;Poznat i kao „Big Ghita“, koje je nacionalnosti najviši igrač (231 cm) koji je ikad nastupio u NBA ligi igrajući tijekom devedesetih godina 20. st. za Washington Bullets/Wizards i New Jersey Nets?;RUMUNJ (Gheorghe Mureşan);NA
1874;U kojem je od četiriju konstitutivnih dijelova Ujedinjenog Kraljevstva,,nacionalno"jelo haggis, ovčje iznutrice s rezanim lukom, zobi i začinima punjene u ovčjem želucu?;ŠKOTSKA;NA
1875;U jugozapadnom dijelu koje se planine nalazi posebni rezervat šumske vegetacije Muški bunar? Uz Prašnik, ta vegetacija bukve i kitnjaka jedina je sačuvana sekundarna prašuma u panonskom dijelu Hrvatske.;PSUNJ;NA
1876;Prva nacionalna središnja banka i prva službena burza dionica na svijetu osnovane su početkom 17. stoljeća u kojem današnjem glavnom gradu?;AMSTERDAM;NA
1877;Analogija koja ima za cilj slikovito objasniti stav da teret filozofskog dokaza uvijek leži na osobi koja iznosi znanstveno neoborivu tvrdnju, a ne na osobi koja istu tvrdnju niječe, nazvana je „čajnikom"kojega slavnog filozofa i nobelovca?;Bertrand RUSSELL;NA
1878;U kojoj je državi zadarska grupa Riva izborila pobjedu na Eurosongu osiguravši time Jugoslaviji domaćinstvo 1990. godine?;ŠVICARSKA;NA
1879;Iako bi se po karakteru mogao svrstati u grupu plesova boogie/swing, koji ples - nastao u SAD-u ranih tridesetih godina 20. stoljeća - ipak pripada kategoriji natjecateljskih lationameričkih plesova?;JIVE;NA
1880;Napisana netom prije smrti 1849. godine i najvjerojatnije inspirirana njegovom suprugom Virginijom, Annabel Lee posljednja je dovršena pjesma kojega pisca?;Edgar Allan POE;NA
1881;Kako se zove velika kružnica na nebeskoj sferi kojom putuje Sunce tijekom godine, a nazvana je po tome što do pomrčine može doći samo kada je Mjesec u njezinoj blizini?;EKLIPTIKA;NA
1882;Prema grčkom korijenu riječi, pojam bibliosmija odnosi se na što točno?;MIRIS/AROMA KNJIGA;NA
1883;Nakon što je obolio od reumatoidnog artritisa, koju je spravu početkom osmislio 19. stoljeća učitelj tjelesne kulture Per Henrik Ling uvidjevši njezin terapeutski potencijal?;ŠVEDSKE LJESTVE;NA
1884;Koji pridjev nedostaje u plesu iz djela Vincenta iz Kastva (1474.), koje svjedoči o srednjovjekovnom videnju prolaznosti života?;MRTVAČKI;NA
1885;Kako se zove glazbeni žanr, preteča jazza, jednostavnih i vedrih melodija, koji je nastao pod utjecajem glazbe limenih orkestara i europskih narodnih pjesama te afroameričke bendžo-glazbe i duhovnih napjeva? Glavni su predstavnici Scott Joplin, Tom Turpin, Eubie Blake i Joseph Lamb.;RAGTIME;NA
1886;U spomen na datum potpisivanja deklaracije o slobodi afričkih medija u Windhoeku 1991. godine, u kojem se mjesecu svake godine obilježava Svjetski dan slobode medija?;SVIBANJ (3. svibnja);NA
1887;Psihodelični vestern El Topo iz 1970. godine ključno je ostvarenje podžanra acid western koje obiluje grotesknim i nadrealnim prizorima. Koji je redatelj pod utjecajem Federica Fellinija stvorio jedan od svojih najdojmljivijih filmova, u kojemu je među ostalim radio glazbu te ponio glavnu ulogu?;Alejandro JODOROWSKY;NA
1888;Smješten na obali rijeke Ozama, koji je karipski glavni grad nakon gotovo potpunog uništenja uraganom od 1930. do 1961. nosio ime Trujillo?;SANTO DOMINGO;NA
1889;Zgrada sjedišta kojeg njemačkog automobilskog diva predstavlja oblik glave motora s četiri vertikalna cilindra, za čiju je izgradnju 1972. godine zaslužan austrijski arhitekt Karl Schwanzer, a zgrada je zbog svoje specifičnosti 1999. dospjela na listu zaštićenih povijesnih građevina?;BMW;NA
1890;Razlikujući se u jednom slovu od imena i prezimena slavnog slikara nadrealizma i apstrakcije, kako se zove osvajač MotoGP svjetskog prvenstva 2020. godine, četvrti Španjolac s naslovom u najjačoj klasi?;Joan MIR;NA
1891;Iako mu jedna verzija imena dolazi iz švedskog za „težak kamen", kod nas i u nekim drugim jezicima poznatiji je po njemačkom prijevodu latinskog izraza lupi spuma, što bi značilo „vučja pjena“ – naziv koji je jednoj njegovoj rudi sredinom 16. stoljeća dao metalurg Georgius Agricola. O kojem je kemijskom elementu atomskog broja 74 riječ?;VOLFRAM;NA
1892;Uvrštena 2015. godine na UNESCO-ov popis nematerijalne svjetske baštine, uz koju se državu vezuje Španjolska škola jahanja?;AUSTRIJA;NA
1893;Nazvan prema mitološkom kiparu (naslovni lik drame slavnog irskog dramatičara) koji je napravio skulpturu prekrasne žene u koju se zaljubio i smatrao da je može oživjeti, kako se zove efekt „samoispunjućeg proročanstva"koji se odnosi na to da naša vlastita očekivanja o nekoj osobi izravno utječu na naše ponašanje prema njoj?;PIGMALIONOV efekt;NA
1894;Osim što povezuje Tirensko sa Sredozemnim morem, koja dva europska otoka razdvaja jedanaest kilometara širok prolaz Bonifacio?;SARDINIJA i KORZIKA;NA
1895;Egipatski faraon Ekhnaton, poznat i kao Amenhotep IV. (Amenofis IV.), vladao je od 1353. do 1336. pr. Kr. kao pripadnik koje po redu dinastije, poznate kao prve dinastije Novog Kraljevstva Egipta?;18.;NA
1896;Poznata i kao Fiammetta, napuljska plemkinja Maria d'Aquino bila je ljubav i muza kojega renesansnog pisca?;Giovanni BOCCACCIO;NA
1897;U početku neformalno okupljene od manje skupine članica ansambla LADO da bi za programske potrebe Radio Zagreba snimile obrade desetak narodnih pjesama, kako se od 1968. godine zove ženski vokalni ansambl koji je najprije nastupao pod imenom Devet mladih?;LADARICE;NA
1898;Akseli Gallen-Kallela, važna figura secesije i simbolizma, u svojim je radovima bio nadahnut mitološkim temama i krajolikom, a smatra se najglasovitijim slikarom koje države?;FINSKA;NA
1899;Vozeći se čamcem prema ljetnoj kraljevskoj rezidenciji Sanssouci s kraljem Fridrikom II. i primijetivši da kroz rupu u čamac prodire voda, jedan je slavni filozof i književnik u strahu za vlastiti život izjavio: „Postoji mnogo kraljeva, ali samo je jedan - tko", misleći pritom na sebe?;VOLTAIRE;NA
1900;Koje je sportsko natjecanje pokrenuto 1955. godine na prijedlog Gabriela Hanota, urednika sportskog dnevnika L'Équipe?;EUROPSKI NOGOMETNI KUP (LIGA) PRVAKA;NA
1901;Prema mjesecu u kojem je 1871. godine donesen, kako se naziva proglas Narodne stranke, tekst koji je napisao Ivan Mažuranić, a kojim se Hrvatsko-ugarska nagodba proglašava nezakonitom jer je sklopljena pod pritiskom i bez nazočnosti izabranih predstavnika hrvatskoga naroda?;RUJANSKI manifest;NA
1902;Nadimka „King of Cool", koji je glumac utjelovio naslovnog predvodnika pljačkaša banke u filmu Normana Jewisona Afera Thomasa Crowna iz 1968. godine?;Steve McQUEEN;NA
1903;Razvijenoj za konzolu Atari 2600, u kojoj je trkačkoj videoigri Todd Rogers trideset i pet godina držao rekord s vremenom 5,51 sekundu, što je najduži rekord nekog igrača u svijetu videoigara?;DRAGSTER;NA
1904;Kako se preziva kutjevački vinar čije je vino Venje (berba 1998.) 2004. osvojilo titulu svjetskog prvaka u kategoriji bijelih vina s na prvom ocjenjivanju uglednog britanskog časopisa Decanter cijenom nižom od deset funti?;ENJINGI;NA
1905;Poznat po svojim rudnicima, australski gradić Coober Pedy prozvan je glavnim gradom svijeta vezanim uz koji dragi kamen?;OPAL;NA
1906;Dan hrvatske diplomacije obilježava se 7. lipnja zbog povijesnog događaja iz 879. godine, kada je papa Ivan VIII. uputio pismo kojem hrvatskom knezu priznajući mu „,zemaljsku vlast nad cijelom Hrvatskom", što je bilo onodobno priznanje suverenosti?;BRANIMIR;NA
1907;Iako se bavi svim oblicima marketinških istraživanja od osnutka 1923. godine, Nielsen je diljem svijeta sinonim za istraživanje - čega? Najveća je i najznačajnija svjetska tvrtka na tom području. Svog;GLEDANOST TV programa/televizije;NA
1908;Slavni drvorez kojega se japanskog slikara i grafičara nalazio na naslovnici prvog izdanja notnog zapisa Debussyjeve trostavačne skladbe La mer iz 1905. godine?;Katsushika HOKUSAI (Veliki val kod Kanagawe);NA
1909;Sportaš hrvatsko-irskih korijena Paulo Radmilović na trima je uzastopnim olimpijskim igrama za Veliku Britaniju osvojio četiri zlatne medalje - rekord koji je nadmašio tek Steve Redgrave u Sydneyju. Dok su tri bila u vaterpolu, četvrto je zlato osvojio 1908. godine u kojem sportu?;PLIVANJE;NA
1910;Grifonija, grmolika biljka zapadne i središnje Afrike smatra se možda i najboljim prirodnim antidepresivom jer je njezina glavna aktivna tvar 5-HTP (5-hidroksitriptofan) aktivni prekursor kojeg neurotransmitera, obično smanjene koncentracije u osoba s depresijom?;SEROTONIN;NA
1911;Glazbena podloga koja je godinama krasila emisiju Pola ure kulture dio je arije Meco all' altar di Venere (izvodi je Pollione, rimski prokonzul u Galiji) iz prvoga čina koje slavne opere, vrhunca operne tradicije bel canto?;NORMA;NA
1912;Iako je dobio osam „kipića“, koju od pet glavnih kategorija na dodjeli Oscara film Zameo ih vjetar (1939.) nije osvojio, tako da je ipak ostao tik do trojca na vrhu sa svih pet glavnih nagrada?;Glavni GLUMAC (Clark Gable);NA
1913;Do 1990. godine poznata kao Truk, u kojoj se oceanijskoj federalnoj državi nalazi laguna Chuuk, nazivana i „grobljem brodova"zbog činjenice da je u napadu američkih snaga početkom 1944. potopljeno pedesetak japanskih brodova i srušeno više od dvjesto zrakoplova, od kojih je većina ostala prikovana za tihooceansko dno?;Savezne Države MIKRONEZIJE;NA
1914;Amerikanci od 1856. godine dolar u slengu nazivaju buck, a sama riječ potječe od izraza za kožu životinje koja je nekada služila kao sredstvo razmjene. Na koju se porodicu sisavaca iz reda parnoprstaša najčešće odnosio taj izraz?;JELENI/CERVIDAE (,,Buckskin");NA
1915;Uz to što je kao najmlađi dvije godine zaredom (2020., 2021.) osvojio Tour de France, koji je slovenski biciklist jedini koji je uspio osvojiti žutu, točkastu i bijelu majicu dvije godine zaredom?;Tadej POGAČAR;NA
1916;Godine 1952. Nobelova nagrada za medicinu ili fiziologiju dodijeljena je Selmanu Abrahamu Waksmanu za otkriće streptomicina, prvog antibiotika korištena u borbi protiv koje bolesti?;TUBERKULOZA;NA
1917;Koja je kći iz carske obitelji Romanov, o kojoj su kružile priče da je kao sedamnaestogodišnjakinja izbjegla smaknuće od strane boljševika, naslovna junakinja mjuzikla nastala adaptacijom istoimenog animiranog filma iz 1997. godine?;ANASTAZIJA;NA
1918;Koliko žica ima bajo sexto, meksička gitara tradicionalno vezana uz vjenčanja i razne plesne prilike u sjevernim područjima Meksika? Jedan je od najpoznatijih izvođača izvan Meksika multiinstrumentalist Ry Cooder.;12;NA
1919;Zbog strasti prema južnoameričkom nogometu, pod kojim je nadimkom bio poznat osebujni i legendarni novinar Sportskih novosti Zvonimir Magdić, autor brojnih tekstova i knjiga o nogometu?;AMIGO;NA
1920;Jedno od najvažnijih međuratnih ostvarenja francuske i svjetske kinematografije, koji je ratni klasik Jeana Renoira iz 1937. godine bio prvi film izvan engleskoga govornog područja nominiran za Oscara u kategoriji najboljeg filma?;VELIKA ILUZIJA;NA
1921;Često nazivan samo „il-Perit arhitekt"i općenito prihvaćen kao ključni element u uspostavi opsežne socijalne države i podizanju životnog standarda radničke klase, Dominic Mintoff je kao lider Laburističke stranke od 1971. do 1984. godine bio premijer koje europske države?;MALTA;NA
1922;S više od 150 većih i manjih slapova, koji je nekoć industrijski grad u kanadskoj provinciji Ontario na svjetskoj razini poznat kao glavni grad slapova"? Ime dijeli s prezimenom trofejnog vozača Formule 1.;HAMILTON;NA
1923;Koji pridjev, vezan za hrvatsku regiju, u nazivu ima kratkodlaki lovački pas iz skupine goniča, smatran najstarijom pasminom u Hrvatskoj i balkanskom susjedstvu?;ISTARSKI;NA
1924;S kojim nogometnim klubom i četverostrukim prvakom Europe ime dijeli konj koji je zajedno s džokejom Haroldom Bad- 2004. godine uvršten u australski Racing Hall of Fame? Kao čegerom osvajao brojna natjecanja i kao jedan od najuspješnijih trnaestogodišnjak je 1948. prodan u SAD, gdje je nastavio karijeru, a kasnije ga je kupio slavni pjevač Bing Crosby.;AJAX;NA
1925;Kako se u matematici naziva niz brojeva kod kojeg je količnik svakog člana i njemu prethodnog uvijek stalan broj – kvocijent q?;GEOMETRIJSKI NIZ/PROGRESIJA;NA
1926;Osnovana 1899. godine, kojoj je današnjoj tvrtki, lideru na američkom tržištu proizvodnje banana, prethodnica američka tvrtka United Fruit Company?;CHIQUITA Brands International;NA
1927;Tko je jedina osoba s nekadašnjim članstvom u Nacionalsocijalističkoj partiji Njemačke koja je pokopana sa svim počastima na brdu Sion pokraj Jeruzalema? Pogreb je održan na katolič kom groblju u listopadu 1974.;Oskar SCHINDLER;NA
1928;Koji je britanski pop/soul-bend nakon raspada punk-benda The Frantic Elevators u Manchesteru 1985. osnovao Mick Hucknall? Četvrti mu je album Stars iz 1991. dvije godine bio najprodavaniji album u Europi.;SIMPLY RED;NA
1929;Od 2004. godine na UNESCO-ovu popisu svjetske kulturne baštine kao najvažniji primjer sinteze romaničkih arhitektonskih elemenata i bizantske umjetnosti u jugoistočnoj Europi, kako se zove četrnaestostoljetni manastir na području zapadnog Kosova?;VISOKI DEČANI;NA
1930;Dolazeći od latinskih riječi za „sam"i osobno", kako se zove stajalište da ne postoji ništa drugo osim nečijega vlastitog uma i mentalnih stanja?;SOLIPSIZAM;NA
1931;Uz slovo B, kojim se troslovnim akronimom označava protein koji luči tkivo posteljice, a mnogi ga nazivaju i hormonom trudnoće te je upravo on glavni pokazatelj trudnoće?;HCG (humani korionski gonadotropin);NA
1932;Od strane Katoličke crkve propisana kao kanon, koju liturgijsku boju ruha kao simbol poniznosti i pokore svećenstvo nosi u vrijeme adventa i korizme, a može se uzeti u misama za pokojne i svečanosti pogreba?;LJUBIČASTA;NA
1933;Koji se oratorij iz 1648. godine, starozavjetna priča iz Knjige o sucima o naslovnom liku koji se zavjetovao Bogu na žrtvu prve osobe koja mu izide u susret pobijedi li u bitki, ali ga je na pobjedničkom povratku dočekala kći jedinica, smatra najpoznatijim djelom Giacoma Carissimija, najistaknutijeg rimskog skladatelja prve polovice 17. stoljeća?;JEFTA;NA
1934;U crnoj komediji Nježno srce ulogu svih rođaka, točnije devet članova obitelji D'Ascoyne, maestralno je izveo samo jedan glumac - koji?;Alec GUINNESS;NA
1935;Kako se zove znanstvenofantastična kriminalistička serija o obiteljima u gradiću Windenu, koje se nadu u prostorvremenskom misteriju koji zahvati tri generacije - svaku odvojenu 33 godine? Prva je to Netflixova serija originalno na njemačkom jeziku, a s prikazivanjem je počela krajem 2017. godine.;DARK;NA
1936;Kako se u grčkoj mitologiji zvala muza tragedije prikazivana s maskom tragična izraza i ovjenčana bršljanom ili vinovom lozom?;MELPOMENA;NA
1937;Kako se zovu nespolne generacije kod mnogih protista, gljiva i biljaka koje, za razliku od spolnih gametofita, u stanicama imaju dvostruki broj kromosoma, a završavaju razvojem nespolnih rasplodnih organa?;SPOROFITI;NA
1938;Nazvan po bogu iz mitologije Rapa Nui, kako se zove patuljasti planet i jedan od najvećih objekata u Kuiperovu pojasu?;MAKEMAKE;NA
1939;Vjerojatno najznačajnija ličnost suvremene britanske ozbiljne glazbe, koji je skladatelj i pijanist osnivač Engleske operne grupe te autor opera Silovanje Lukrecije, Gloriana, San ljetne noći - u kojoj je savršeno uspio dočarati magičnu atmosferu Shakespearova komada te dječje opere Mali dimnjačar?;Benjamin BRITTEN;NA
1940;Skovana 1996. godine, koja je engleska riječ u rječnike ušla s otprilike sljedećim objašnjenjem: „varati na internetu kako bi se od pojedinca saznali osobni podaci, pogotovo izdajući s uglednu tvrtku; sudjelovati u mrežnoj prijevari kojom se osobni podaci hvataju na udicu lažima"? se za;PHISHING;NA
1941;Koji je južnoamerički košarkaš uz Billa Bradleyja jedini osvajač NBA prstena, europskog klupskog naslova i zlatne olimpijske medalje, postigavši to u svega tri godine, od 2001. do 2004.?;Emanuel „Manu" GINÓBILI;NA
1942;Originalno objavljivan od 1904. do 1909. godine, koji je roman u četiri dijela najvažnije djelo poljskog nobelovca Władysłava Reymonta u kojemu se saživljava s mišljenjem i osjećajima seljaka te prikazuje njihovu duboku povezanost s prirodom i zemljom?;SELJACI;NA
1943;Izvedena krajem svibnja 1941. godine, Operacija Merkur bila je zračni napad osovinskih snaga na koji otok, gdje su Britanci imali strateški važnu bazu?;KRETA;NA
1944;Prema kolokvijalnom meksičkom izrazu za kostur, kako se zovu figure skeleta u haljinama, s nakitom, cvjetnim vrpcama i šeširima preko lubanje, tradicionalno izrađivane i korištene za vrijeme Dana mrtvih, manifestacije koja je od 2008. na UNESCO-ovu popisu nematerijalne kulturne baštine u Meksiku?;CALACA;NA
1945;Osnovan u Seulu 2010., a na sceni od objave prvog albuma 2 Cool 4 Skool tri godine kasnije, pod kojim je imenom poznat sedmeročlani južnokorejski boy band, nastao izvorno kao hip- -hop-grupa, čiji se glazbeni stil razvio u široku paletu žanrova, a tekstovi su im često društveno angažirani i dotiču se tema mentalnog zdravlja, tinejdžerskih problema, obrazovnog susta va i individualizma?;BTS/BANGTAN BOYS;NA
1946;Utemeljena 1974. godine, kako se zvala putujuća kazališna skupina koju je Relja Bašić uspješno vodio trideset godina?;TEATAR U GOSTIMA;NA
1947;Prema hebrejskoj riječi za,,osobu crne kože", koja je ujedno u Bibliji označavala najstarijeg Hamova sina i povijesnu zemlju južno od Egipta, kako se naziva grana afro-azijske jezične porodice, čiji se jezici govore uglavnom na Afričkom rogu (Somalija, Etiopija, Eritreja, Džibuti), dolini Nila (Sudan i Egipat) i dijelovima oko afričkih velikih jezera (Tanzanija i Kenija)?;KUŠITSKI jezici;NA
1948;Osim iznimnog umjetničkog djelovanja, koji je flamanski slikar imao i diplomatsku karijeru pa su mu tako španjolski kralj Filip IV. i engleski Karlo I. dodijelili viteški naslov?;Peter Paul RUBENS;NA
1949;Osnovan 1948. godine, kako se zove najstariji spomenik parkovne arhitekture u Hrvatskoj i jedini arboretum na hrvatskoj obali Jadrana, poznat po perivojima i zbirci sredozemnih i egzotičnih biljaka? Smješten je 19 kilometara sjeverozapadno od Dubrovnika.;Arboretum TRSTENO;NA
1950;Specijalizirani tekst koji se izgovara uz ritualne pokrete napisao je 1994. kralj Täufa'ahau Tupou IV., a riječ je o ratnom plesu sipi tau, koji prije svake utakmice izvodi nacionalna ragbijaška reprezentacija koje otočne države?;TONGA;NA
1951;Nazvan po grčkom otoku između Krete i Peloponeza pokraj kojega je 1901. godine pronaden, kako se zove antički mehanizam (uređaj) sa zupčanicima koji je izračunavao položaje tijela u Sunčevu sustavu, vrijeme pomrčina te olimpijskih igara, a smatra ga se najstarijim primjerkom analognog računala?;ANTIKITERA mehanizam;NA
1952;Osobito cijenjeno u Japanu, kojim se četveroslovnim imenom zove tamošnje jelo od izrazito otrovne ribe napuhače, za čiju su pripremu zaduženi samo educirani kuhari koji znaju ukloniti dijelove ribe kontaminirane tetrodoksinom?;FUGU;NA
1953;Smješten desetak kilometara od obale Francuske Gvajane, kako se zove najsjeverniji od triju otoka iz skupine Otoka spasa (Îles du Salut), gdje je do 1953. godine bila zloglasna francuska kažnjenička kolonija? Jedan od najpoznatijih zatvorenika toga otoka bio je Alfred Dreyfus.;VRAŽJI otok/Île du DIABLE;NA
1954;Najvažniji predstavnik novoatičke komedije i u vremenu na kon Aristofana najznačajniji komediograf stare Grčke, kako se zove Atenjanin čiji su radovi djelomično sačuvani, a medu naj poznatijima su Mrzovoljnik, Samljanka i Parničari?;MENANDAR;NA
1955;Virtuoz na kojem je instrumentu bio prerano preminuli osječ ki,maestro"iz 19. stoljeća Franjo Krežma - često usporedivan s najvećim izvođačima na tom instrumentu?;VIOLINA;NA
1956;Po kojem se nizozemskom fizičaru, koji je 1902. podijelio Nobelovu nagradu sa sunarodnjakom Hendrikom Antoonom Lorentzom, naziva pojava razlaganja spektralnih linija atoma u magnetskom polju, a kojim se mogu izmjeriti jakosti magnetskih polja Sunca i drugih zvijezda?;Pieter ZEEMAN;NA
1957;Nazvana prema baroknom slikaru koji je, kao majstor svjetla i sjene, u stvaranju svojih portreta koristio svjetlost koja je na tamnoj strani lica stvarala sjenu u obliku trokuta ispod oka, kako se zove vrsta osvjetljenja u portretnoj fotografiji, gdje model mora biti blago okrenut od izvora svjetlosti, tj. izvor svjetlosti mora se nalaziti iznad visine glave modela kako bi sjena od nosa padala dolje prema;REMBRANDTOVO osvjetljenje;NA
1958;Od perzijskog za „vodu“ i „ruku", kako se kod muslimana zove vjersko obredno pranje dijelova tijela vodom kako bi postigli čistoću prije obavljanja namaza? obrazu?;ABDEST/AVDEST;NA
1959;Najveći je primjerak zbirke meteorita u bečkom Prirodoslovnom muzeju u kojemu se veći dio čuva; pokraj kojega je mjesta u Hrvatskom zagorju - po kojemu nosi ime - u svibnju 1751. pao željezni meteorit, prvi ikad kojemu je pad dokumentiran te popraćen zapisnikom, a svjedočio mu je i velik broj ljudi?;HRAŠĆINA;NA
1960;Glazba kojeg se slavnog skladatelja - prema kojemu je Thomas Mann najvjerojatnije osmislio lik protagonista u svojoj noveli iz 1912. godine - koristi u filmu Luchina Viscontija Smrt u Veneciji?;Gustav MAHLER;NA
1961;Kojim se jednoznamenkastim brojem označava najviši indeks vulkanske eruptivnosti koji se najviše temelji na volumenu eksplodiranog materijala i visini erupcijskog oblaka, a često se takve eksplozije nazivaju apokaliptičnima? Supervulkan Taupo posljednji je takva tipa, koji je eruptirao prije 26 tisuća godina. nadimak (pridjevak) nosili neki bizantski carevi, a po-;8;NA
1962;Koji su tječe od običaja da su bizantske carice rađale u „grimiznoj (purpurnoj) dvorani"carske palače? i se u jednom slovu od naziva za žive mikroorganiz-;PORFIROGENET;NA
1963;Razlikujući me (dobre bakterije), kako se zovu neprobavljivi vlaknasti spojevi koji putuju probavnim traktom i služe kao hrana za gore navedene bakterije?;PREBIOTICI;NA
1964;Iz koje je države prvi bijeli sprinter, osvajač bronce na Olimpijskim igrama u Londonu u štafetnoj utrci 4 x 100 m, koji je istrčao 100 metara za manje od 10 sekundi (9,92 s), ostvarivši taj uspjeh 2011. godine?;FRANCUSKA (Christophe Lemaitre);NA
1965;Kojim se troslovnim rekurzivnim akronimom zove računalni operativni sustav koji je početkom 1984. godine pokrenuo Richard Stallman, nastao kao sustav kompatibilan s Unixom od kojega se razlikuje po tome što svojim korisnicima daje potpunu softversku slobodu?;GNU;NA
1966;Kako se zvao bogati pomorac i brodovlasnik s Lopuda i jedini pučanin kojemu je Dubrovačka Republika još 1638. godine podignula spomenik?;Miho PRACAT;NA
1967;Koji je klasik argentinskog stripa nastao 1957. godine i predstavlja nevjerojatno točno proročanstvo tragičnog nestanka više od trideset tisuća ljudi iz vremena vojne hunte u Argentini koja će uslijediti dvadeset godina poslije? Među nestalima se, nažalost, našao i autor stripa Hector German Oesterheld. The;ETERNAUT;NA
1968;Stihovima Imagine me and you, I do, I think about you day and grupe night, it's only right započinje koja pjesma i veliki hit Turtles, koja je trideset godina kasnije poslužila za engleski naslov filma Wong Kar-waija o turbulentnoj vezi dvojice muškaraca?;HAPPY TOGETHER;NA
1969;Kako se zove hrvatski slikar i grafičar koji je dizajnirao prvi dres hrvatske nogometne reprezentacije, jedan od najprepoznatljivijih hrvatskih brendova, prema kojemu su nastale sve ostale inačice dresa do danas?;Miroslav ŠUTEJ;NA
1970;Tradicionalno vijetnamsko varivo lâu gà den uz bambus, gljive, đumbir i ostalo divlje povrće kao glavnu namirnicu koristi kokoš gà den, čija je koža koje boje?;CRNA;NA
1971;Koji je čuveni američki boksač iz prve trećine 20. stoljeća i svjetski prvak u superteškoj kategoriji od 1919. do 1926. nosio nadimke,,Kid Blackie"i,,The Manassa Mauler"? Glumio je samog sebe u ulozi bivšeg prvaka u filmu The Prizefighter and Lady W. S. Van Dyka iz 1933.;William Harrison „Jack" DEMPSEY;NA
1972;Prema latinskom za onaj koji će se roditi", koji se izraz u nasljednom pravu koristi za začeto, a još nerođeno dijete za koje, ako se poslije rodi živo, vrijedi pravna fikcija da je već bilo rodeno u trenutku ostaviteljeve smrti kako bi moglo naslijediti imovinu isto kao već rođeno dijete?;NASCITURUS;NA
1973;Koja se crvena kapa nalazi na argentinskom grbu kao simbol slobode, iznad ruku u stisku?;FRIGIJSKA;NA
1974;Hvalisavac i zavidnik koji je stalno hvalio vladarovu sreću, kako se zvao dvorjanin sirakuškog tiranina Dionizija mladeg, čije ime u jednoj sintagmi označava nesigurnost koju donosi velika vlast, stalnu prijetnju i opasnost koja neprestano vreba?;DAMOKLO;NA
1975;Za kojega je autora opere Didona i Eneja odvjetnik i biograf Roger North u knjizi The Musicall Grammarian iz 1728. godine izjavio da je „najveći glazbeni genij kojega je Engleska imala"?;Henry PURCELL;NA
1976;Poznata kao jedino Michelangelovo djelo koje je za njegova života,,izašlo"izvan granica Italije, mramornu skulpturu Gospa s Djetetom kupili su 1504. bogati trgovci braća Mouscron i danas se nalazi u lokalnoj crkvi u kojem gradu, upravnom središtu provincije Zapadna Flandrija?;NA;NA
1977;Dok je poemu Jama već 1948. godine ilustrirao Pablo Picasso, koji je veliki pjesnik i jedan od osnivača nadrealističkog pokreta za francusko izdanje umjesto predgovora napisao pjesmu Grob Gorana Kovačića?;Paul ÉLUARD;NA
1978;Nazvan prema američkom ekonomistu i sociologu, kako se zove ekonomski paradoks, svojevrsna anomalija koja odražava veću potražnju za luksuznim proizvodom, osobito nakon rasta cijena i obrnuto, nisku potražnju takva proizvoda kada mu cijena pada?;VEBLENOV paradoks;NA
1979;Najzastupljeniji od triju estrogena koji cirkuliraju ženskim tijelom, kako se zove hormon „ženstvenosti", odgovoran za sekundarne spolne karakteristike žena? Proizvodi se u jajnicima tijekom reproduktivne dobi, a nakon menopauze u nadbubrežnim žlijezdama i masnom tkivu.;ESTRADIOL;NA
1980;Sa 7291 bodom više od trideset godina drži svjetski rekord u sedmoboju, a u skoku udalj drži drugo mjesto svih vremena. Kako se zove jedna od najboljih atletičarki u povijesti?;Jackie JOYNER-KERSEE;NA
1981;Osnovan u Los Angelesu 1994., koji je četveročlani metal-bend na svom prvom eponimnom albumu iz 1998. godine kombinirao žestinu punk-metala, političke tekstove i utjecaje armenskog folklora? Album je prošao gotovo nezapaženo dok na grupu pažnju nije skrenuo singl Chop Suey s početka novog tisućljeća.;SYSTEM OF A DOWN;NA
1982;Kako se u staroj Sparti zvao strogi režim obuke i obrazovanja s ciljem pretvaranja dječaka u ratnike? na-;AGOGE;NA
1983;Nazvan prema argentinskoj provinciji gdje mu je krajem šezdesetih godina 20. stoljeća fosilne ostatke pronašao paleontolog José Bonaparte, kako se zvao masivni biljojedni dinosaur iz kasnog trijasa, čiji kostur sugerira da se kretao sporo na sve četiri noge?;RIOJASAUR;NA
1984;Kako se zove kineski redatelj i producent, dobitnik glavnih grada s najvažnijih europskih filmskih festivala te autor drame Ju Dou, prvog kineskog filma nominiranog za nagradu Oscar, dok je 2016. režirao Kineski zid, svoj prvi film na engleskom jeziku? Izvan filmskih krugova postao je poznat po režiranju ceremonije otvaranja i zatvaranja Olimpijskih igara u Pekingu.;ZHANG Yimou;NA
1985;Poznati i kao praskavci, kako se zovu suglasnici koji se tvore tako da zračna struja tijekom artikulacije biva potpuno prekinuta, nakon čega se naglo probija stvarajući prasak? U hrvatskome jeziku takvi su suglasnici b, d, g, k, pit, a prema zvučnosti mogu biti zvučni i bezvučni.;OKLUZIVI;NA
1986;Ako ime dijeli s Rihanninom pjesmom s albuma Rated R supkulturne scene s kraja sedamdesetih godina prošlog stolje- (2009.), kako se nazivao delinkventni pripadnik britanske ća, nastale pod utjecajem migranata s Jamajke? Pojam se najče šće odnosio na tinejdžera osebujnog stila odijevanja povezanog s glazbenim žanrovima ragga i ska.;RUDE BOY;NA
1987;Koja je njemačka umjetnička klizačica na ZOI u Calgaryju nakon Sonje Henie postala prva pobjednica koja je u tom sportu uspjela obraniti olimpijsko zlato?;Katarina WITT;NA
1988;S kojim poznatim sveučilištem ime dijeli koktel u kojem se miješaju konjak, Martini Rosso, liker od gorke naranče i soda-voda?;HARVARD;NA
1989;Rođena u baranjskom Zmajevcu 1898. godine, najprije je pohadala školu Bauhaus, a zatim i predavala na njoj do zatvaranja; kako se zove hrvatska dizajnerica židovskog porijekla, čiji su tekstilni dizajni bili cijenjeni u industriji desetljećima kasnije, tragično skončala u Auschwitzu u travnju 1944., a upamćena je i kao jedina dizajnerica s Bauhausa koja je zaštitila svoj patent za tekstil?;Otti BERGER;NA
1990;Smješteno tristotinjak kilometara od jugozapadne obale indijskog kopna, koje je otočje od 12 atola i mnogo otočića najmanji teritorij u sklopu Indije?;LAKADIVI;NA
1991;Završivši turnir ispred Čehoslovačke i SSSR-a, ženska reprezentacija koje je afričke države na Olimpijskim igrama u Moskvi osvojila zlato u hokeju na travi? Ista je ekipa u svojim redovima imala i prvu strelkinju turnira - Patriciju McKillop.;ZIMBABVE;NA
1992;Kojega se zadarskog prirodoslovca (1845.-1908.), koji se tijekom znanstvene karijere bavio sustavnim proučavanjem živih i izumrlih mekušaca te ptica i sisavaca, smatra utemeljiteljem hrvatske zoologije i biologije mora? Suosnivač je Hrvatskog prirodoslovnog društva te pokretač njegova časopisa Glasnik (danas Priroda).;Spiridon (Špiro) BRUSINA;NA
1993;Smješten na samom vrhu savezne države Baja California, kako se zove drugi po redu meksički grad po broju stanovnika te ujedno najzapadniji grad Latinske Amerike?;TIJUANA;NA
1994;Koji je talijanski putopisac i prirodoslovac autor dvosveščanog djela Put po Dalmaciji, objavljenog 1774. godine - značajnog po etnografskim razmatranjima stanovništva u zaleđu Dalmacije, ali i po opisima geografskih i gospodarskih prilika toga područja? Zanimao se za narodne pjesme pa je tako Hasanaginicu objavio u izvorniku i na talijanskom jeziku.;Alberto FORTIS;NA
1995;Kako se zove brazilska varijanta snookera u kojoj se umjesto petnaest koristi samo jedna crvena kugla uz standardnih šest u bojama?;SINUCA Brasileira;NA
1996;Njemački psiholog Bert Hellinger devedesetih je godina prošloga stoljeća osmislio terapijski koncept s ciljem oslobađanja i razrješavanja problema u nama i u odnosima s drugima. Kako se zove taj koncept koji naziv dijeli s međusobnim položajem nebeskih tijela kakav se pričinja pogledom na zvjezdano nebo sa Zemlje?;Obiteljska/sistemska KONSTELACIJA;NA
1997;Prevedeno kao „dnevni izvještaji", u starome se Rimu od 59. godine pr. Kr. na javnim mjestima diljem Carstva, urezano u kamenu ili metalu, postavljao službeni oblik novina pod kojim nazivom?;ACTA DIURNA;NA
1998;Koje je olimpijske igre bojkotirala većina afričkih zemalja zbog nastupa Novog Zelanda koji je tijekom godina održavao sportske susrete s rasističkom Republikom Južnom Afrikom?;MONTREAL,;NA
1999;Osnovan u Wisconsinu 1946. godine, kako se zvao ženski vokalni kvartet specijaliziran za tradicionalnu popularnu glazbu, najčešće u izvedbama a capella? Najpoznatije su im pjesme Mr. Sandman i Lollipop.;The CHORDETTES;NA
2000;Jarkim bojama po tijelu neke su životinje razvile sposobnost obeshrabrivanja potencijalnih grabežljivaca, tako što jarke boje odbijaju neke predatore smatrajući da te obojene životinje kriju otrov ili neku drugu vrstu opasnosti. Kako se, prema grčkim riječima za „dalje“ i „znak", zove taj oblik znakova upozorenja koje neke životinjske vrste koriste kao zaštitu od mogućih napada?;APOSEMATIZAM;NA
